Transaction_ID,Date_ID,City_ID,Area_ID,Property_ID,Area_SqFt,Days_on_Market,Listing_Status,Demand_Score,Supply_Score,Risk_Score_Base,Price_per_SqFt,Property_Price,Rental_Income_Monthly
1,990,2,37,5,4044,84,Sold,80,62,17,18271,7543204,206773
2,403,5,35,4,3391,45,Active,30,94,44,16531,5197119,116542
3,22,5,39,5,4752,98,Sold,40,94,57,17944,3599459,144290
4,204,5,21,1,3578,143,Sold,40,98,57,15034,4358235,123083
5,48,4,14,2,3658,32,Active,74,59,16,16128,3711971,291486
6,785,4,19,5,4225,162,Active,72,57,22,18080,6714221,270389
7,525,4,10,1,3057,194,Sold,76,53,18,16666,5688118,233645
8,350,5,28,1,3195,192,Sold,35,96,41,17446,4984248,98259
9,108,4,8,5,3102,19,Active,76,56,18,16832,3960846,194872
10,394,4,36,3,3061,75,Sold,65,60,23,17161,5162916,236447
11,845,3,32,1,4747,145,Sold,64,71,26,18237,6963546,322036
12,623,3,19,1,4422,56,Sold,62,73,26,15772,6084608,216728
13,655,2,35,2,4962,171,Sold,76,55,13,17805,6220972,335364
14,637,1,29,2,3813,167,Sold,90,21,10,17060,6142214,343208
15,277,4,22,5,4827,159,Sold,76,51,20,18198,4666066,282577
16,310,8,12,2,4569,100,Sold,42,89,45,15315,4809630,153802
17,828,2,17,4,3845,121,Active,72,63,19,15423,6896939,276902
18,36,1,13,2,3543,197,Sold,99,25,6,15102,3662916,335363
19,261,5,8,2,4196,109,Sold,30,99,47,15628,4597659,131008
20,457,1,32,2,4914,12,Active,88,31,5,15180,5400990,468894
21,1008,4,11,2,4767,130,Sold,75,51,21,15110,7618361,322428
22,974,6,29,5,4932,50,Active,42,93,38,18370,7480198,150781
23,435,7,29,1,3395,47,Sold,43,93,55,15119,5317731,106297
24,40,2,35,4,3662,173,Sold,72,59,15,15298,3674167,246661
25,461,5,15,5,4872,140,Sold,35,87,43,18404,5415841,158593
26,848,4,11,2,4616,58,Active,71,66,17,15227,6977047,343477
27,567,6,14,5,4898,195,Sold,43,96,55,15617,5857785,158078
28,679,5,4,3,4638,146,Sold,36,95,55,16037,6305580,153314
29,374,6,29,3,4270,176,Sold,33,84,53,16773,5071107,134727
30,711,6,23,5,3528,36,Sold,39,96,47,18314,6428892,116078
31,45,5,7,1,3084,91,Sold,35,80,58,15723,3700720,95900
32,988,6,3,3,3344,10,Active,34,90,48,15990,7538253,108125
33,648,8,26,3,3744,40,Sold,43,93,40,16094,6187668,133653
34,496,3,7,5,3403,49,Sold,54,72,18,15040,5571557,177696
35,198,1,5,5,3535,174,Sold,89,32,5,15474,4331683,426206
36,101,3,13,3,3969,168,Sold,52,77,27,18217,3921242,237111
37,1002,4,29,4,3099,171,Active,68,51,22,16312,7592259,244144
38,170,8,35,3,4619,77,Sold,39,95,47,17965,4212421,140528
39,30,7,3,5,4031,32,Sold,43,92,56,16581,3638163,142367
40,283,4,13,4,3650,53,Sold,72,50,24,15149,4688118,202982
41,191,6,35,3,3579,98,Sold,32,91,46,17094,4298829,122659
42,727,3,1,4,4543,142,Sold,50,74,19,18130,6490099,219634
43,1037,6,19,1,3210,77,Sold,31,91,47,15418,7744374,111875
44,647,5,25,5,3465,87,Active,37,92,36,16002,6186318,123368
45,444,7,39,3,4788,134,Sold,42,98,56,15620,5354185,163836
46,107,2,3,5,4667,122,Active,80,55,19,17010,3957245,311701
47,498,2,8,5,3235,113,Active,75,62,17,15467,5580558,180761
48,487,2,39,5,3491,90,Sold,84,52,15,15401,5528352,201879
49,530,8,13,3,4174,106,Sold,40,83,43,18034,5710621,135430
50,1030,4,11,2,4913,61,Sold,65,52,20,18008,7705220,277535
51,848,1,12,1,4562,193,Sold,91,23,6,16627,6977497,396871
52,50,7,22,4,3672,23,Sold,39,83,59,16192,3725022,117768
53,1001,8,7,5,3944,118,Sold,32,97,57,15456,7584158,140556
54,989,5,33,3,4260,119,Sold,39,88,42,15149,7540954,133951
55,183,2,19,5,3436,91,Sold,74,48,12,15557,4268226,177590
56,422,7,33,4,3281,141,Sold,34,93,36,15589,5261926,114093
57,600,2,38,5,3334,95,Sold,73,60,12,18004,5999549,210341
58,476,5,28,4,4906,181,Sold,43,84,39,18018,5481998,169993
59,589,3,28,3,3926,53,Sold,51,88,22,16629,5955895,260938
60,234,3,4,2,3053,57,Active,56,80,18,15058,4483348,160475
61,332,3,34,3,3474,80,Sold,57,73,20,15007,4901440,180114
62,775,5,1,3,3055,14,Active,35,93,49,16376,6665166,109699
63,226,4,10,1,4227,196,Sold,79,51,20,15840,4443744,323763
64,470,7,2,1,4596,89,Sold,42,95,54,17073,5461746,155841
65,86,2,17,4,4793,199,Sold,82,64,15,16403,3869486,272407
66,477,6,32,5,3190,193,Sold,30,92,48,16871,5489648,103056
67,248,3,17,4,3561,60,Sold,54,73,21,15435,4538253,185024
68,933,3,40,2,3975,50,Active,59,82,26,15363,7311881,229583
69,86,5,11,3,3036,77,Sold,44,98,51,16345,3870387,91748
70,912,8,13,4,4121,85,Sold,35,87,37,17181,7229522,126416
71,851,4,33,5,4483,96,Sold,66,57,15,18076,6988748,278569
72,576,2,1,2,4953,197,Active,80,59,16,17433,5900540,311138
73,401,4,7,2,3687,114,Sold,65,53,24,15420,5188568,296945
74,1060,7,36,2,3399,180,Active,38,83,37,16103,7853735,107211
75,289,2,29,2,4934,25,Active,84,59,17,17078,4711521,377625
76,630,1,15,1,4230,149,Active,94,25,6,15691,6112961,408396
77,728,7,10,2,3924,158,Sold,36,86,38,16578,6495049,131164
78,992,4,14,3,4576,169,Active,76,50,15,16193,7551305,311671
79,162,5,14,3,4546,117,Sold,44,85,46,15848,4178217,150573
80,46,1,17,5,4332,27,Sold,92,22,9,16441,3703420,405421
81,476,1,22,2,3088,169,Sold,93,33,6,15491,5482448,311324
82,399,2,10,2,4452,51,Sold,81,57,16,15109,5182268,239165
83,46,6,3,1,3179,153,Sold,40,80,47,15599,3706570,98314
84,874,8,12,1,3924,99,Sold,37,89,46,17638,7075607,138596
85,1067,3,35,4,4403,112,Sold,60,71,21,17810,7879387,240087
86,865,8,15,1,4706,149,Sold,40,97,54,16481,7036003,143439
87,291,5,4,2,3328,138,Sold,43,97,36,15667,4717371,107335
88,184,7,6,4,4792,9,Sold,44,92,44,17299,4270027,166349
89,231,1,29,3,3793,80,Sold,94,24,6,15376,4469396,337767
90,915,6,1,4,3013,15,Sold,41,96,54,15028,7239423,102924
91,266,7,13,4,3023,84,Active,31,84,35,17654,4620612,95255
92,270,2,24,5,4338,83,Active,78,59,17,15582,4637263,284967
93,2,1,25,2,4774,23,Sold,98,29,9,16926,3507650,606823
94,911,2,35,3,4511,164,Active,82,60,16,15458,7223672,309619
95,209,1,8,1,3985,137,Active,98,26,9,16252,4385238,309087
96,561,1,3,2,3124,120,Sold,95,29,11,15618,5834383,386642
97,1007,4,5,5,3598,15,Sold,75,56,22,15129,7610711,191351
98,980,2,40,5,3713,192,Sold,72,49,18,15421,7500450,218761
99,256,3,1,5,4137,34,Sold,56,80,25,17962,4571107,265880
100,577,7,15,5,4275,29,Sold,41,98,52,16412,5901890,132799
101,462,8,37,2,4643,37,Sold,42,97,57,17231,5425292,155448
102,540,3,9,2,3255,76,Active,63,78,22,16512,5746624,198644
103,157,1,39,2,4221,53,Sold,89,27,8,17021,4157965,424622
104,1033,7,9,5,4070,181,Sold,42,85,51,18150,7720522,146349
105,613,5,17,1,4339,52,Sold,42,94,50,17844,6050405,144792
106,429,1,15,5,4339,152,Sold,93,19,11,18371,5291179,333246
107,823,4,3,1,3202,187,Active,70,53,22,16433,6869936,225754
108,520,4,18,5,4755,163,Sold,67,57,19,18038,5664266,275583
109,754,1,15,2,3864,107,Active,94,25,7,15188,6587758,530547
110,144,6,6,4,4555,149,Active,44,86,49,18202,4102160,158705
111,1005,2,38,5,4835,42,Sold,76,55,14,17725,7602160,321879
112,1069,1,17,3,4056,135,Sold,91,26,6,16343,7886138,480403
113,522,6,19,4,3336,149,Active,41,93,52,15858,5676867,108820
114,441,8,11,4,4129,82,Sold,32,85,42,18127,5342934,129931
115,995,3,27,2,3060,7,Sold,50,80,20,17234,7559855,193480
116,177,6,29,1,4072,125,Sold,39,89,49,15892,4239873,128309
117,640,1,28,5,3796,18,Sold,90,25,11,15352,6153915,417902
118,918,3,39,5,3444,83,Sold,64,80,27,17828,7254725,182174
119,145,2,24,1,4075,86,Sold,78,56,16,17884,4108910,293739
120,12,3,16,5,3074,86,Active,50,78,18,17965,3553105,153670
121,809,7,3,4,3644,55,Sold,33,87,51,16117,6810531,121906
122,70,1,30,1,4992,131,Sold,95,18,7,18467,3800630,477684
123,50,1,23,4,4269,192,Active,94,28,9,17108,3724572,533177
124,367,4,31,2,3553,143,Sold,76,56,15,15062,5042754,214500
125,491,1,20,3,4573,61,Sold,96,32,6,17551,5546354,595313
126,437,1,25,5,3939,169,Sold,96,27,9,18361,5325832,507668
127,648,6,31,3,4192,111,Sold,36,82,58,16440,6189018,132643
128,93,2,36,1,4539,137,Active,76,50,18,17954,3895139,287584
129,691,2,16,3,3218,72,Active,83,52,16,17638,6358685,200112
130,847,4,27,4,3370,146,Active,68,53,20,16083,6969396,257862
131,560,7,39,3,3261,44,Sold,42,91,42,15663,5827632,99617
132,959,2,34,2,4054,151,Sold,76,55,15,16722,7412691,300228
133,462,1,36,5,4758,46,Sold,89,29,8,17035,5420342,416777
134,1092,2,15,2,4301,183,Active,79,59,15,18189,7979297,327540
135,1058,5,10,4,3063,178,Sold,44,93,56,15063,7847434,109790
136,332,5,22,5,3307,106,Sold,43,98,59,15272,4903690,113205
137,1093,7,8,3,4976,195,Active,39,81,36,15577,7986048,168756
138,231,5,5,3,4019,177,Sold,39,86,52,15554,4469846,141951
139,608,7,23,1,3551,102,Sold,31,83,36,17811,6027002,127438
140,764,7,37,1,3124,124,Sold,31,80,38,15359,6623312,99037
141,1010,2,27,5,3784,22,Sold,84,46,13,18138,7627812,271958
142,79,6,22,5,3369,164,Sold,41,92,57,16998,3839783,106757
143,428,1,6,1,4163,115,Sold,99,25,9,15639,5288928,528264
144,381,2,36,5,3498,149,Active,80,46,13,15129,5099909,201324
145,1004,1,28,4,3111,24,Sold,89,22,11,15473,7600360,405262
146,521,1,2,4,3375,96,Sold,89,27,9,16950,5670567,398714
147,866,7,27,5,3141,63,Sold,32,91,58,16360,7037353,96737
148,407,7,17,1,3966,120,Sold,32,98,43,15908,5211071,134598
149,185,6,26,5,3954,98,Sold,38,99,43,16482,4276777,133621
150,182,6,13,2,4026,160,Sold,41,96,48,16147,4262826,142142
151,261,8,29,2,3100,71,Active,39,83,35,17277,4594059,99969
152,45,4,2,1,4599,116,Active,65,63,19,15230,3700270,357423
153,812,4,21,5,3078,99,Sold,72,61,18,17222,6819981,258186
154,434,5,9,2,4645,114,Active,44,83,48,17483,5312331,160615
155,275,5,34,1,3389,97,Sold,43,91,49,17369,4657965,103419
156,185,1,30,3,4769,82,Sold,99,19,7,17476,4278577,618635
157,662,6,16,2,3354,98,Sold,33,86,39,17254,6246624,112185
158,122,6,18,4,3847,21,Sold,41,95,47,16091,4018451,115987
159,19,2,32,2,4825,18,Sold,81,60,13,16253,3586858,323713
160,966,3,15,5,3641,83,Sold,61,72,23,17874,7443744,242928
161,248,5,8,3,3130,181,Sold,33,96,43,17794,4540054,99503
162,6,6,28,2,3749,144,Sold,30,90,44,17313,3528802,132415
163,939,1,1,5,4666,182,Active,94,31,11,16848,7333033,378074
164,943,8,32,2,3982,67,Sold,30,96,39,15389,7350585,136192
165,1093,3,10,3,4195,57,Sold,63,76,27,17216,7984248,228987
166,239,8,33,2,4159,114,Sold,41,98,56,15476,4497749,128072
167,103,7,15,2,3742,48,Sold,36,88,45,16591,3932943,127475
168,909,2,13,1,4456,135,Sold,77,64,16,18282,7210621,268426
169,823,3,24,1,4524,102,Sold,63,78,20,16079,6869036,287176
170,92,8,35,1,3284,91,Sold,31,86,43,15419,3891539,104911
171,1020,8,23,1,3700,111,Sold,44,80,42,17731,7661116,112369
172,440,7,39,3,4043,54,Active,40,98,39,15988,5338883,122568
173,1041,7,3,3,3247,199,Sold,34,96,50,17072,7756975,97865
174,495,3,2,3,3277,10,Active,55,84,24,15278,5567506,183627
175,646,7,11,4,3704,175,Sold,37,87,57,16316,6180018,121491
176,105,8,8,3,3268,19,Sold,44,98,36,15323,3942844,105720
177,606,5,19,2,3227,43,Sold,36,84,56,16792,6022952,104471
178,74,1,32,5,4084,15,Active,88,28,6,16786,3815031,401896
179,696,1,36,1,4042,198,Active,92,24,10,16107,6376237,453664
180,296,1,37,4,3841,125,Sold,89,25,9,15810,4749324,397217
181,967,2,19,2,4857,20,Sold,78,64,19,17276,7448694,309513
182,550,7,36,4,4157,138,Sold,39,84,51,15809,5786678,139908
183,343,5,19,3,3248,64,Sold,40,91,40,17500,4952745,114070
184,815,6,18,2,4505,196,Sold,41,94,43,16878,6833033,150936
185,676,8,23,2,4139,95,Sold,33,99,46,15836,6296579,139219
186,917,6,18,5,4123,142,Active,34,84,49,15097,7248874,131285
187,897,5,11,3,3699,63,Active,32,98,35,17170,7169666,124175
188,213,3,2,3,3045,95,Active,50,74,20,15017,4398289,184454
189,546,5,16,1,4370,80,Active,37,89,46,15804,5768226,136029
190,268,7,33,1,4170,163,Sold,30,98,57,17224,4628262,139753
191,304,8,19,2,4963,181,Active,34,82,53,18355,4779477,165208
192,1061,1,34,4,3088,86,Active,97,29,11,15248,7858235,241428
193,457,3,7,5,4064,91,Active,58,86,18,18001,5399189,227246
194,712,1,18,4,4030,55,Sold,97,28,8,18244,6433843,330964
195,822,1,27,2,3265,172,Active,95,31,6,17505,6860936,264800
196,776,6,39,3,3120,47,Active,37,92,59,17622,6671017,109899
197,406,1,15,3,3447,146,Sold,93,33,8,16666,5207020,342718
198,127,4,39,2,3500,12,Sold,79,65,22,15099,4037353,242783
199,435,8,13,3,4716,85,Sold,31,96,45,18154,5313681,164371
200,228,1,33,5,4542,38,Active,97,27,9,16804,4454995,410801
201,895,3,5,3,3380,146,Active,57,75,23,17558,7162016,234988
202,850,6,33,1,3268,48,Sold,40,86,58,16131,6985598,100818
203,777,2,39,4,3263,51,Sold,77,58,19,18164,6673267,169307
204,885,2,1,5,4518,81,Sold,74,48,17,16246,7120612,349366
205,720,4,32,2,3278,40,Sold,68,58,17,16723,6463096,244696
206,988,2,7,5,4653,190,Active,78,52,15,16075,7536003,344210
207,444,3,23,4,3671,27,Sold,50,72,18,17275,5356435,233605
208,104,2,27,3,4640,67,Sold,74,48,12,15150,3938343,270013
209,585,6,21,4,4624,29,Active,34,81,43,15300,5939243,154377
210,910,2,2,1,3201,145,Active,80,53,15,15411,7216921,245240
211,196,7,2,2,4248,127,Sold,40,81,43,17676,4319531,140702
212,609,7,36,4,4607,173,Sold,38,89,58,15315,6031053,138966
213,731,3,25,1,4272,164,Sold,60,76,20,17916,6504950,274215
214,338,8,12,2,4948,71,Sold,30,81,36,17778,4934293,169875
215,130,3,11,1,3616,26,Sold,50,86,24,16187,4048154,180788
216,806,8,22,5,4752,86,Sold,33,95,38,17319,6798829,152511
217,951,7,3,1,4847,56,Sold,41,81,46,17241,7377587,164817
218,497,5,34,3,4878,105,Sold,39,99,48,18090,5573357,151316
219,970,7,13,2,3958,196,Active,31,95,49,15448,7461746,136891
220,860,8,5,4,3416,105,Active,41,83,41,16029,7019801,118262
221,724,3,22,2,3362,142,Active,63,84,18,15338,6477947,173501
222,853,7,31,5,4978,7,Active,30,99,45,15974,7000000,164483
223,137,5,34,2,3620,160,Active,30,92,48,16458,4076057,126823
224,945,2,19,3,3091,62,Active,84,51,13,15427,7356435,232191
225,255,1,29,3,3534,92,Active,91,32,9,16979,4568406,437651
226,891,8,25,3,4654,189,Sold,34,95,40,15096,7144464,141100
227,750,7,26,1,4919,130,Sold,35,85,56,16305,6575607,176897
228,835,4,14,4,3331,26,Active,75,55,15,15684,6927992,207580
229,938,8,27,1,3889,12,Sold,36,96,54,17383,7332133,127637
230,1053,8,22,3,4491,155,Sold,44,93,45,16785,7820432,138305
231,80,7,21,3,3707,24,Active,36,84,54,16442,3845184,126053
232,1013,8,21,5,4431,78,Sold,35,88,39,15361,7636363,146781
233,430,8,1,3,3621,144,Sold,44,94,39,15868,5297029,112150
234,330,1,35,1,4362,188,Active,88,31,10,17480,4894689,452525
235,874,7,23,5,3455,99,Active,42,83,36,17501,7076507,108266
236,1066,8,1,3,4666,73,Active,44,91,48,17366,7877587,153754
237,293,8,13,4,3028,115,Sold,35,94,49,17751,4733123,90852
238,425,8,25,1,3946,182,Sold,38,98,57,17586,5275427,129042
239,781,2,21,1,3409,116,Sold,74,57,12,18034,6690369,219635
240,677,6,22,1,4520,136,Active,37,91,38,16215,6300180,135980
241,710,7,27,1,4140,116,Sold,38,81,35,16046,6423492,144900
242,60,2,24,1,4546,82,Sold,72,45,17,15037,3765076,326914
243,166,1,24,5,3511,70,Sold,88,30,7,16495,4191719,462249
244,15,7,18,2,4151,89,Sold,33,81,55,18495,3564356,143492
245,997,7,27,4,3161,46,Sold,33,88,50,15384,7569756,102454
246,660,8,14,5,3014,27,Sold,42,90,40,16410,6238973,101843
247,179,6,36,5,3859,172,Sold,33,83,37,15989,4248424,123002
248,365,1,23,4,4651,119,Sold,96,28,9,15043,5036453,590956
249,294,6,19,2,4026,161,Active,36,81,37,17763,4736273,131175
250,495,4,40,1,4241,146,Sold,69,62,21,15117,5560756,245482
251,344,4,1,2,4761,105,Sold,65,54,23,17933,4959045,382211
252,593,2,16,4,3332,91,Active,77,46,14,16582,5971197,181377
253,960,5,32,5,3208,96,Sold,37,82,49,15895,7416741,113242
254,843,5,29,5,4106,54,Sold,35,85,40,16983,6955895,146494
255,837,6,2,4,3604,82,Active,34,97,42,15633,6937443,121945
256,617,4,36,4,3697,44,Sold,77,66,19,17080,6063456,218936
257,136,8,31,2,3024,63,Active,40,92,58,16906,4071107,90768
258,235,3,17,4,3226,30,Active,51,81,21,18340,4485148,192930
259,827,2,21,5,3033,167,Sold,77,64,17,16763,6891089,176965
260,625,3,38,4,3519,198,Sold,57,74,20,15312,6088208,168980
261,259,1,15,4,3454,66,Sold,97,25,11,17549,4586858,320661
262,808,2,16,5,3983,41,Active,72,51,17,18435,6804230,304472
263,953,4,32,5,3007,148,Active,70,63,21,17036,7387938,217068
264,626,6,31,5,3528,33,Active,42,94,53,17356,6091809,119980
265,890,2,27,5,4450,67,Sold,82,55,15,17345,7143114,321393
266,235,6,14,4,3028,134,Sold,33,91,54,15227,4484248,95412
267,671,7,1,4,4188,148,Active,43,88,50,17899,6276777,131922
268,115,3,33,2,4752,73,Sold,50,88,21,16306,3990999,259239
269,163,5,27,5,3734,172,Active,34,90,54,15905,4181368,133222
270,85,4,27,5,3956,23,Sold,74,61,24,17301,3862286,296055
271,402,2,21,1,3130,131,Active,75,51,16,15890,5194869,199644
272,1,2,17,3,3404,46,Sold,72,62,15,16198,3500900,205874
273,897,5,8,2,4630,99,Active,41,86,51,16040,7166966,144567
274,227,3,14,2,4127,39,Sold,64,80,18,15820,4450495,275195
275,157,6,15,3,4270,176,Active,34,82,50,16626,4158865,131806
276,426,7,3,2,3876,83,Active,43,87,50,15090,5277677,119714
277,854,4,32,2,4737,11,Active,67,65,17,16921,7002700,340410
278,999,4,27,1,4116,159,Active,66,65,15,16909,7577407,345024
279,215,1,23,1,4397,144,Sold,88,21,6,16265,4403690,561266
280,244,6,5,2,4549,120,Sold,41,89,36,18213,4525202,152883
281,1036,2,37,2,4885,189,Active,80,54,18,17511,7737623,326097
282,407,3,38,4,4813,43,Sold,57,75,23,15035,5211521,281972
283,925,5,1,4,4234,192,Sold,41,90,44,15823,7272277,147301
284,835,2,32,3,3080,137,Sold,83,59,15,17755,6927092,177534
285,94,1,38,1,4569,51,Active,92,18,8,17934,3899639,452274
286,311,2,39,5,3843,37,Sold,73,54,16,16701,4813681,231865
287,683,3,30,5,3911,27,Sold,53,70,23,18079,6329432,254747
288,91,7,33,2,3043,137,Sold,36,84,52,15579,3886138,91722
289,146,6,26,2,4358,74,Active,42,94,46,17882,4112061,139404
290,145,1,25,1,3448,23,Active,99,21,8,17977,4108460,261936
291,1081,1,4,4,3010,100,Active,99,28,6,16306,7938343,329776
292,246,5,5,4,4946,86,Sold,41,89,54,16651,4535103,161665
293,767,4,26,3,3812,182,Sold,70,55,16,18208,6637263,293591
294,175,7,6,1,4033,91,Active,39,84,39,16972,4230423,129266
295,1092,2,29,1,3278,118,Sold,84,45,16,15901,7977497,248496
296,943,6,17,5,4572,101,Sold,31,88,40,16414,7349684,148352
297,797,8,30,2,3128,181,Active,42,85,44,17647,6765526,108266
298,293,3,20,1,4698,28,Sold,54,86,23,17349,4734473,252805
299,1056,6,10,2,4999,65,Sold,31,82,47,18024,7835283,161258
300,553,4,22,1,4779,130,Sold,79,52,17,16849,5797479,282260
301,635,8,37,1,3959,56,Active,42,95,57,17392,6130513,128691
302,918,5,22,1,4518,139,Active,36,83,39,15132,7252025,159034
303,256,2,1,3,4855,109,Active,72,64,17,15486,4574707,297464
304,321,1,39,1,3268,23,Sold,98,31,6,16238,4851935,300133
305,1053,3,15,1,4013,142,Active,59,87,25,17624,7819981,251683
306,1032,5,35,2,4516,40,Sold,44,91,47,17106,7713321,142335
307,556,5,16,1,3987,48,Active,34,81,51,18388,5811881,138421
308,134,5,2,4,3604,10,Sold,41,93,47,17422,4061656,117519
309,602,3,15,5,3845,141,Sold,50,86,19,15277,6004050,232644
310,1010,4,33,2,4697,122,Sold,68,62,20,17880,7626462,298508
311,90,5,31,2,4860,29,Active,31,94,47,17678,3882538,157367
312,1015,7,10,3,3904,17,Active,34,85,42,18126,7642664,140232
313,1046,4,8,4,4894,25,Sold,78,51,19,17917,7783528,278792
314,615,4,9,2,3025,122,Active,69,52,15,17150,6054905,196652
315,108,8,30,3,3243,13,Active,33,90,36,18007,3959045,110580
316,166,5,5,5,3483,82,Sold,43,93,56,16402,4193069,108941
317,581,2,12,4,4455,103,Active,74,60,15,15494,5920792,289484
318,414,7,15,2,3408,168,Sold,32,99,58,16186,5237623,121141
319,33,3,25,3,3493,36,Sold,60,84,22,18198,3650765,231421
320,832,7,13,1,3283,35,Sold,31,85,42,17684,6914941,113815
321,11,7,29,1,4961,86,Sold,35,89,39,18163,3551755,171482
322,676,3,11,1,4238,173,Sold,50,75,20,18152,6293879,245180
323,930,7,30,2,4447,140,Sold,35,84,45,18051,7299279,150691
324,625,6,22,5,4613,40,Sold,44,99,39,16400,6089558,142625
325,513,8,7,2,4964,58,Active,41,97,39,15700,5633213,150767
326,83,4,31,1,4218,116,Sold,79,69,18,18387,3856885,320106
327,15,3,26,3,3893,63,Sold,61,77,26,18239,3569306,264612
328,323,7,36,5,4524,127,Sold,43,92,35,16948,4861386,159109
329,905,7,7,1,3679,80,Sold,34,92,51,17498,7198019,115881
330,155,4,20,4,3463,162,Active,70,63,16,15518,4149864,233501
331,616,3,31,2,3724,58,Sold,52,81,26,17346,6060756,255520
332,536,7,23,2,4952,94,Sold,37,99,35,16025,5735823,162812
333,892,2,29,4,4992,126,Sold,78,60,19,16681,7148514,340508
334,866,3,7,2,4700,115,Active,50,80,24,17010,7040954,311900
335,827,8,19,4,3678,19,Sold,37,98,59,15005,6890189,129878
336,555,4,8,4,3860,174,Sold,79,69,22,17261,5802880,227238
337,1072,3,32,5,3343,179,Sold,53,84,20,18031,7901440,221472
338,855,4,36,3,4616,15,Active,75,67,23,16194,7005400,261081
339,898,8,9,2,3625,198,Sold,36,83,43,15470,7170567,123163
340,687,1,33,2,3117,77,Active,90,25,8,16255,6345184,342465
341,382,2,25,3,4937,55,Sold,76,48,12,15389,5102160,367265
342,292,1,28,3,3970,32,Sold,99,27,10,15357,4722772,437812
343,151,8,30,1,4709,154,Sold,31,87,54,17401,4130963,144190
344,629,6,31,1,4292,32,Sold,31,80,45,18070,6105760,146743
345,602,6,35,5,4422,149,Sold,37,91,42,18063,6006300,154478
346,794,8,17,2,4918,120,Sold,34,98,41,17859,6752025,158694
347,543,8,22,1,4719,121,Active,41,92,42,17729,5756075,150574
348,589,5,30,3,4392,138,Active,39,91,59,15948,5954095,150075
349,762,4,33,2,3002,139,Sold,78,63,17,18216,6619261,162554
350,249,8,25,4,3690,98,Sold,39,94,47,17658,4544554,118892
351,444,1,6,5,3222,175,Active,97,26,6,16711,5354635,380647
352,601,6,18,3,4488,14,Active,34,87,42,17508,6002700,146390
353,156,7,34,1,3916,49,Sold,38,81,40,16873,4150765,129471
354,819,6,22,4,3514,118,Sold,34,86,39,18385,6850585,108906
355,403,3,11,2,3438,71,Sold,54,73,27,18146,5198469,185784
356,486,5,21,2,4126,121,Sold,34,92,39,16189,5526102,140474
357,530,8,32,5,3221,58,Sold,35,84,50,16420,5710171,99452
358,53,5,7,4,3068,192,Sold,41,90,39,16785,3734923,106662
359,844,5,33,2,3315,168,Active,39,90,48,17088,6960396,112233
360,614,6,37,5,3143,120,Sold,43,83,53,17631,6051755,98659
361,767,5,22,5,3077,76,Active,32,90,41,16797,6639063,103824
362,224,5,8,3,4338,52,Sold,40,94,54,16323,4438343,142217
363,516,7,12,1,4769,145,Active,42,96,59,15746,5648514,147353
364,927,2,21,4,4442,43,Active,82,60,18,15343,7284428,299871
365,1087,1,8,1,4226,155,Sold,95,27,7,15212,7959495,391782
366,1025,1,8,2,3329,197,Sold,95,20,7,16976,7683168,257898
367,491,4,17,1,3285,170,Sold,76,55,23,17977,5543204,247346
368,121,2,9,1,4365,188,Sold,84,45,16,15122,4017101,320950
369,80,8,9,4,3881,194,Active,37,81,51,17774,3842934,117618
370,101,2,2,2,4722,111,Sold,81,61,18,18498,3924392,314727
371,45,4,27,1,3929,77,Active,72,57,23,15150,3698469,240197
372,568,5,16,1,3952,35,Sold,30,90,51,17399,5861836,129744
373,481,4,35,1,3759,77,Active,70,61,15,15555,5509450,301073
374,332,6,35,2,3714,8,Active,37,83,52,18166,4904140,117489
375,236,6,17,3,4401,73,Sold,35,95,47,15602,4489198,149396
376,353,6,36,4,3258,127,Sold,43,85,38,15632,4994149,108465
377,744,1,11,1,3272,22,Sold,88,23,5,17272,6549954,380795
378,391,8,19,5,4063,115,Sold,34,87,58,17363,5144014,127164
379,388,6,9,2,4778,154,Active,37,97,55,16340,5134113,144850
380,935,6,36,2,4071,14,Sold,33,82,36,17520,7319981,138626
381,568,8,28,4,4296,120,Sold,44,92,57,16396,5862286,150893
382,991,7,31,5,4950,120,Active,39,96,58,16001,7545904,173339
383,617,6,5,3,3509,134,Active,34,93,44,18017,6064356,122541
384,795,6,11,5,3269,119,Sold,41,82,44,17854,6756525,108145
385,1080,5,4,2,4644,175,Sold,44,92,57,16859,7931143,151859
386,823,1,27,3,3740,76,Active,94,20,8,17122,6867686,417234
387,500,5,17,3,3194,62,Active,42,97,36,16292,5590459,96848
388,795,6,2,5,4648,8,Sold,40,84,36,15433,6758775,149322
389,237,3,10,4,3052,182,Sold,63,89,22,15128,4491899,207692
390,1062,5,2,4,3972,87,Sold,37,81,46,15029,7865436,135874
391,813,1,21,4,3566,82,Sold,99,23,9,16418,6826732,389434
392,690,3,38,2,3410,31,Sold,54,83,18,16315,6355085,216440
393,302,3,14,5,4762,80,Sold,62,85,23,18436,4770477,325843
394,850,6,37,2,4808,23,Active,32,94,50,15742,6987398,158770
395,495,7,5,4,4716,165,Sold,42,95,36,17995,5565256,153298
396,786,8,13,1,4531,173,Sold,37,85,56,16646,6720972,151199
397,969,1,16,2,4931,183,Active,93,26,7,15556,7457245,501914
398,887,2,28,5,3952,120,Sold,72,47,15,18402,7127362,301958
399,1087,3,26,1,4750,131,Sold,57,75,20,17360,7959945,275196
400,70,6,32,2,4272,70,Sold,39,88,38,15743,3800180,136465
401,407,8,13,1,3137,188,Sold,32,84,55,15125,5212421,95998
402,553,5,21,1,3048,158,Sold,34,98,48,16818,5796129,99170
403,820,1,34,1,3161,199,Sold,94,26,9,16876,6853735,354546
404,578,2,35,2,4305,169,Sold,72,63,14,15824,5908190,244684
405,942,8,33,3,4400,76,Active,38,98,52,18153,7346534,155478
406,950,7,30,3,3965,15,Sold,38,80,51,16967,7371737,120100
407,33,3,38,3,3494,63,Active,60,72,22,16716,3648514,205045
408,372,1,22,1,4746,194,Sold,99,22,5,17055,5067506,563493
409,901,4,23,3,3060,126,Sold,78,51,18,15912,7181368,229323
410,1054,6,25,2,3527,10,Sold,40,80,38,18443,7827182,125335
411,77,5,12,3,4686,111,Sold,33,90,41,15102,3828532,154741
412,1025,3,17,4,4649,47,Sold,62,85,23,16238,7685418,316132
413,1027,1,35,5,4385,45,Sold,95,28,6,15559,7694419,379522
414,330,6,10,2,3464,17,Sold,37,94,58,16856,4895139,122245
415,991,7,26,4,4887,83,Sold,40,90,58,18380,7548154,161339
416,120,1,26,2,4510,24,Active,93,27,11,15643,4010801,460448
417,438,8,7,3,4848,130,Sold,40,85,54,16598,5329432,163009
418,940,1,5,5,4301,125,Sold,95,30,10,16693,7338433,579678
419,1077,3,1,1,4105,30,Active,59,80,23,16253,7920342,221315
420,779,8,20,2,3313,18,Active,30,89,49,17422,6684068,107991
421,296,2,12,3,3740,196,Active,77,64,19,16599,4750225,240762
422,324,7,40,4,4367,169,Active,36,87,37,17335,4865886,155238
423,628,6,33,5,3861,132,Sold,33,96,35,15959,6102160,138533
424,840,3,5,3,4775,108,Active,55,82,25,15634,6947344,282390
425,625,4,20,3,4884,11,Sold,70,55,23,18185,6090909,270051
426,785,5,19,2,3949,85,Active,42,85,35,15054,6715121,138823
427,583,1,13,3,4347,120,Sold,97,26,8,15181,5929792,530780
428,776,8,25,5,4352,111,Sold,30,84,37,16549,6669666,131248
429,1041,6,37,2,4929,190,Sold,35,98,58,16663,7758775,166413
430,765,6,14,3,3574,113,Sold,32,80,52,18463,6630513,123632
431,1027,4,20,1,3123,80,Sold,76,66,20,17350,7693969,167597
432,963,1,35,1,4937,24,Active,98,34,9,15163,7429792,523729
433,1054,2,29,5,3694,120,Sold,77,52,17,18088,7825832,216700
434,334,8,26,2,4427,128,Active,39,97,43,16131,4912691,147446
435,192,8,19,2,4182,21,Active,37,98,51,16102,4301080,141937
436,793,5,5,5,4259,181,Sold,37,80,39,15603,6749324,147046
437,240,1,30,1,4449,63,Sold,95,30,11,15143,4505850,354430
438,219,6,22,1,3514,171,Sold,33,87,50,16710,4423042,113446
439,720,5,39,3,3244,177,Sold,39,91,54,17401,6462196,115422
440,645,8,22,3,4571,198,Active,39,83,44,17477,6172817,158687
441,150,8,15,1,4141,84,Sold,41,80,36,17867,4128712,134508
442,668,1,2,5,3238,31,Active,93,26,8,17760,6266426,373099
443,412,3,5,2,4337,51,Sold,63,88,18,17689,5228172,239055
444,86,5,18,3,3845,116,Sold,31,85,38,15440,3867686,124217
445,794,3,25,3,3006,91,Sold,50,70,20,15780,6752925,152859
446,878,8,40,3,4053,114,Sold,41,99,54,16826,7090009,142625
447,964,4,16,5,4880,77,Sold,67,67,23,15736,7437443,275859
448,6,6,35,1,3468,121,Sold,44,89,58,17963,3528352,107987
449,897,7,24,3,4659,156,Sold,40,80,58,15750,7168766,158760
450,274,1,18,3,3334,82,Active,97,27,8,15378,4655715,443955
451,488,7,34,2,3295,189,Sold,38,88,57,18359,5534653,105578
452,707,3,24,3,3408,154,Sold,52,79,20,16698,6414491,237273
453,980,5,1,3,3675,9,Sold,39,95,51,16635,7501350,117901
454,983,1,16,4,4888,126,Sold,99,29,8,17431,7515301,501888
455,845,3,22,3,4317,76,Active,62,88,24,18173,6962196,253798
456,1077,7,28,3,4469,125,Active,32,80,44,18010,7918991,149157
457,477,7,30,2,3602,168,Sold,37,97,37,17495,5486498,123858
458,252,5,29,4,4559,92,Sold,30,92,40,17872,4556255,150018
459,435,6,5,2,4533,69,Sold,42,96,38,17743,5315481,151756
460,746,6,13,3,4080,49,Sold,39,87,49,16046,6557605,139397
461,292,4,37,1,3648,47,Sold,71,53,18,17884,4723222,231854
462,627,5,11,1,4577,106,Sold,39,92,51,16547,6096309,153302
463,725,4,2,5,4510,113,Sold,66,50,24,18304,6480648,288645
464,768,7,21,5,4237,121,Sold,43,89,36,16711,6640414,137940
465,592,4,7,3,3985,191,Sold,70,68,21,18390,5968046,235071
466,297,2,7,1,4197,84,Active,83,55,12,15041,4753825,241190
467,521,1,16,1,4374,131,Sold,88,28,6,17421,5671017,469374
468,66,6,36,2,3877,162,Sold,30,86,49,17283,3787128,116667
469,533,3,11,3,3120,71,Active,54,84,22,17971,5721872,177785
470,259,3,39,4,4453,184,Active,51,80,23,16453,4583708,297175
471,687,5,23,3,3589,84,Sold,32,97,38,15407,6346084,127323
472,492,6,11,4,3435,157,Sold,33,84,58,15193,5551755,119236
473,78,2,11,3,4409,86,Sold,81,52,14,17170,3832583,233979
474,777,8,22,1,3470,76,Active,30,81,41,15100,6674167,115537
475,65,3,40,3,3134,79,Sold,58,77,19,16850,3783528,219210
476,11,6,10,5,3474,39,Sold,36,82,40,16970,3549504,116448
477,874,5,36,1,3488,94,Sold,38,91,57,17938,7072907,104682
478,633,8,38,5,3097,35,Active,32,95,50,15809,6126462,109609
479,882,3,7,2,3420,111,Sold,58,83,26,16759,7106210,176352
480,418,7,5,1,3193,148,Sold,40,89,45,15135,5248874,98549
481,32,4,36,1,3959,158,Active,77,59,22,17635,3644464,208651
482,908,7,25,2,3047,62,Active,41,97,59,16914,7207920,100862
483,1056,8,15,5,3710,161,Sold,44,89,58,15007,7834383,113556
484,997,3,18,5,4741,60,Sold,64,80,22,18174,7568856,325908
485,802,2,27,2,3127,88,Sold,78,61,13,16969,6782178,188963
486,266,4,31,5,4230,62,Sold,75,51,23,16137,4621062,245511
487,734,1,14,5,4141,149,Sold,97,30,9,15328,6517101,512635
488,847,4,7,4,3081,28,Active,78,55,17,17009,6970297,232266
489,67,1,17,1,3627,74,Sold,93,25,5,16870,3791179,456585
490,204,2,12,1,4217,19,Sold,75,56,18,16128,4356435,228489
491,483,1,33,3,4222,157,Active,91,18,10,16358,5516201,461021
492,704,3,26,5,3738,59,Sold,59,82,20,18093,6402340,180010
493,134,3,38,4,3208,66,Active,60,70,20,15267,4062106,206503
494,444,1,4,4,4963,13,Active,97,33,7,17366,5356885,542778
495,51,1,9,2,3164,22,Active,97,31,6,15591,3729072,281841
496,881,1,37,2,4153,28,Active,88,24,7,17143,7104860,334119
497,774,2,10,2,4164,108,Sold,76,55,19,17408,6662016,303209
498,882,3,8,5,4419,37,Sold,57,82,20,15424,7108460,255142
499,125,2,36,4,4039,35,Sold,84,52,14,18450,4029702,291325
500,125,6,10,4,3160,44,Active,43,85,40,16167,4033753,113058
501,23,2,37,1,4501,63,Sold,84,48,15,15064,3602610,273456
502,389,8,5,4,3581,165,Active,38,91,49,16838,5136813,123459
503,564,1,7,1,4493,35,Sold,89,33,7,15286,5840234,568758
504,907,3,1,2,4743,195,Sold,50,77,27,15928,7204770,236543
505,1041,2,21,2,4572,184,Sold,78,55,15,17447,7756525,276515
506,481,1,24,5,4817,146,Active,91,24,8,16161,5505400,625379
507,628,3,6,2,4483,43,Sold,64,74,20,18170,6099909,245410
508,660,3,16,5,4331,69,Active,61,79,25,16783,6239423,251046
509,787,6,30,4,3307,129,Sold,44,83,46,16901,6722772,103569
510,941,2,24,4,3697,113,Active,81,48,19,15132,7341134,238718
511,723,4,6,2,4454,87,Sold,71,69,22,17974,6472547,281413
512,1025,4,23,5,3935,48,Active,65,52,17,16686,7682718,251610
513,1018,3,24,3,3468,58,Sold,55,86,22,17389,7652565,229454
514,1070,2,18,1,3145,138,Sold,72,59,18,15011,7891989,228225
515,278,3,25,5,4279,149,Sold,57,78,22,18214,4669216,296668
516,785,2,4,4,3395,77,Active,82,50,12,15088,6711971,236395
517,175,8,25,1,4430,115,Sold,30,83,50,16629,4231323,135744
518,467,6,12,3,3670,129,Active,44,95,38,16157,5445544,110291
519,1008,3,36,4,3883,129,Active,56,77,21,17333,7614311,203457
520,1014,1,27,3,3921,111,Sold,88,23,6,18269,7639063,409774
521,602,1,27,2,3172,76,Sold,89,18,8,17532,6005400,432058
522,601,7,17,5,3326,57,Active,39,97,41,15418,6001350,107390
523,552,5,17,2,4786,191,Active,40,95,47,17956,5793429,149247
524,975,6,39,5,4400,160,Sold,42,80,38,17209,7481548,157731
525,1064,6,32,1,4922,97,Sold,43,82,50,15064,7872187,169199
526,436,7,15,1,4248,158,Sold,41,93,58,17084,5324032,141229
527,754,5,33,4,3405,154,Active,30,88,51,15839,6588208,104050
528,771,1,30,3,3003,28,Sold,93,26,8,15478,6648514,231967
529,503,2,5,3,3965,162,Sold,82,63,12,16946,5603060,204743
530,210,6,34,2,3720,157,Sold,35,86,40,15813,4387938,133384
531,697,6,33,3,3079,22,Sold,42,91,37,17581,6378037,102906
532,642,6,18,4,3413,197,Sold,30,94,53,17483,6159765,115107
533,495,7,8,3,3522,168,Sold,34,96,58,16109,5566156,123855
534,243,2,15,5,4177,102,Sold,82,51,12,16088,4520252,326576
535,1055,1,4,4,3422,97,Sold,88,23,11,15534,7828982,343671
536,330,7,19,3,3278,15,Active,42,80,51,16693,4894239,100018
537,753,5,11,5,4595,135,Active,38,80,36,17221,6584158,163637
538,837,4,23,4,4082,145,Sold,67,58,16,16740,6935193,289269
539,302,6,3,2,3503,48,Sold,31,95,36,18003,4771827,110078
540,613,7,38,1,4367,182,Sold,38,97,50,18109,6048154,133001
541,81,6,21,3,3292,140,Sold,35,81,41,18091,3850135,103942
542,1094,3,28,5,3754,66,Sold,54,72,22,17396,7989198,238166
543,680,8,23,5,3075,82,Sold,42,80,52,16589,6313681,102453
544,219,5,36,5,3900,110,Sold,43,88,49,15251,4423942,131391
545,353,3,21,1,4548,179,Active,64,74,24,16416,4993699,263115
546,816,5,17,4,4570,94,Sold,40,96,56,18054,6838883,160178
547,908,7,15,4,4524,29,Active,37,96,55,17797,7209720,136046
548,866,3,9,3,3250,137,Sold,54,81,24,18203,7041404,163353
549,806,5,4,2,4286,19,Sold,41,97,41,17418,6797479,140101
550,311,6,12,2,3484,50,Sold,44,95,43,16451,4812331,106715
551,923,7,6,2,4176,122,Sold,43,91,59,17861,7270027,144941
552,981,6,32,5,3338,193,Sold,31,82,36,18135,7505400,101816
553,851,8,31,3,4766,120,Sold,31,91,39,17997,6993249,144238
554,113,4,16,1,3007,187,Sold,77,52,19,16596,3980198,208564
555,642,7,26,3,4209,175,Sold,33,90,51,17330,6162466,140926
556,843,1,19,2,3457,87,Sold,97,21,8,15689,6954545,440629
557,1024,3,4,4,3868,48,Sold,55,72,24,16070,7681368,253295
558,203,7,17,5,4075,185,Sold,34,94,59,18243,4353285,137164
559,561,2,32,3,4946,111,Sold,72,57,15,16847,5835733,384900
560,1027,3,3,3,3073,7,Sold,53,74,18,17090,7691269,154801
561,1000,7,14,1,4958,91,Sold,39,93,50,18347,7582808,170416
562,160,3,36,4,4309,145,Sold,59,75,19,17783,4169666,276879
563,434,1,28,3,4521,76,Sold,90,20,9,18015,5311881,503176
564,686,5,23,4,3797,14,Sold,39,84,40,18240,6342034,134839
565,762,8,20,2,4264,111,Sold,39,88,45,15577,6617911,148532
566,903,2,40,1,3607,79,Active,72,49,19,15023,7189468,243107
567,663,8,9,3,4808,170,Active,40,80,35,17555,6248874,168838
568,914,1,14,5,3850,58,Sold,91,33,10,18145,7235373,311802
569,544,8,21,1,3648,80,Active,32,88,39,15907,5761476,117159
570,1022,1,29,5,4339,189,Sold,95,26,11,17726,7671917,375985
571,315,6,34,5,4497,153,Active,30,97,40,16621,4828532,158025
572,423,7,16,2,4244,178,Active,33,84,36,17497,5265976,132693
573,751,1,32,1,4336,141,Sold,95,33,6,15134,6577407,491876
574,385,5,21,3,4252,170,Sold,31,85,44,16415,5120612,129635
575,800,3,3,2,3978,52,Sold,60,89,25,15934,6775427,201993
576,792,4,2,4,4129,49,Sold,67,66,21,16643,6742574,243927
577,1032,2,32,1,3340,97,Active,81,50,18,17036,7712871,238308
578,484,5,10,5,3127,176,Active,32,89,51,18388,5517551,109470
579,251,4,39,4,3039,141,Sold,74,51,15,17511,4553555,232663
580,945,8,25,2,4035,157,Active,39,86,50,16077,7355985,136504
581,405,6,20,2,4484,52,Sold,40,86,48,18016,5204320,145120
582,193,6,16,5,3903,72,Sold,32,95,47,15754,4306930,123405
583,828,5,21,5,4440,16,Sold,32,89,35,17570,6897839,146991
584,199,3,2,2,3987,68,Sold,58,81,24,17155,4337083,275926
585,163,5,25,4,3728,41,Sold,35,96,44,15218,4180018,123158
586,590,5,12,4,4233,52,Active,38,94,59,15347,5960396,141958
587,366,3,37,2,3441,98,Sold,51,77,18,18349,5040504,207176
588,1053,2,23,2,4959,109,Active,77,60,19,17650,7821782,360946
589,1018,3,24,1,3536,142,Active,61,80,19,16507,7654365,175544
590,304,6,20,2,3926,22,Sold,44,97,53,15147,4779027,129001
591,149,4,40,2,4750,74,Sold,66,69,17,15969,4124212,259466
592,983,7,23,3,4862,53,Active,30,95,43,15119,7517101,167019
593,88,8,13,4,4908,48,Sold,36,95,51,16121,3876687,152138
594,527,8,24,1,4750,175,Sold,34,90,36,17121,5693069,167266
595,136,6,7,1,4381,143,Sold,35,86,38,15194,4069306,155578
596,318,7,37,3,4308,12,Sold,33,89,54,17616,4841134,148109
597,328,6,2,5,4809,168,Sold,36,80,57,15252,4883888,160476
598,36,5,35,1,4291,116,Active,39,92,41,17877,3663816,148623
599,449,4,13,1,3581,178,Active,69,59,17,18204,5375337,287381
600,406,2,5,4,3422,122,Active,74,51,12,16058,5207920,260505
601,698,1,23,5,3941,79,Active,99,25,9,16724,6381638,510783
602,881,8,23,5,3413,153,Sold,39,87,52,16808,7103960,114656
603,138,6,28,3,3829,124,Sold,41,80,55,17050,4077407,123608
604,642,5,32,5,4030,79,Sold,43,83,40,18089,6160666,140228
605,917,5,34,5,4798,81,Active,33,97,50,16833,7247074,146982
606,17,5,23,4,4996,104,Sold,41,94,40,16356,3577407,154137
607,656,1,30,3,4991,131,Sold,93,19,5,16153,6228172,592906
608,495,1,33,1,3375,197,Sold,93,22,8,18406,5564806,386910
609,634,7,8,4,4925,122,Sold,35,89,43,15172,6128262,175310
610,1060,6,7,1,4132,119,Sold,44,90,42,18145,7854185,129175
611,963,4,20,2,3964,184,Sold,70,64,15,18211,7431143,294351
612,1044,1,8,5,4800,87,Sold,94,34,9,18387,7770027,393612
613,1094,4,27,4,4639,171,Active,72,51,19,15249,7990549,348825
614,1056,8,1,2,4547,119,Sold,43,81,41,16489,7837983,138956
615,832,5,10,3,4137,113,Sold,41,82,54,15062,6915391,128139
616,961,5,14,2,4762,119,Sold,41,83,58,16608,7423042,152451
617,1046,4,14,2,3381,50,Sold,65,56,22,16704,7780828,204850
618,2,5,23,1,3310,176,Active,34,83,54,16194,3509000,114632
619,164,1,20,5,4213,8,Sold,97,30,11,17085,4182718,316554
620,139,6,31,2,4094,89,Sold,37,86,55,16281,4079657,133014
621,635,7,3,2,4908,183,Sold,39,85,59,15708,6130963,158411
622,1031,4,40,4,4234,11,Active,78,69,23,16429,7710171,276789
623,826,8,19,2,3781,28,Sold,39,83,57,16940,6882988,135950
624,630,7,18,4,3001,196,Sold,36,91,47,16931,6111161,90102
625,879,6,40,4,3049,40,Active,40,99,55,17938,7095859,92275
626,520,7,31,4,4375,170,Sold,43,90,50,15971,5663816,133761
627,320,3,23,3,4634,17,Sold,60,88,20,16409,4846984,311509
628,222,1,19,4,4905,102,Sold,97,20,10,17008,4432943,536803
629,927,8,8,4,3867,191,Sold,41,94,44,16208,7284878,120867
630,107,1,8,1,3835,145,Sold,96,26,5,15453,3953645,329724
631,1069,4,22,4,3848,78,Sold,78,62,20,15934,7887488,318114
632,713,2,9,1,3114,144,Sold,81,60,19,16347,6434293,242272
633,953,7,11,5,3818,189,Sold,43,93,35,15185,7387488,133164
634,544,5,18,3,4705,155,Active,39,97,40,16562,5761026,157429
635,875,3,30,5,4990,17,Active,64,71,23,17646,7079207,300198
636,89,4,8,4,4605,88,Sold,65,68,17,16980,3879387,269952
637,570,7,36,4,3284,19,Active,33,92,41,15001,5873537,104773
638,996,8,21,1,4137,176,Active,32,94,40,18136,7564806,140302
639,336,8,14,1,4397,42,Sold,40,83,55,15978,4922142,153288
640,235,6,18,4,3108,75,Sold,34,92,47,16790,4483798,100948
641,305,7,5,1,4818,153,Sold,44,87,55,15431,4785328,171608
642,476,2,18,4,3971,86,Sold,79,54,17,18244,5481548,210612
643,50,8,26,2,4873,103,Sold,32,83,59,17460,3722772,152544
644,1054,8,3,3,4380,179,Active,32,91,46,17117,7828082,132889
645,1033,1,4,4,3075,130,Sold,97,33,8,16058,7720072,274474
646,1004,8,36,1,4167,92,Sold,43,88,58,16422,7598559,140245
647,437,1,37,5,3730,167,Active,88,34,9,16644,5325382,496071
648,1005,8,38,4,3824,137,Sold,41,98,40,15802,7603060,123997
649,852,6,35,1,4742,17,Sold,41,99,51,15127,6995049,166700
650,964,1,5,1,3625,64,Sold,92,18,10,16978,7435193,386878
651,231,6,14,4,4536,161,Active,34,94,50,18371,4467596,139981
652,1074,4,31,5,4957,197,Sold,74,67,15,16252,7911341,354502
653,498,5,24,3,3587,145,Sold,32,94,57,15675,5577407,127217
654,419,1,4,3,3250,144,Sold,91,24,10,15701,5253375,382606
655,625,5,23,2,4818,71,Sold,38,89,37,17431,6089108,154725
656,710,8,28,2,4824,105,Sold,33,84,55,16195,6423042,145637
657,81,8,11,4,4223,104,Sold,34,80,47,15706,3846984,137678
658,676,6,37,2,4909,35,Active,40,92,54,16896,6296129,155871
659,539,1,10,4,3730,57,Active,95,23,8,15701,5743024,392116
660,430,1,6,4,4930,134,Sold,95,31,11,16449,5298829,654642
661,786,4,14,2,4072,132,Sold,67,56,24,16451,6719171,328124
662,425,3,40,3,3691,68,Sold,63,84,19,17749,5274077,182648
663,709,2,23,5,3314,54,Active,73,56,18,15463,6418991,219110
664,704,3,5,3,4114,103,Sold,54,79,26,16842,6405490,238296
665,772,1,6,4,4067,39,Active,88,23,8,15457,6653915,531404
666,647,6,3,2,3733,127,Sold,32,88,45,17537,6186768,119337
667,87,5,13,3,3743,143,Active,43,98,57,17585,3871287,133932
668,590,3,14,5,3344,118,Sold,54,78,20,15555,5959945,195204
669,852,4,19,2,4759,42,Sold,65,50,22,16426,6995499,348504
670,103,2,11,2,3643,157,Sold,80,56,14,15359,3936543,238230
671,58,5,28,2,3897,146,Sold,41,95,42,16666,3754725,129614
672,209,8,19,5,4594,172,Sold,36,87,36,15784,4383888,138555
673,1061,7,2,5,4039,36,Sold,37,91,47,17943,7858685,128626
674,212,4,33,3,4684,139,Sold,69,53,19,16199,4393789,317781
675,867,8,21,5,4455,90,Sold,44,92,57,17975,7043204,138738
676,445,6,19,1,4676,39,Active,43,87,53,17082,5359135,143067
677,132,5,29,3,3595,151,Sold,36,91,44,17097,4054905,121274
678,510,2,17,4,3342,179,Active,82,62,18,16721,5625562,246114
679,666,1,26,1,3132,166,Active,92,27,5,16965,6257425,420839
680,477,2,2,4,3777,22,Active,74,50,14,15366,5485148,225958
681,643,5,23,4,4804,118,Sold,44,95,43,15256,6164716,147118
682,674,4,32,5,3626,93,Sold,66,50,19,17555,6288928,295903
683,106,8,27,4,4278,115,Active,30,86,35,15456,3951845,151766
684,108,7,36,1,4670,165,Sold,32,97,40,15939,3959945,152223
685,832,3,15,2,4581,76,Active,56,78,21,15631,6917641,263162
686,1050,1,36,2,3631,175,Sold,96,24,6,16222,7804680,389797
687,245,2,27,5,3635,37,Active,79,63,17,16643,4528352,209657
688,810,2,32,3,4627,167,Active,80,59,18,16491,6811881,282186
689,392,8,1,5,3235,89,Active,34,94,36,17980,5151215,107622
690,62,2,24,3,4937,88,Active,81,62,17,17095,3773627,297097
691,75,2,1,1,4015,85,Sold,83,56,19,17309,3820432,259746
692,571,4,34,2,3972,120,Sold,66,58,16,17488,5878487,219693
693,895,6,34,5,3840,111,Sold,38,93,58,15347,7158865,124393
694,599,5,13,1,4385,176,Active,35,91,44,17263,5994149,153422
695,343,6,23,2,3193,24,Sold,36,84,44,17768,4950945,107470
696,608,7,16,5,4322,18,Sold,30,92,56,17691,6029702,131008
697,965,7,33,2,4834,48,Active,36,92,45,17501,7438343,152861
698,549,8,27,2,4073,107,Active,30,89,52,15447,5779477,145414
699,272,1,15,5,4236,25,Sold,92,30,7,17813,4646264,459595
700,209,7,32,5,3864,174,Sold,33,94,45,17912,4385688,125116
701,534,2,40,3,4487,130,Active,72,54,15,17097,5724572,311565
702,662,1,40,4,3546,61,Active,92,32,6,15924,6244824,454606
703,1054,7,13,1,3075,157,Sold,41,85,52,15265,7827632,98185
704,517,3,30,4,3222,19,Active,55,73,21,16039,5653015,203362
705,367,4,18,3,4867,69,Active,68,60,16,15930,5043654,334472
706,150,2,5,3,4731,158,Sold,81,46,14,16105,4129162,289906
707,317,3,7,3,3514,173,Active,52,82,27,16610,4833933,243686
708,814,8,16,4,3215,103,Active,34,92,38,16730,6829882,101909
709,50,4,16,1,4135,25,Sold,72,66,17,16690,3722322,340350
710,917,7,27,2,4680,93,Sold,33,98,37,16676,7249774,163510
711,847,7,24,1,3998,141,Sold,36,84,57,16648,6968046,122203
712,323,3,9,4,4593,159,Sold,56,84,22,15893,4860036,248860
713,48,7,34,5,4906,45,Active,32,91,35,16551,3714221,163909
714,521,5,20,2,3474,138,Sold,36,89,39,16647,5669216,121416
715,584,2,25,4,3166,88,Sold,84,63,16,17335,5931143,167403
716,535,7,24,3,4043,182,Active,33,86,55,15465,5728172,138440
717,782,1,34,4,4553,124,Sold,92,31,5,17821,6693069,524733
718,782,5,21,1,4197,56,Active,41,98,51,16626,6695319,142127
719,409,2,6,5,4614,191,Sold,79,45,13,15084,5219621,327024
720,783,6,26,3,4117,133,Sold,35,84,54,17760,6701620,125708
721,7,5,37,5,4543,116,Sold,42,96,44,16285,3532403,161504
722,307,5,26,5,3988,29,Sold,39,83,53,16089,4789828,126579
723,39,4,12,4,4094,71,Sold,68,63,20,17601,3671017,215981
724,645,2,5,3,4373,17,Sold,77,47,16,17563,6171467,254965
725,816,4,12,1,3612,70,Sold,72,69,24,18315,6840234,299236
726,495,4,32,1,3198,94,Active,72,58,17,17670,5563906,216965
727,57,8,7,2,4416,120,Sold,30,99,37,17862,3754275,158905
728,1067,1,7,2,4315,165,Sold,95,28,11,17238,7879837,507929
729,196,2,32,1,4136,41,Sold,83,63,18,15487,4322232,210238
730,332,8,17,5,4368,130,Sold,39,91,46,16177,4902790,134272
731,421,7,8,1,3362,174,Sold,43,94,52,18355,5259675,107745
732,273,8,24,2,3303,50,Active,30,80,59,15051,4652565,115308
733,75,6,6,2,3363,73,Active,42,97,41,18014,3822682,113017
734,169,8,8,3,3969,72,Sold,40,97,53,17105,4207920,142598
735,643,4,20,3,3466,93,Sold,77,66,15,15605,6166066,185180
736,172,6,19,1,3558,79,Sold,38,90,38,17553,4222772,126800
737,544,7,9,4,4470,94,Sold,36,91,55,15462,5763726,140850
738,70,8,2,2,4801,145,Sold,34,87,44,18235,3799729,164367
739,1095,3,18,1,3968,85,Sold,56,86,23,17058,7994149,193816
740,73,8,20,4,3514,172,Active,39,98,35,17695,3811881,106854
741,481,7,1,2,3578,42,Active,41,93,59,17920,5508100,107619
742,383,2,33,1,4696,48,Active,74,59,15,16076,5115211,328207
743,660,7,29,5,3751,178,Sold,41,83,53,17232,6238523,123333
744,232,8,29,3,4260,73,Sold,30,83,42,16925,4471647,151256
745,172,3,21,4,4448,121,Active,59,86,23,15364,4221422,225104
746,742,1,9,2,3193,80,Active,97,21,8,15739,6543204,266999
747,957,7,3,1,3188,163,Active,42,88,57,15680,7404140,107506
748,86,4,13,3,3921,146,Sold,66,58,20,17167,3870837,327978
749,565,3,7,1,3984,155,Sold,60,71,20,15569,5847434,225756
750,380,4,40,5,3829,179,Sold,75,53,19,15452,5093609,208702
751,734,2,6,2,4353,68,Sold,79,57,18,15222,6515301,270826
752,651,6,28,2,4380,107,Sold,33,88,59,15234,6206570,144636
753,955,7,27,1,4640,111,Sold,32,84,55,17357,7397839,146141
754,761,4,26,4,3343,136,Sold,75,55,16,18134,6612511,249888
755,602,2,32,3,3557,28,Sold,77,45,13,15087,6005850,235574
756,213,7,2,2,4772,85,Sold,30,99,54,15713,4397389,168070
757,791,8,23,5,4136,25,Active,38,81,49,17170,6739423,138233
758,871,2,33,3,4731,136,Sold,72,63,17,18302,7058505,368592
759,86,4,36,4,3348,111,Sold,78,68,16,18106,3869036,267018
760,458,7,23,5,3154,92,Active,43,87,57,15638,5405040,95427
761,860,8,37,2,5000,156,Active,31,84,36,15810,7020252,171960
762,323,2,9,1,4808,113,Sold,76,61,12,17548,4864086,299135
763,600,4,18,3,4740,53,Active,67,66,19,18281,5998199,258140
764,63,8,20,5,4138,92,Sold,39,94,36,17996,3776327,138193
765,887,7,28,5,4561,49,Active,36,98,45,17644,7126912,144365
766,460,1,37,1,3464,185,Sold,96,23,7,16931,5414941,437217
767,868,5,9,4,3068,172,Sold,44,80,55,17212,7045904,101502
768,495,8,28,4,3736,30,Sold,33,81,47,15169,5563456,129333
769,275,5,28,2,4460,86,Sold,44,98,42,18091,4660216,134478
770,800,7,37,3,4454,157,Active,37,99,55,15571,6776777,156104
771,737,5,7,4,4042,129,Sold,41,91,57,15844,6529252,130031
772,80,4,34,4,4413,13,Active,66,56,20,18166,3843384,277478
773,509,2,27,3,3965,77,Sold,74,56,12,17664,5622412,277617
774,619,5,25,3,4233,9,Active,36,92,49,17564,6072907,128285
775,933,3,20,2,3240,41,Active,58,88,19,16317,7311431,207018
776,799,8,6,3,4022,47,Sold,40,85,36,17431,6773177,128406
777,400,1,26,2,4495,77,Active,99,22,10,15265,5188118,566303
778,657,5,12,1,3911,95,Active,41,97,46,15367,6230873,133396
779,306,1,35,1,4953,175,Active,90,20,8,15157,4786678,487264
780,704,3,19,1,4485,89,Sold,63,75,20,15492,6401890,230637
781,158,4,37,4,3530,27,Sold,77,67,16,15382,4161566,222279
782,676,6,28,3,4182,163,Active,37,98,38,17269,6294329,149607
783,467,1,29,2,4425,195,Sold,92,33,5,16917,5443744,483796
784,17,6,3,5,4543,51,Sold,43,92,55,15491,3580558,138053
785,430,1,10,2,3053,72,Active,95,24,8,17193,5296579,237821
786,565,6,12,4,4413,52,Sold,42,99,45,17843,5846534,136415
787,694,1,21,5,4483,30,Active,98,28,11,18374,6368136,371786
788,1047,7,39,1,3720,58,Sold,34,90,37,18021,7788928,129084
789,509,8,7,4,4506,123,Sold,41,86,55,16854,5623312,155457
790,92,5,24,5,4773,184,Sold,37,83,43,17761,3892889,165337
791,1028,6,17,2,4645,147,Active,41,90,52,15335,7698469,143373
792,206,4,5,3,4503,81,Sold,71,57,23,17160,4369036,291979
793,277,4,2,3,3337,39,Sold,73,57,22,15399,4666966,207521
794,346,8,31,3,4904,156,Sold,39,91,59,18179,4967146,154702
795,196,6,8,4,3055,54,Sold,34,84,41,15078,4323132,102110
796,470,3,1,3,4512,95,Sold,64,85,26,15501,5459045,271370
797,134,3,2,5,4030,11,Sold,62,82,27,16268,4063006,217826
798,226,8,4,2,4434,126,Sold,43,94,53,15660,4448244,133960
799,222,3,21,1,3577,15,Sold,50,81,23,16998,4432043,216097
800,782,6,35,1,4406,70,Sold,35,83,58,16343,6694419,136762
801,240,5,23,3,4826,123,Sold,30,87,35,15051,4504950,168485
802,1017,6,17,5,3059,22,Active,30,81,50,16771,7649864,105346
803,305,4,21,4,4969,102,Sold,73,61,15,18001,4782628,332282
804,40,3,20,5,4328,41,Sold,54,71,22,16525,3676417,215694
805,103,6,6,5,4121,8,Sold,37,80,41,18111,3932043,138177
806,525,7,39,4,4686,48,Sold,42,95,47,17274,5687218,167815
807,570,3,26,3,3703,167,Active,61,89,18,17267,5872187,203991
808,681,4,30,3,3186,186,Sold,65,50,15,17607,6318181,170889
809,1090,8,18,2,4001,99,Active,37,84,57,15834,7974347,134946
810,598,1,33,1,3638,77,Active,92,29,10,17408,5988748,422945
811,42,3,8,3,3759,146,Sold,61,86,18,15481,3687668,190897
812,386,8,27,3,3868,155,Sold,35,90,58,15164,5122862,120109
813,269,6,32,3,3081,88,Sold,42,83,37,17260,4630063,92880
814,395,1,5,1,3408,161,Active,94,28,9,17015,5167416,315053
815,154,6,35,5,3381,49,Active,44,89,52,15302,4143564,103330
816,894,3,24,1,3146,121,Sold,59,84,19,17843,7155715,209700
817,210,6,31,4,3999,26,Active,31,91,40,17897,4389738,123465
818,49,2,31,5,4161,54,Active,74,56,13,15999,3716471,272815
819,679,7,16,1,3038,117,Active,34,91,45,15494,6306480,101421
820,222,1,40,3,4601,88,Active,97,25,7,17817,4429342,610599
821,609,7,19,1,3667,91,Sold,36,88,42,15418,6032853,117747
822,1021,1,10,2,3696,123,Sold,89,24,5,15016,7665616,418378
823,209,2,18,2,3218,179,Sold,72,49,19,16833,4382988,199310
824,185,1,7,2,3554,106,Sold,88,25,9,15024,4272277,466152
825,783,6,39,1,3938,50,Sold,36,96,49,15675,6704770,121038
826,31,8,23,4,4610,44,Sold,33,92,35,16546,3639063,155744
827,210,3,25,2,4741,46,Sold,58,71,24,17535,4388838,237020
828,995,8,4,3,4194,43,Active,43,82,37,17292,7561206,135248
829,1084,8,12,3,4538,175,Sold,31,88,38,15391,7948244,162805
830,628,1,39,4,3654,187,Active,89,27,11,15418,6101260,374773
831,84,2,14,3,4492,42,Active,81,49,19,15495,3858685,284530
832,619,6,4,2,4688,126,Active,38,96,43,17478,6071107,155501
833,262,6,22,3,4865,94,Sold,36,82,37,17897,4599909,168144
834,852,3,35,1,4251,90,Active,54,87,25,16597,6997299,288918
835,41,2,8,3,3160,19,Active,83,51,19,16231,3680918,170855
836,558,6,9,1,4489,17,Sold,44,86,40,15100,5819081,151513
837,54,8,9,5,3186,137,Sold,35,95,58,16103,3741674,97332
838,778,4,4,5,3059,30,Sold,69,59,20,15796,6681368,216325
839,794,4,7,5,4656,193,Sold,68,58,24,15520,6751575,359082
840,290,1,12,5,3552,131,Sold,91,21,10,17692,4715571,471342
841,899,7,15,2,3181,133,Active,35,82,53,18139,7176867,100437
842,634,4,36,5,4948,93,Sold,79,63,20,17221,6127812,324782
843,551,8,39,1,3575,178,Active,38,86,39,15352,5788928,115501
844,257,7,27,5,4988,142,Active,37,94,45,17580,4576057,163856
845,391,1,34,4,3876,66,Sold,97,29,7,15357,5142664,490362
846,982,7,26,4,4013,49,Active,43,85,36,18067,7506300,129756
847,648,7,4,1,4686,95,Active,36,87,52,18074,6189918,162154
848,133,5,14,4,4594,173,Sold,30,96,45,15990,4059855,159210
849,560,8,33,2,4484,120,Sold,38,91,50,15908,5831233,156438
850,742,7,22,2,3655,182,Sold,32,91,59,15392,6544104,119877
851,478,4,39,4,3892,108,Active,75,68,23,17289,5496849,240333
852,885,1,20,2,3838,151,Sold,97,23,6,16661,7122412,457422
853,866,2,36,3,4829,192,Sold,73,53,16,15698,7042304,248222
854,902,8,31,3,3429,79,Sold,32,84,58,15651,7186768,120907
855,473,6,19,5,4665,141,Sold,34,83,53,18425,5476597,156501
856,62,5,33,5,4215,75,Sold,44,93,39,17149,3770477,134147
857,913,4,10,2,4779,104,Active,71,62,24,15422,7232673,309691
858,337,1,15,3,4756,80,Sold,93,25,7,17637,4927992,586058
859,333,2,28,3,4493,152,Active,72,53,15,16145,4906840,264679
860,983,3,1,2,4614,110,Active,53,83,21,15573,7513951,319865
861,68,3,10,1,3722,142,Active,63,89,20,18498,3794779,237541
862,757,3,28,2,3853,7,Sold,51,74,23,17379,6599459,187459
863,647,1,19,4,4426,41,Active,91,26,11,16879,6182268,547430
864,1031,2,8,1,4033,167,Active,75,54,15,16204,7711521,210874
865,870,8,9,2,3067,105,Sold,31,89,57,18428,7054905,92059
866,53,2,33,1,4749,57,Sold,73,63,18,17491,3738073,259934
867,418,6,4,3,3689,25,Sold,35,83,37,16018,5247974,113702
868,1073,3,35,2,4072,129,Active,52,78,23,17055,7905040,198479
869,123,4,2,5,3866,179,Sold,71,60,21,16796,4022952,224939
870,510,4,24,1,3623,183,Active,77,54,20,16511,5625112,213907
871,976,2,15,1,4875,146,Sold,75,59,16,15928,7485598,340158
872,592,5,37,4,3944,38,Sold,32,88,38,15497,5967146,120537
873,904,7,11,3,3452,63,Sold,36,97,49,17296,7194419,116201
874,158,8,14,4,4726,143,Active,37,82,58,17246,4164266,168170
875,923,6,8,1,4566,52,Active,43,87,36,15891,7268226,153189
876,284,3,15,3,3019,43,Active,59,76,24,15586,4690819,181130
877,156,1,9,5,4799,50,Sold,96,25,9,16403,4153465,379913
878,657,8,13,3,4621,115,Sold,39,87,54,16612,6229972,142475
879,247,4,27,5,4830,192,Active,71,54,23,16202,4537803,316225
880,188,5,23,1,4041,168,Sold,38,85,45,15477,4289828,130953
881,973,8,35,5,3416,116,Active,33,99,59,15192,7477047,106648
882,81,1,11,3,3018,66,Active,98,22,10,15709,3848784,278162
883,950,5,20,5,3619,135,Sold,44,91,53,15580,7376687,111415
884,968,8,24,3,4101,117,Active,33,86,58,17264,7454095,146553
885,328,1,34,2,4729,157,Sold,96,24,10,18084,4884788,437291
886,1009,5,40,3,4399,172,Sold,30,96,43,16287,7621962,155980
887,78,1,40,5,4520,148,Sold,97,26,11,15332,3836183,615454
888,844,3,40,2,3823,132,Sold,55,86,19,16408,6958145,253676
889,251,4,8,2,3188,187,Sold,70,55,18,15827,4553105,238569
890,813,8,16,2,4870,172,Sold,35,88,45,15841,6827632,164859
891,266,6,37,1,3635,162,Active,33,84,42,16338,4620162,126803
892,479,5,29,2,3878,197,Active,35,84,36,17783,5497299,118349
893,966,8,4,1,3588,72,Sold,43,88,38,17707,7445094,120514
894,323,5,2,4,3054,17,Sold,44,88,51,18406,4860936,107892
895,707,6,10,1,3542,52,Sold,39,98,35,18440,6416291,108314
896,153,4,16,1,4382,50,Sold,70,62,21,17754,4135913,311234
897,217,2,40,4,3225,86,Sold,73,47,17,16300,4414041,232866
898,818,8,36,2,3806,17,Active,31,80,38,18401,6847434,121784
899,687,7,13,1,3723,177,Sold,32,98,36,15975,6344734,126500
900,935,2,20,2,5000,99,Active,83,54,15,17168,7318181,301490
901,693,1,35,3,3542,35,Active,92,30,9,18044,6363186,351747
902,123,2,23,4,4223,181,Sold,73,50,13,17832,4024302,296189
903,200,5,12,2,4741,182,Sold,42,87,46,15999,4337983,157543
904,532,1,33,2,4345,172,Sold,91,32,6,17550,5713321,374181
905,127,3,37,3,3467,53,Sold,62,82,19,16421,4037803,171641
906,643,2,20,2,4618,19,Active,78,50,12,17537,6165616,323325
907,202,5,36,1,4117,27,Active,32,99,49,15139,4346984,136511
908,294,7,35,5,3733,17,Sold,30,83,36,16579,4739423,122659
909,182,5,5,4,3242,103,Sold,39,98,53,15602,4262376,113250
910,672,6,32,5,4706,58,Sold,32,98,45,15200,6281728,153914
911,894,5,28,4,4005,184,Sold,36,96,36,15922,7156165,140351
912,729,6,32,2,4936,28,Active,33,96,57,15598,6500450,168031
913,68,3,36,3,3569,124,Sold,58,74,22,16369,3793879,248265
914,23,3,15,4,4059,29,Active,62,81,18,16828,3602160,227122
915,926,3,35,5,4582,194,Sold,63,85,23,15910,7279477,253586
916,298,7,14,2,3773,41,Active,44,86,50,15670,4756525,131466
917,676,8,10,2,4829,20,Sold,33,87,55,16361,6297479,166127
918,410,8,4,3,3532,14,Sold,41,93,54,16815,5222322,120279
919,927,7,27,2,3525,170,Sold,35,96,43,18354,7286678,124806
920,777,1,22,5,4448,173,Active,98,31,7,16523,6673717,495963
921,992,8,3,5,4021,173,Sold,38,89,52,16625,7549054,143236
922,829,2,22,5,3808,176,Sold,72,54,13,16405,6902340,231886
923,643,1,30,4,4373,189,Active,94,29,10,17697,6163816,396828
924,582,7,18,1,3610,74,Sold,39,84,40,17436,5927542,125289
925,176,8,26,5,4833,91,Active,43,91,37,17920,4235373,173969
926,1080,6,8,1,3690,109,Sold,44,95,52,17625,7933393,116279
927,919,4,28,3,4329,199,Sold,67,62,24,15366,7257425,290000
928,981,2,7,5,3487,196,Active,74,54,13,16657,7503600,266898
929,725,2,16,2,3657,117,Sold,78,46,14,16126,6483348,189453
930,305,1,20,1,3345,154,Sold,89,29,7,18334,4784878,321613
931,335,3,29,4,4150,30,Sold,59,85,19,16159,4918991,201736
932,124,5,3,5,4974,188,Sold,34,94,43,15949,4026102,163903
933,601,3,8,2,4621,97,Sold,56,89,19,17115,6000900,242865
934,618,4,5,1,4644,11,Sold,77,59,24,17488,6066606,303186
935,801,2,14,4,3862,67,Active,82,56,17,15125,6779027,235455
936,1093,8,15,2,3870,28,Active,42,80,50,16912,7986948,125868
937,160,6,13,2,4788,36,Sold,44,88,42,16813,4166966,156529
938,365,1,1,1,4946,25,Active,97,20,7,17674,5036003,544715
939,239,7,2,2,3812,154,Sold,33,91,55,16352,4499549,133077
940,1057,7,30,1,4072,181,Sold,40,82,37,16234,7840234,126672
941,606,4,4,1,3349,89,Sold,71,50,22,17476,6019351,219872
942,715,3,38,5,4052,8,Sold,63,78,21,15117,6441044,255010
943,499,4,24,2,4911,181,Sold,71,68,21,15780,5585058,329160
944,907,5,18,3,4366,196,Sold,44,93,50,15319,7204320,137066
945,889,3,27,5,4287,176,Sold,60,76,18,15447,7138613,257206
946,888,7,37,3,3007,122,Sold,32,82,57,16546,7132763,101949
947,873,2,23,2,4734,60,Active,81,61,17,15201,7069756,366997
948,86,3,26,1,3487,61,Active,54,70,27,15029,3867236,241657
949,167,3,39,5,3299,41,Active,60,86,18,16035,4193969,205372
950,826,8,4,4,4217,21,Sold,35,98,59,15090,6882088,130297
951,56,1,2,4,4029,190,Active,98,24,9,16345,3747974,494419
952,678,1,21,1,4352,65,Sold,89,32,6,16051,6301980,466578
953,871,5,37,2,4051,72,Active,44,93,54,15273,7060306,142279
954,726,6,34,1,4340,25,Active,37,88,37,18069,6486948,144904
955,600,6,12,3,4810,7,Active,42,84,49,15091,5996849,154449
956,617,5,31,1,4698,174,Active,37,88,43,16690,6063006,169034
957,259,2,3,4,4911,137,Sold,73,51,16,16621,4582358,273806
958,283,5,29,1,3975,42,Sold,44,95,46,15421,4687218,138425
959,262,3,32,3,4500,49,Sold,51,85,18,15532,4600360,244008
960,140,4,17,4,3955,45,Sold,74,53,21,16017,4087758,230298
961,62,3,8,2,3693,92,Active,54,78,27,16850,3772277,202589
962,1072,5,25,2,4663,147,Sold,37,90,37,16590,7900090,163373
963,551,2,12,5,3563,178,Sold,75,52,19,15075,5791179,237279
964,687,1,26,2,3641,108,Sold,95,34,11,18258,6344284,494056
965,697,1,34,1,4459,197,Sold,91,30,8,18271,6376687,362294
966,574,2,9,3,4479,12,Active,73,45,18,16566,5888388,266388
967,775,8,38,4,3273,83,Active,32,89,37,17365,6666066,98373
968,664,3,9,4,4605,159,Sold,64,73,19,16547,6252925,301174
969,720,6,31,5,3870,41,Sold,32,87,48,15515,6459045,120736
970,1072,4,34,4,4462,184,Sold,67,60,15,15645,7900990,246717
971,622,8,40,2,3084,112,Sold,35,80,55,16885,6081458,100810
972,492,3,4,5,3280,133,Active,60,87,23,18083,5550855,202384
973,765,3,28,2,3174,25,Sold,59,72,26,15122,6627812,171680
974,127,1,5,5,4717,141,Sold,91,22,6,15806,4038703,539295
975,582,5,7,2,4358,156,Sold,40,80,48,15366,5927092,155049
976,625,7,19,3,3188,83,Sold,32,91,37,16332,6087758,96571
977,926,3,34,5,4149,130,Sold,50,71,26,15559,7281728,254264
978,511,7,31,3,3005,157,Sold,41,84,38,17815,5630063,107928
979,949,3,14,2,4197,155,Sold,56,87,21,16657,7369486,270461
980,183,3,8,3,4429,103,Sold,52,73,23,16432,4265076,287509
981,602,2,22,4,4589,36,Sold,73,58,19,16358,6004500,316591
982,121,5,29,5,3028,152,Sold,44,86,44,17433,4018001,106192
983,23,6,1,1,3846,67,Sold,41,85,47,16604,3603510,122903
984,785,3,9,1,3484,170,Sold,54,86,24,16597,6711071,202596
985,452,7,3,2,4568,94,Sold,31,87,36,15380,5385688,160583
986,256,2,5,1,3309,193,Sold,73,46,12,15750,4573357,250327
987,539,2,37,4,4150,84,Active,73,57,15,15169,5744374,235874
988,477,8,6,4,3158,191,Sold,39,80,59,15315,5486048,111692
989,446,8,8,2,4237,91,Active,39,80,59,15262,5365436,147448
990,245,8,24,3,3976,152,Sold,37,83,53,15115,4527902,132623
991,727,6,7,3,3862,92,Sold,31,83,54,16063,6489198,135077
992,194,3,34,5,4765,8,Active,53,89,18,16696,4310531,266611
993,672,2,28,4,3124,13,Sold,73,46,14,16253,6283528,214779
994,559,6,15,5,3750,150,Sold,36,93,52,15092,5824932,133665
995,253,6,28,4,3905,183,Active,32,81,42,16237,4559405,137409
996,868,3,39,4,4433,51,Sold,54,81,22,16207,7048154,219125
997,92,6,1,1,3964,171,Active,39,89,58,16052,3890189,131185
998,954,1,9,4,4894,13,Sold,98,33,10,16073,7392889,376153
999,178,7,28,4,4988,70,Sold,40,97,51,15929,4245724,165981
1000,219,2,17,3,3015,129,Active,83,63,15,15975,4422592,157984
1001,1051,5,19,4,3258,82,Sold,44,87,43,16933,7809630,103617
1002,798,2,7,4,3809,191,Sold,83,49,18,17368,6767326,212813
1003,755,5,16,2,3158,189,Active,42,88,54,17042,6595409,103936
1004,404,4,23,4,3000,25,Active,69,60,16,18417,5200720,243464
1005,69,7,40,2,4649,53,Sold,35,81,59,16719,3797479,165839
1006,349,6,8,5,4922,178,Sold,41,85,44,16246,4979297,170350
1007,938,6,3,5,3058,27,Sold,34,96,56,17020,7330783,92345
1008,976,8,31,5,4912,54,Sold,31,92,51,16600,7484248,159552
1009,861,4,22,3,3235,159,Sold,71,59,19,17045,7022052,262512
1010,784,1,10,5,4227,181,Sold,98,33,10,15986,6709270,451919
1011,286,4,32,3,3969,70,Sold,78,66,22,16294,4700720,234058
1012,2,1,13,3,4972,131,Active,97,28,6,17937,3505850,421352
1013,443,6,4,2,4426,17,Active,43,90,35,18069,5351035,147333
1014,532,2,20,1,4032,131,Sold,78,58,19,15715,5715121,263014
1015,353,2,3,2,3494,185,Active,77,52,18,15356,4994599,239346
1016,498,3,13,1,3529,73,Sold,62,80,25,15196,5577857,207584
1017,964,1,9,1,4447,95,Sold,93,24,6,16205,7436093,357561
1018,1010,6,24,5,4257,91,Active,36,96,54,18444,7626912,151881
1019,697,3,21,5,4997,178,Active,54,74,22,18228,6377137,348079
1020,824,7,37,5,3566,94,Sold,40,94,48,16215,6876687,111430
1021,324,5,25,5,3357,87,Sold,40,95,51,15779,4867236,118361
1022,270,6,17,2,4339,22,Sold,34,84,59,18147,4635013,154087
1023,16,7,24,4,3140,152,Sold,33,81,38,17519,3574707,95425
1024,236,7,2,2,4864,101,Sold,43,80,55,18185,4490099,155813
1025,450,1,1,4,4971,145,Sold,95,33,8,17334,5380738,568148
1026,386,2,19,4,3565,130,Sold,79,48,16,15334,5124212,239139
1027,830,4,7,2,3742,150,Sold,66,56,20,17591,6905940,258993
1028,490,8,37,2,3215,159,Sold,44,85,41,16473,5542304,100083
1029,229,7,14,3,3726,126,Active,38,88,57,16579,4461296,122757
1030,655,1,21,3,3266,187,Sold,89,34,11,15695,6220522,334945
1031,9,5,6,5,3985,31,Sold,38,81,56,16830,3542304,120650
1032,93,2,20,5,4948,196,Sold,77,64,14,17209,3896939,349311
1033,347,8,25,1,3404,85,Sold,43,97,54,17199,4968046,102297
1034,1016,3,7,3,4781,99,Sold,64,73,26,17797,7646264,232915
1035,684,3,32,1,4682,69,Active,60,79,24,18321,6333933,319110
1036,578,2,35,1,4547,162,Active,76,60,13,16899,5907740,246535
1037,24,4,2,2,3829,31,Sold,76,52,23,16685,3612061,224475
1038,239,1,36,2,4524,29,Active,88,30,5,16821,4499099,354173
1039,875,3,23,1,3064,15,Sold,60,71,26,16468,7079657,160044
1040,60,7,17,5,3113,33,Active,32,85,44,18264,3761026,107648
1041,723,2,3,3,3774,135,Sold,78,50,15,15256,6474797,234349
1042,924,3,38,1,3629,136,Sold,52,87,27,18255,7270477,193249
1043,907,3,5,5,3334,42,Sold,53,76,20,16778,7202070,191612
1044,160,6,28,4,3392,103,Sold,37,92,45,17658,4167866,107594
1045,953,1,24,4,4307,72,Sold,93,27,8,16821,7389738,573359
1046,772,7,16,3,4376,127,Active,34,98,56,18416,6652565,142325
1047,873,3,6,1,3941,128,Active,51,72,23,17574,7067956,245679
1048,1064,8,22,2,4826,136,Sold,43,88,49,18415,7869486,169296
1049,567,5,6,5,4347,18,Sold,42,92,52,16605,5859135,130453
1050,438,7,6,5,3008,183,Sold,31,95,36,15438,5328982,92105
1051,631,5,1,2,4745,113,Active,35,87,44,16693,6118811,160789
1052,572,1,21,4,3037,137,Sold,88,21,5,16144,5878937,330471
1053,303,5,27,3,4154,21,Active,36,89,41,17442,4774527,137514
1054,958,8,17,3,3454,110,Active,37,89,41,15648,7411341,119108
1055,217,8,5,1,4529,48,Sold,30,98,37,16914,4410441,149973
1056,817,8,2,1,4708,71,Sold,37,97,49,15968,6845184,156776
1057,926,2,26,4,4458,93,Sold,73,47,14,15431,7277677,320486
1058,918,2,31,3,3412,161,Active,81,54,18,16438,7252925,265409
1059,568,2,2,4,4062,95,Sold,83,48,12,15005,5862736,237685
1060,304,1,3,5,3122,9,Sold,96,22,8,16980,4781278,252507
1061,711,2,1,4,4730,47,Sold,73,57,13,16549,6429792,340185
1062,838,5,2,3,3264,96,Sold,40,82,48,15275,6938343,103221
1063,586,5,36,2,4353,193,Sold,40,92,42,18169,5944194,152712
1064,590,8,32,4,3996,132,Sold,37,96,46,16189,5958145,125938
1065,255,1,39,5,4176,199,Sold,94,23,11,15162,4567506,340459
1066,676,7,27,3,4988,132,Sold,31,82,52,15655,6295229,176645
1067,133,8,6,1,4832,121,Sold,41,81,53,17935,4060306,150768
1068,140,1,32,1,3205,25,Sold,91,30,7,17386,4086858,288795
1069,1075,7,19,3,3278,9,Sold,39,85,50,16732,7913591,115694
1070,1073,8,22,1,3574,106,Sold,37,96,46,17557,7904590,109543
1071,275,3,24,1,4544,144,Sold,58,72,18,15150,4662016,284389
1072,28,5,5,3,4705,107,Sold,43,97,39,18481,3630963,156422
1073,190,8,23,5,3419,101,Active,31,92,55,16107,4295229,102802
1074,529,3,39,4,4608,178,Sold,54,87,24,15729,5702970,228321
1075,316,8,33,3,4297,118,Sold,35,99,46,16132,4832583,139644
1076,578,4,18,5,4560,123,Sold,77,51,19,16257,5910441,364048
1077,813,5,27,3,4997,171,Sold,39,90,52,18080,6823132,158935
1078,867,6,22,1,3024,25,Sold,30,82,38,17210,7044554,105102
1079,966,4,23,4,3343,53,Sold,74,66,17,17885,7444644,188109
1080,295,2,22,5,4468,136,Sold,84,53,16,16990,4742124,253411
1081,1092,8,19,4,3840,195,Sold,31,93,58,17672,7978397,126067
1082,1088,3,40,1,4602,94,Active,51,72,23,18319,7964896,304778
1083,379,1,1,4,4129,60,Sold,89,21,9,17308,5090459,445086
1084,289,2,8,1,3896,99,Sold,75,50,12,16493,4712421,267407
1085,244,5,19,1,3553,196,Active,43,93,46,17201,4522502,118365
1086,165,8,6,3,3013,177,Sold,41,82,36,17348,4186768,99001
1087,409,2,2,1,3139,38,Active,78,47,12,17452,5218271,205412
1088,410,6,26,5,4034,72,Sold,31,87,57,18352,5221872,121770
1089,501,1,14,1,3150,198,Sold,98,19,6,15245,5590909,347106
1090,1046,4,27,1,3481,102,Sold,66,50,18,18081,7779027,278137
1091,470,7,35,3,3180,85,Sold,31,90,54,17622,5459945,103776
1092,630,6,36,2,3024,70,Active,44,91,38,18101,6112061,101897
1093,783,1,25,4,4562,43,Sold,97,24,7,16171,6700270,593094
1094,795,2,25,4,3794,167,Active,84,57,13,15822,6755175,262818
1095,974,3,27,2,4547,147,Sold,56,76,20,17880,7479747,269735
1096,886,5,12,5,4107,172,Sold,32,86,47,15410,7123762,141634
1097,349,7,22,5,4988,113,Active,30,86,40,16308,4980198,170091
1098,566,8,31,5,3701,45,Sold,32,86,54,17318,5854635,131126
1099,690,5,16,1,4249,152,Sold,44,82,53,16920,6356435,138364
1100,1090,6,24,1,3754,68,Sold,30,94,36,18441,7969846,124580
1101,649,2,16,1,4185,76,Active,80,61,17,18224,6193969,305195
1102,426,2,12,4,4225,183,Sold,73,60,19,17369,5284428,287067
1103,612,5,21,4,4747,93,Sold,30,95,35,16852,6045004,148439
1104,602,2,21,5,3754,99,Sold,81,59,14,15527,6004950,229880
1105,587,3,36,2,3406,165,Sold,51,82,20,17650,5946894,215030
1106,966,8,17,1,4828,58,Sold,42,81,59,15905,7443294,157248
1107,261,5,18,5,4695,177,Sold,37,85,56,15769,4591359,145470
1108,467,6,24,1,3764,86,Sold,34,81,55,15055,5446444,116436
1109,506,6,40,5,4111,12,Sold,32,92,57,15965,5612511,138376
1110,26,7,39,3,4554,175,Sold,44,84,52,17648,3618361,143888
1111,74,8,39,1,4035,8,Sold,31,93,46,17699,3815481,136682
1112,795,4,1,2,4325,197,Sold,65,65,22,17839,6754725,325774
1113,429,2,4,4,3985,199,Sold,73,45,16,17734,5293879,257605
1114,320,2,23,2,3367,123,Active,84,50,14,17259,4849684,194605
1115,759,3,39,5,4986,55,Sold,63,72,25,16175,6605310,265814
1116,576,3,13,3,3953,58,Sold,58,75,23,18470,5897839,209553
1117,502,6,29,4,3930,192,Active,42,86,49,15178,5592259,129132
1118,1022,6,12,5,3313,176,Sold,43,82,39,15363,7671017,112708
1119,995,7,39,1,4698,82,Sold,36,84,47,18435,7562106,154066
1120,778,4,26,1,3676,147,Active,77,61,15,16254,6682718,263251
1121,568,1,27,3,3122,94,Sold,90,32,7,17062,5863636,293421
1122,582,4,3,3,4728,146,Active,73,54,19,18228,5926642,372065
1123,412,2,26,3,3326,77,Sold,72,50,17,18238,5229072,180966
1124,952,4,35,2,3556,22,Active,77,63,23,17389,7380288,295120
1125,390,5,3,3,4732,197,Active,40,94,36,17937,5140414,165478
1126,1038,5,30,1,3736,158,Active,30,87,47,18238,7744824,131911
1127,522,5,37,1,3460,55,Sold,39,88,40,17967,5673717,115460
1128,139,7,26,1,3071,125,Active,30,82,44,16374,4079207,98094
1129,997,2,23,1,4872,75,Sold,83,50,14,15107,7567506,309446
1130,456,7,32,3,3172,29,Sold,37,97,43,18450,5396039,97177
1131,701,2,5,2,3651,37,Sold,81,49,13,17345,6392889,259485
1132,259,3,31,4,4629,83,Sold,59,78,21,16178,4585958,319320
1133,93,7,21,5,3843,90,Active,34,89,53,17973,3896039,132545
1134,145,5,1,5,4322,116,Active,43,99,58,17336,4110261,146360
1135,435,1,33,1,4512,182,Sold,94,32,11,16681,5315931,535270
1136,649,1,7,3,4258,153,Sold,96,24,8,16318,6196669,565218
1137,275,6,24,5,4706,191,Sold,42,97,52,17707,4658865,147392
1138,99,6,3,1,3983,83,Active,37,98,48,15348,3914041,124214
1139,977,4,24,3,4761,186,Active,69,55,23,15082,7489198,357315
1140,216,6,20,1,3458,174,Sold,40,88,43,17741,4407290,123063
1141,4,2,21,5,4526,47,Sold,80,48,15,18103,3516651,312663
1142,726,3,23,4,4414,45,Sold,58,71,23,18168,6488298,215573
1143,699,1,20,1,3190,161,Sold,89,21,5,16319,6385688,261189
1144,883,7,5,5,4283,23,Sold,36,99,39,17901,7114761,141356
1145,690,1,35,5,4677,83,Sold,95,34,10,17650,6356885,389921
1146,506,4,26,3,3669,165,Active,68,51,22,15980,5611611,306475
1147,42,8,6,1,3906,197,Active,37,89,36,15173,3688568,122727
1148,814,1,10,4,3433,126,Active,97,18,6,15526,6828532,467952
1149,308,8,19,1,4672,21,Sold,36,84,51,15052,4796129,142954
1150,916,5,25,4,4869,10,Sold,38,80,40,17131,7243474,148855
1151,1019,3,7,1,3250,82,Sold,54,75,24,17765,7659315,185744
1152,360,2,26,4,4839,63,Sold,75,51,15,18488,5018451,289533
1153,356,1,14,3,4080,132,Sold,95,19,6,16370,5005400,310121
1154,541,2,20,2,3185,183,Sold,82,61,16,17230,5749774,245441
1155,79,6,39,4,3448,86,Sold,41,99,40,18075,3840684,106102
1156,325,1,36,1,3724,86,Sold,97,18,8,16685,4872187,301607
1157,712,1,32,1,3517,37,Active,98,20,9,16088,6431593,314622
1158,57,2,36,2,4119,164,Active,81,56,19,17954,3753375,314164
1159,894,3,18,1,4904,155,Sold,64,83,20,17591,7157965,263027
1160,385,8,26,4,3015,112,Active,32,85,41,16962,5122412,106918
1161,67,4,1,3,4502,154,Sold,79,53,24,15129,3790729,274928
1162,989,4,37,1,4162,138,Sold,74,65,20,16630,7540504,334211
1163,605,3,19,4,4504,181,Sold,53,89,25,17369,6015301,240088
1164,794,7,31,4,4387,102,Active,44,94,56,17000,6753825,156905
1165,411,1,22,2,4407,154,Sold,98,32,10,17490,5225922,510650
1166,723,8,23,5,4565,157,Sold,40,97,57,17612,6471647,146637
1167,104,4,8,4,4471,22,Active,67,55,24,18428,3940594,247716
1168,876,7,31,4,4137,196,Sold,32,98,42,16076,7085958,135569
1169,897,6,2,2,3819,45,Sold,35,98,56,17883,7166516,120963
1170,819,8,32,4,4684,64,Sold,36,94,49,16381,6851035,165860
1171,573,7,34,1,3230,82,Sold,31,99,36,15096,5882088,109768
1172,748,3,6,4,4231,122,Sold,52,73,26,18095,6565256,271244
1173,129,4,6,5,4795,11,Active,67,52,16,15882,4046354,329373
1174,857,5,28,3,4514,146,Active,41,82,48,16708,7011701,156880
1175,145,3,9,3,4007,53,Sold,56,79,19,15489,4111611,235265
1176,877,3,10,4,3455,114,Sold,60,84,21,16652,7089558,200169
1177,575,3,16,5,4611,91,Active,62,83,24,17845,5896039,225017
1178,135,3,25,4,3552,45,Active,60,73,21,17233,4067056,185431
1179,1073,8,24,3,4353,192,Sold,44,99,40,16191,7907740,137111
1180,447,5,11,1,3377,129,Active,38,92,37,16628,5369036,104856
1181,102,5,5,1,4325,73,Sold,36,97,51,17902,3927992,135381
1182,776,6,39,3,4919,62,Active,39,90,37,16559,6671467,163645
1183,43,3,2,4,3305,84,Sold,59,79,21,16991,3693969,215401
1184,352,7,39,1,4339,165,Sold,34,80,55,17728,4990099,130265
1185,295,6,40,1,4853,9,Sold,32,94,53,17661,4743474,154917
1186,282,4,39,4,4401,69,Sold,78,51,19,15148,4684968,304358
1187,23,8,38,2,3057,70,Active,30,83,46,17300,3603060,97512
1188,1042,1,21,4,4887,73,Active,97,30,7,15441,7762826,501565
1189,388,6,24,1,3939,99,Active,42,85,46,15618,5135913,119651
1190,1050,2,17,2,4641,42,Sold,76,60,17,15584,7804230,287302
1191,327,2,12,4,3202,74,Sold,84,55,18,16162,4879837,181688
1192,439,8,39,4,4703,86,Sold,42,99,40,16288,5332583,148304
1193,333,7,2,3,3211,92,Sold,41,88,35,15689,4908190,112289
1194,817,3,39,5,3764,197,Sold,54,89,20,16611,6841584,263612
1195,606,1,36,4,3447,75,Active,92,19,7,16328,6021152,333997
1196,983,2,14,4,3291,119,Sold,72,46,15,16860,7511701,240617
1197,203,1,30,5,3728,150,Active,91,24,9,17760,4353735,498415
1198,971,3,10,3,4521,7,Sold,53,75,23,17434,7464896,228828
1199,594,8,28,4,4296,137,Sold,35,85,35,17646,5976147,146287
1200,997,5,35,4,3922,58,Sold,38,87,36,15713,7567956,140580
1201,314,2,17,3,4557,152,Sold,74,52,18,18163,4822682,348643
1202,830,8,20,1,4910,85,Sold,34,94,58,16749,6908190,169611
1203,371,8,34,3,4750,121,Sold,32,88,48,15794,5061656,157719
1204,1001,7,25,1,4007,27,Sold,44,89,36,16413,7587758,144236
1205,955,1,38,3,4566,142,Active,99,19,7,17925,7395139,540831
1206,266,3,29,4,3451,118,Active,57,85,20,17098,4619261,223062
1207,202,4,27,2,4263,166,Active,70,50,19,17381,4348784,242175
1208,724,5,2,1,4948,88,Active,41,92,53,15596,6478847,166372
1209,658,7,13,3,3936,165,Sold,35,97,50,16616,6232673,129754
1210,1010,3,11,2,4701,163,Sold,61,83,23,15314,7628262,265392
1211,129,8,12,2,4833,27,Sold,44,84,59,16896,4045904,162099
1212,393,5,37,5,3748,41,Sold,36,92,46,15132,5156165,134456
1213,290,8,2,1,3869,18,Active,35,90,42,16933,4713771,127545
1214,361,7,1,2,4923,89,Sold,35,80,41,15947,5022052,154887
1215,358,5,17,1,3720,12,Sold,44,95,35,18176,5010801,121012
1216,20,5,14,2,3472,68,Active,40,81,49,16995,3595859,115958
1217,165,3,38,2,3471,11,Sold,57,76,19,15330,4185418,207549
1218,312,6,8,2,3973,166,Sold,42,93,45,17165,4815931,119802
1219,1089,1,40,2,4347,77,Sold,91,32,7,15972,7966246,473617
1220,646,8,3,4,3972,39,Active,38,95,38,15712,6180468,124959
1221,41,1,16,5,4230,127,Sold,92,21,10,18482,3685418,399851
1222,651,7,13,5,4620,48,Active,38,99,48,17122,6207470,146546
1223,110,4,11,1,3018,169,Sold,67,69,16,18191,3969846,235386
1224,516,6,18,2,4140,29,Sold,34,86,52,16905,5646264,148030
1225,436,8,37,1,3663,12,Sold,30,98,58,16117,5322232,121465
1226,558,1,9,2,4652,50,Sold,88,18,5,18438,5816381,515011
1227,626,3,9,4,4204,132,Sold,51,70,22,16099,6093159,255496
1228,850,5,1,1,3798,120,Active,43,95,36,15190,6986948,127149
1229,63,4,16,5,3108,83,Sold,77,67,24,17968,3776777,257798
1230,669,3,24,4,4458,181,Sold,53,82,21,15946,6270027,268693
1231,798,1,23,1,3484,71,Active,98,33,7,16724,6768226,326303
1232,506,1,8,5,4357,132,Sold,93,18,8,17729,5611161,400746
1233,82,4,16,2,4946,128,Sold,65,53,21,18051,3850585,342966
1234,194,7,37,1,4572,185,Sold,33,93,43,15385,4312331,138577
1235,425,1,13,1,4359,84,Sold,95,22,7,18288,5274527,517075
1236,1026,8,17,3,3680,62,Sold,42,84,35,17635,7689468,121440
1237,228,1,17,4,3844,153,Sold,98,26,5,16612,4455895,386947
1238,224,4,8,2,4117,115,Active,79,66,23,15943,4437893,319559
1239,1090,7,13,2,3706,122,Sold,42,97,59,17107,7970297,111521
1240,1004,1,16,5,4829,108,Active,94,21,11,15226,7599459,455326
1241,968,3,35,4,3561,161,Sold,58,80,27,15201,7451395,227505
1242,474,7,36,2,4443,38,Sold,32,85,49,15726,5477947,134214
1243,1029,6,40,3,3043,96,Active,32,93,41,15665,7704770,103456
1244,321,8,27,5,3837,53,Sold,43,92,51,17266,4853285,118111
1245,543,2,12,5,4422,111,Sold,81,58,13,17732,5756525,316498
1246,531,5,26,1,3320,77,Sold,42,88,54,17272,5712871,106087
1247,117,6,21,1,4233,43,Sold,42,88,57,17258,3995049,149831
1248,85,4,21,4,3776,117,Active,68,62,20,17559,3865436,274510
1249,168,1,15,1,4999,86,Sold,94,19,7,15430,4203870,509436
1250,348,7,15,4,4737,168,Sold,43,83,45,15505,4977497,145862
1251,816,4,1,3,4160,199,Active,76,68,15,17522,6837983,273248
1252,643,5,3,4,4706,17,Sold,32,92,56,17418,6162916,162696
1253,831,1,27,5,4596,112,Active,98,26,10,15451,6912241,471056
1254,36,7,37,4,4993,137,Sold,39,85,56,17336,3662466,156011
1255,519,5,40,1,3785,16,Sold,39,90,38,16351,5660216,133959
1256,223,1,20,1,3689,67,Sold,93,29,11,16265,4434743,405689
1257,748,4,29,3,3885,33,Active,79,59,20,18180,6566156,258325
1258,156,6,26,4,3746,123,Sold,35,99,40,18493,4152115,131290
1259,987,1,39,2,3102,137,Active,94,28,6,17012,7528352,352395
1260,114,5,4,4,4527,137,Sold,35,80,50,18294,3985148,156851
1261,349,1,5,3,3817,197,Sold,95,28,5,16124,4979747,351708
1262,649,6,25,2,4181,46,Active,35,81,37,18452,6197119,142254
1263,75,4,29,3,3563,85,Sold,70,58,24,15655,3823582,256194
1264,607,1,9,1,3685,15,Sold,96,18,10,16954,6024752,334174
1265,436,5,6,1,4144,150,Sold,38,86,44,16312,5321782,143457
1266,534,6,33,3,4150,113,Sold,43,92,46,16671,5725022,135373
1267,1094,4,23,5,4424,35,Active,78,61,17,17452,7987848,246505
1268,479,6,13,1,4053,77,Sold,33,95,42,15424,5498649,128245
1269,928,7,33,5,3517,15,Active,41,89,51,17438,7293879,122631
1270,221,7,22,3,3902,33,Sold,39,94,48,16047,4428442,125457
1271,931,6,28,4,3902,117,Sold,35,85,42,15141,7303330,124388
1272,317,1,16,3,4716,105,Sold,99,25,5,15659,4836183,392572
1273,1048,5,1,5,4122,37,Active,39,91,50,18056,7793429,126537
1274,24,4,3,1,3486,185,Sold,70,51,18,16110,3609810,253024
1275,323,4,24,1,4084,195,Active,79,54,17,16793,4863636,314482
1276,654,2,6,2,3562,197,Sold,72,60,13,17398,6216921,203621
1277,137,6,11,4,3398,27,Active,38,90,48,16056,4076507,120677
1278,380,7,25,1,4812,118,Sold,34,82,56,15328,5094959,161087
1279,857,8,6,3,4908,144,Active,32,94,48,15774,7013501,154170
1280,589,3,26,1,3803,92,Sold,58,88,22,16610,5955445,211970
1281,112,1,29,5,4330,175,Sold,92,27,8,15621,3977947,469524
1282,322,5,10,4,3999,16,Active,38,83,55,15482,4856435,131095
1283,137,5,36,3,4558,42,Sold,37,91,51,16402,4075607,162593
1284,46,1,33,4,4521,199,Active,90,31,11,16992,3707470,563351
1285,409,5,10,1,3186,40,Active,33,84,53,15795,5219171,97957
1286,395,8,4,1,3767,147,Sold,39,98,51,15626,5164266,129924
1287,609,3,20,2,4483,191,Sold,58,83,18,17239,6033303,256342
1288,147,2,7,1,4093,161,Sold,80,59,14,18145,4116111,235821
1289,103,7,31,1,4375,167,Sold,35,99,40,18230,3933393,138171
1290,766,7,40,4,3901,164,Active,41,87,45,16110,6633213,130395
1291,84,2,40,5,4925,190,Sold,73,62,16,18049,3860036,249599
1292,327,4,9,4,4539,116,Sold,75,62,24,15441,4876237,252135
1293,913,8,34,4,4295,142,Sold,33,92,53,17276,7231323,142500
1294,648,1,11,1,3168,135,Sold,91,20,9,15682,6188568,343134
1295,594,2,34,2,3558,126,Active,73,55,18,17142,5977497,225798
1296,835,5,29,3,3262,120,Sold,38,90,38,16948,6928892,100183
1297,65,4,4,2,4043,184,Sold,75,50,17,17594,3783078,240700
1298,262,8,12,3,3255,123,Active,32,87,51,15146,4601260,106914
1299,586,2,23,2,4926,182,Sold,76,52,15,18123,5941494,381205
1300,549,4,37,1,3212,189,Sold,67,69,22,16940,5778577,240995
1301,912,1,4,3,3357,195,Sold,96,29,9,15375,7227272,275937
1302,418,7,39,1,4369,40,Sold,37,82,57,16758,5248424,153815
1303,693,2,29,2,3272,168,Sold,78,50,14,18219,6364086,248774
1304,305,5,12,4,4019,138,Active,34,95,47,16716,4783978,120723
1305,250,6,17,4,4812,116,Sold,35,98,37,15760,4548154,146949
1306,144,3,21,4,3061,50,Sold,64,71,25,18452,4105760,189175
1307,882,6,17,4,3525,177,Sold,35,90,57,17049,7107110,120083
1308,65,7,12,5,4074,54,Sold,35,90,45,17397,3784878,140431
1309,310,6,24,4,3244,186,Sold,32,82,40,18255,4807830,116382
1310,200,4,8,3,4152,140,Sold,71,69,19,15117,4338883,228850
1311,208,6,28,1,3879,172,Active,41,83,58,16019,4375787,126595
1312,426,7,35,2,4026,45,Sold,42,90,54,16754,5282628,123944
1313,312,3,3,1,4496,128,Sold,62,81,24,15849,4814581,290219
1314,823,3,29,3,3761,87,Sold,60,81,18,18448,6872187,251427
1315,335,6,23,2,4181,56,Sold,44,93,44,17315,4919891,133641
1316,231,6,20,1,3496,179,Sold,37,93,54,15462,4464446,108215
1317,478,3,26,4,4387,170,Sold,64,77,27,15892,5494149,308466
1318,684,7,25,2,3786,84,Active,34,97,51,16191,6330783,135955
1319,68,3,39,2,3535,139,Sold,61,73,26,18160,3793429,245007
1320,782,7,21,5,4723,125,Sold,42,93,39,15612,6698469,147962
1321,381,4,24,5,4138,174,Active,72,67,24,16948,5097209,228064
1322,851,2,34,5,4452,177,Sold,82,53,17,15065,6991449,240387
1323,789,7,11,4,4172,162,Active,30,90,44,18006,6730423,127371
1324,680,6,1,2,4912,47,Active,44,86,37,15606,6315481,167460
1325,334,5,32,1,4817,158,Active,36,92,36,17604,4912241,149240
1326,660,2,11,5,3712,189,Active,80,62,19,17296,6238073,271263
1327,232,1,40,2,4479,158,Active,88,32,7,17435,4472547,503305
1328,494,2,27,1,3225,123,Sold,77,50,14,15630,5556705,169123
1329,478,3,6,2,4259,153,Active,58,88,21,15004,5494599,208834
1330,369,3,22,1,3796,25,Sold,64,78,19,15754,5050855,183034
1331,124,3,34,3,3942,51,Active,57,75,27,17504,4026552,248478
1332,1009,1,11,4,3858,80,Active,97,18,8,15164,7620612,414706
1333,1008,1,28,3,4964,111,Sold,94,28,11,17464,7616561,533183
1334,618,5,16,4,4358,136,Sold,39,85,36,18272,6068856,138192
1335,85,2,13,2,4487,43,Sold,72,63,18,17346,3860936,247478
1336,460,1,24,5,4833,92,Active,98,20,8,16308,5414041,410974
1337,186,4,15,4,3540,24,Sold,77,53,21,16250,4283528,296716
1338,232,6,32,1,4753,169,Sold,32,82,55,16240,4474797,152305
1339,57,7,33,5,4488,31,Active,34,98,55,16634,3751575,137826
1340,163,6,25,4,3600,139,Sold,38,98,48,17631,4179567,125863
1341,502,3,27,3,3266,47,Sold,56,81,20,17762,5599909,190003
1342,333,6,2,5,4834,92,Sold,42,94,44,18167,4911341,150869
1343,502,2,32,5,4866,30,Active,75,47,15,18330,5599459,262863
1344,827,4,16,5,4022,189,Sold,69,66,17,16785,6893339,333245
1345,161,8,24,1,3966,23,Active,30,97,43,16933,4175967,122208
1346,615,6,5,4,3845,158,Active,34,91,50,16538,6058505,124540
1347,11,1,27,3,4420,122,Sold,90,19,9,18464,3546804,387689
1348,679,3,9,3,4497,197,Active,50,71,19,16207,6312331,251472
1349,703,7,7,4,3107,157,Sold,32,80,55,17204,6399189,101810
1350,732,1,29,4,3436,14,Sold,98,26,5,17806,6510351,306259
1351,887,5,13,3,4712,37,Active,40,80,40,17036,7124212,164468
1352,1035,5,10,2,4174,178,Sold,39,98,41,17647,7730423,126030
1353,354,7,4,5,4725,105,Sold,42,95,49,15068,4998649,144698
1354,206,3,31,2,4886,173,Sold,60,85,25,15245,4370837,313705
1355,282,1,37,5,4425,82,Sold,93,23,11,16733,4685418,540093
1356,863,2,32,1,3050,56,Active,77,58,13,15676,7032853,198017
1357,958,1,7,2,3521,64,Sold,97,27,8,17372,7410891,305535
1358,920,6,1,3,4150,73,Sold,30,96,44,15117,7260576,130078
1359,977,5,18,5,4218,31,Sold,38,96,36,15310,7489648,146027
1360,262,6,18,2,4608,102,Sold,31,97,59,17166,4602160,160699
1361,144,4,2,3,3840,130,Sold,65,59,16,17068,4102610,305249
1362,609,8,1,1,3127,168,Sold,36,93,37,18398,6032403,105249
1363,1002,8,11,1,4332,152,Sold,40,90,51,17922,7591809,137628
1364,871,3,36,5,3236,176,Sold,59,77,19,18389,7059855,174330
1365,48,4,15,4,4915,108,Sold,69,60,23,16997,3712871,347938
1366,953,6,14,2,3327,29,Sold,40,97,44,17501,7387038,104308
1367,189,1,5,5,3891,139,Sold,96,24,5,15305,4291179,343527
1368,812,8,7,3,3835,56,Sold,33,99,36,15293,6822682,137209
1369,651,3,4,4,4274,13,Sold,51,72,23,15940,6207020,265795
1370,334,1,12,4,3207,157,Sold,99,20,6,16613,4916741,309339
1371,697,6,25,5,4857,42,Sold,42,82,42,15661,6380288,153452
1372,1090,3,6,2,4571,110,Sold,62,75,19,16697,7972997,320204
1373,1035,1,13,2,3832,85,Active,90,27,5,18426,7729072,382491
1374,1035,4,10,5,3308,60,Sold,78,55,21,17047,7734923,216694
1375,947,8,38,2,3537,26,Sold,32,83,48,16800,7366336,113474
1376,690,4,33,3,4799,106,Sold,75,53,18,17636,6351935,340734
1377,1012,1,20,1,4853,32,Active,97,21,10,16687,7634113,635209
1378,508,4,37,4,4910,193,Sold,74,57,22,17327,5617911,280098
1379,1000,3,5,3,3012,34,Sold,58,82,23,16904,7579207,169925
1380,106,6,37,2,3733,114,Active,42,95,55,17052,3947344,123406
1381,580,4,16,3,3570,47,Active,66,67,19,15189,5914041,266144
1382,364,4,5,2,4711,115,Sold,69,65,15,15852,5032853,263717
1383,74,4,28,3,4470,127,Active,79,63,22,17173,3817281,303482
1384,309,5,21,3,3967,58,Sold,34,92,40,15767,4798379,136893
1385,505,2,32,2,4623,20,Sold,79,50,13,17298,5609810,297009
1386,793,6,8,1,4130,181,Active,30,93,58,15222,6746624,137736
1387,463,7,30,3,4147,147,Sold,42,88,38,17786,5426642,148396
1388,1056,6,3,5,4574,161,Sold,38,88,41,16041,7839333,149195
1389,459,6,23,5,4215,180,Sold,43,81,57,15315,5411341,127268
1390,611,2,9,2,4818,153,Sold,72,51,18,15409,6040054,354905
1391,239,6,16,5,4766,7,Sold,44,91,56,17918,4500000,151559
1392,868,4,18,5,4595,68,Sold,78,68,20,17580,7046354,338328
1393,996,8,38,2,4377,63,Sold,39,84,57,15478,7563456,140414
1394,56,8,9,4,3744,158,Sold,44,85,35,16011,3747074,127326
1395,689,6,22,1,3689,25,Active,35,95,42,15188,6348784,116941
1396,624,7,3,5,3660,196,Sold,36,82,59,16844,6086858,112992
1397,979,5,39,5,4283,29,Sold,41,94,43,17081,7497749,150093
1398,307,4,11,2,4484,144,Sold,75,58,22,16389,4788928,248232
1399,285,5,3,5,4868,199,Sold,41,91,48,15442,4693969,170877
1400,128,1,33,5,3686,198,Active,98,32,5,17017,4042304,304187
1401,912,8,5,5,4062,119,Sold,34,92,47,15259,7229972,127222
1402,352,6,7,2,3491,59,Sold,39,98,45,15004,4989648,113004
1403,860,3,30,1,4972,63,Sold,51,81,25,18227,7021152,346926
1404,914,4,15,5,4603,168,Active,78,53,22,15107,7237623,344330
1405,956,4,10,5,3084,186,Active,79,64,19,17286,7402340,179180
1406,522,3,31,2,3986,134,Sold,60,87,22,16301,5676417,200869
1407,131,2,20,2,3910,148,Active,80,52,13,17624,4052205,223919
1408,498,2,30,5,4994,182,Sold,77,46,13,15957,5578757,300974
1409,285,7,13,3,3168,119,Active,43,99,57,18356,4696669,103461
1410,1095,2,40,3,3857,8,Sold,75,54,13,17779,7995949,273997
1411,937,1,4,4,4136,21,Sold,98,24,8,16553,7328082,479528
1412,605,7,13,2,3776,37,Active,43,82,53,15767,6013951,134078
1413,621,2,14,1,4094,155,Sold,84,49,18,16241,6076507,231729
1414,34,4,32,5,3256,175,Sold,72,60,22,16537,3655715,211931
1415,108,7,20,5,4794,105,Sold,41,91,36,16345,3960396,165748
1416,727,3,37,5,4087,59,Active,61,80,18,15763,6489648,270618
1417,432,2,23,5,4414,115,Sold,82,48,12,18367,5304680,238051
1418,642,6,31,3,3572,137,Sold,37,82,36,16757,6161566,119983
1419,811,6,37,1,3950,99,Sold,32,80,46,17612,6813681,126787
1420,369,7,2,5,3209,20,Active,36,93,55,15390,5053105,97643
1421,295,8,5,2,4055,140,Sold,44,90,36,15663,4740774,141057
1422,287,3,9,5,4383,82,Sold,52,73,19,18174,4702070,294173
1423,46,5,8,3,4777,70,Sold,30,83,56,16656,3704320,153810
1424,1048,7,5,4,3180,30,Sold,37,83,40,16328,7792529,109042
1425,230,6,37,5,4027,134,Active,30,89,59,16356,4462646,132392
1426,488,1,37,4,4322,175,Sold,91,23,8,18061,5533753,552287
1427,314,1,19,1,3506,38,Sold,88,20,10,15735,4824932,448268
1428,649,7,20,5,3541,199,Sold,39,88,57,16832,6194419,114049
1429,356,6,2,1,3932,87,Active,43,81,59,17301,5006750,118605
1430,626,2,39,5,3479,166,Sold,79,47,14,18357,6093609,256827
1431,381,5,23,5,3894,173,Sold,35,96,48,16191,5096309,118300
1432,1080,8,17,3,4830,82,Sold,34,89,39,16225,7932043,164384
1433,395,6,8,5,4449,154,Active,35,97,36,17970,5166516,135339
1434,22,6,20,3,4189,153,Sold,38,95,40,16803,3600360,131920
1435,440,7,35,4,3354,90,Active,41,89,55,17583,5339783,105752
1436,1081,4,29,5,4154,132,Active,76,57,21,15115,7937443,310248
1437,766,3,21,2,3959,152,Sold,55,85,26,15270,6636363,254225
1438,844,6,11,3,4214,164,Sold,37,82,58,17182,6959945,143815
1439,167,4,19,3,3654,21,Active,74,50,22,18126,4198469,293329
1440,75,7,31,5,3174,175,Sold,40,89,59,15788,3819981,106500
1441,608,4,22,2,3430,44,Sold,72,50,22,17840,6026102,276499
1442,535,8,38,3,3773,86,Sold,38,89,55,15384,5729072,118955
1443,1002,1,12,2,3966,144,Sold,97,18,10,15705,7588658,375858
1444,345,3,30,3,3285,27,Active,53,79,27,17304,4963996,195145
1445,468,8,36,1,4017,109,Sold,34,84,41,16867,5448694,134441
1446,554,7,37,2,3778,36,Sold,30,86,58,18407,5797929,133454
1447,765,7,37,5,3983,51,Sold,33,93,55,15532,6628712,131144
1448,301,1,26,5,4083,77,Sold,91,18,9,15626,4766426,484060
1449,1065,7,29,2,3624,109,Sold,35,81,35,16240,7873087,119215
1450,425,7,29,3,3890,130,Active,40,98,56,17999,5275877,139044
1451,919,7,6,1,4481,110,Sold,36,93,40,15229,7259225,135237
1452,1048,5,32,3,3835,199,Active,36,80,40,17930,7795679,123180
1453,265,4,4,1,4312,83,Sold,73,58,18,16098,4614311,255930
1454,253,2,11,5,4375,10,Active,83,56,16,17888,4558955,260190
1455,542,2,1,5,4536,85,Sold,79,45,18,17231,5752925,247069
1456,155,7,29,2,3019,86,Sold,40,92,52,15568,4148964,100309
1457,557,2,30,2,3175,170,Sold,77,61,18,17144,5812781,190202
1458,550,8,26,3,3942,161,Sold,30,82,52,17427,5782178,138601
1459,615,6,18,4,4398,71,Active,42,91,49,16702,6056255,134623
1460,412,3,2,1,4482,193,Active,52,76,21,17757,5230873,225018
1461,46,8,31,4,3581,38,Active,32,80,37,15497,3704770,119462
1462,595,3,10,1,4036,109,Active,53,72,25,18484,5979747,259944
1463,4,6,16,5,4622,169,Sold,31,98,48,16443,3516201,139122
1464,468,5,19,2,3134,157,Active,36,93,59,18362,5446894,110267
1465,124,5,19,5,3974,198,Sold,39,99,48,15595,4028352,142309
1466,1089,5,17,2,3659,180,Sold,35,84,51,16752,7965346,115134
1467,328,5,33,4,4156,143,Active,31,85,50,17037,4882538,129983
1468,731,1,14,5,3709,147,Sold,89,28,10,16045,6507650,335702
1469,746,7,5,4,4987,197,Sold,32,94,53,16493,6558505,161220
1470,862,7,20,1,3078,182,Sold,42,92,38,15143,7027002,106819
1471,393,6,38,4,3980,176,Active,34,84,50,16986,5158865,128530
1472,331,5,37,1,4809,126,Sold,44,82,48,18480,4896939,167613
1473,575,1,21,5,3460,28,Sold,93,28,8,16452,5892439,343457
1474,1070,4,7,3,4471,177,Sold,77,63,17,15706,7890639,357459
1475,1043,4,21,4,4173,83,Active,76,62,21,17383,7764176,307782
1476,309,1,3,5,4525,10,Sold,88,24,5,15895,4797929,580569
1477,442,4,23,1,3107,197,Active,78,67,17,16832,5349684,168359
1478,97,1,24,4,4188,147,Sold,96,23,11,15877,3905940,390332
1479,280,1,36,2,3390,139,Active,90,32,5,16437,4675067,389494
1480,1045,6,7,4,3075,14,Sold,33,89,48,16809,7774077,98671
1481,282,6,5,1,3900,183,Active,37,80,50,17290,4684518,138762
1482,196,4,29,5,3201,113,Sold,76,57,18,15645,4322682,230837
1483,812,2,21,4,4439,89,Active,84,58,19,15323,6819531,265662
1484,988,2,34,3,3976,171,Sold,84,63,14,16214,7533753,237329
1485,575,7,36,2,3784,85,Sold,33,88,38,16832,5892889,116805
1486,337,4,2,1,3942,110,Sold,74,55,24,16774,4926192,299174
1487,716,4,36,5,4999,192,Sold,76,64,19,16147,6444194,314920
1488,32,6,9,3,3552,134,Active,41,80,57,15511,3647164,110453
1489,807,3,14,5,3871,129,Sold,54,84,23,18455,6800180,248760
1490,1028,8,40,2,3551,199,Active,37,99,58,16111,7697119,123717
1491,987,3,27,1,3214,86,Sold,53,83,24,16320,7529702,157409
1492,252,3,23,1,3362,159,Active,56,79,24,18365,4554455,164109
1493,847,5,18,5,3026,134,Active,37,80,47,15190,6967596,103877
1494,53,3,11,2,4835,80,Active,62,83,24,17715,3737173,259295
1495,1049,3,18,3,4697,151,Active,63,86,20,18332,7798379,298639
1496,1028,3,8,3,4930,79,Sold,53,89,25,17597,7700270,342039
1497,845,7,37,2,4729,9,Active,44,81,41,16822,6964446,157523
1498,1095,1,17,5,3894,19,Sold,90,27,9,15806,7992799,486945
1499,1034,3,18,5,3540,10,Active,63,84,26,16865,7723672,202069
1500,270,6,19,3,3670,150,Active,34,87,37,16098,4635913,113931
1501,888,2,34,4,3682,176,Active,75,48,19,15247,7129162,198089
1502,935,2,15,5,3598,159,Sold,74,63,17,15149,7320882,243639
1503,398,5,30,4,4084,127,Active,30,89,39,18298,5180018,145635
1504,1093,3,20,5,4845,112,Sold,62,85,18,15328,7987398,336127
1505,300,5,30,2,4543,172,Sold,31,96,54,15338,4761926,147130
1506,927,1,37,3,4604,195,Active,97,23,5,16626,7285328,438082
1507,466,4,28,4,4118,141,Sold,69,61,15,16011,5437893,319839
1508,141,6,17,3,3860,52,Active,30,88,48,17997,4092709,130993
1509,169,1,38,3,3447,139,Sold,94,34,7,15089,4210171,432943
1510,384,3,3,3,3911,82,Sold,54,70,19,17503,5117011,218590
1511,159,7,22,1,3214,102,Sold,41,84,59,18200,4166066,98226
1512,571,5,14,3,4139,171,Sold,32,96,47,15600,5875337,142738
1513,900,2,4,1,4470,116,Sold,74,53,17,18456,7177767,332813
1514,1061,6,2,3,4379,67,Sold,30,87,59,17958,7860036,133524
1515,248,4,4,2,3259,123,Sold,75,65,22,15299,4541854,174702
1516,661,5,8,5,3777,107,Active,37,85,51,15322,6242124,119315
1517,615,8,24,4,3827,138,Active,39,91,44,15563,6058055,119984
1518,166,1,4,4,4241,180,Sold,89,22,5,16530,4192169,542191
1519,1056,5,6,2,3844,81,Sold,38,93,44,17972,7837533,115850
1520,351,2,36,1,4405,190,Sold,82,46,14,15922,4987848,242018
1521,909,2,34,5,3982,196,Active,72,52,14,17913,7211071,277335
1522,901,3,29,5,3403,164,Sold,53,78,19,15035,7183168,223825
1523,92,3,26,4,4457,69,Sold,58,75,27,17367,3891089,287829
1524,517,7,38,2,4832,184,Sold,41,83,37,17806,5654815,163689
1525,277,2,15,1,4946,73,Active,81,52,14,16834,4664266,297929
1526,250,8,31,3,4100,35,Sold,44,96,50,16901,4548604,131257
1527,429,8,25,4,3414,155,Sold,37,94,59,16993,5292529,122788
1528,5,8,23,4,4226,95,Sold,36,99,43,16241,3521602,151959
1529,1024,6,12,5,3081,140,Sold,43,87,45,17467,7682268,100804
1530,780,6,31,4,3607,132,Sold,36,97,56,15851,6689018,121909
1531,812,4,12,4,3761,48,Active,74,50,22,16798,6819081,294046
1532,265,4,7,3,4632,148,Active,77,60,18,17264,4615661,247946
1533,123,6,5,5,4637,53,Sold,35,82,45,15916,4024752,160301
1534,287,1,13,4,3717,50,Active,96,31,5,15307,4701170,450389
1535,295,6,27,4,4406,161,Sold,40,81,42,17481,4744374,149496
1536,722,2,5,4,4632,31,Sold,74,58,18,16589,6469846,323527
1537,83,3,35,4,4131,177,Active,51,82,21,16998,3855985,288535
1538,1034,1,16,5,3534,155,Active,93,29,6,15016,7724572,311849
1539,354,7,2,5,3070,99,Sold,42,81,45,16473,4996849,101605
1540,298,7,4,3,3382,141,Sold,43,84,51,17960,4758775,102211
1541,15,8,21,1,4643,193,Sold,37,82,53,16943,3570657,158679
1542,821,1,32,1,4732,60,Sold,93,29,9,16409,6858685,479624
1543,1018,7,29,1,3162,189,Sold,39,93,54,17050,7655265,97731
1544,448,2,40,3,4995,164,Active,74,57,13,17425,5370387,293161
1545,29,5,19,1,3170,192,Sold,30,97,49,17658,3633213,103824
1546,511,8,5,4,4023,118,Sold,40,89,35,18341,5628262,121519
1547,198,6,32,1,3825,8,Active,40,93,51,17910,4327182,115829
1548,382,4,12,5,4573,20,Sold,66,65,18,16743,5101710,370223
1549,165,6,3,2,4972,85,Sold,41,99,52,18202,4184968,162952
1550,365,3,38,4,3105,183,Active,57,70,25,17364,5036903,165265
1551,861,1,28,2,3343,19,Active,88,30,11,17562,7023402,267106
1552,98,4,34,3,3641,69,Sold,72,62,18,17849,3909090,297306
1553,900,1,3,3,4487,8,Active,89,28,10,16307,7179117,351680
1554,246,7,30,4,3821,81,Active,34,83,58,16357,4534653,121936
1555,368,5,29,4,4107,122,Sold,31,87,57,18285,5049504,123218
1556,1046,5,21,4,3848,94,Active,43,84,39,17894,7785328,116610
1557,938,6,11,4,3127,180,Active,38,83,42,16189,7330333,106193
1558,605,7,8,3,3831,97,Sold,31,88,45,17753,6015751,117091
1559,580,8,8,4,4332,29,Sold,36,97,42,15950,5914491,135271
1560,470,4,11,4,3814,98,Active,73,69,18,16053,5462196,284494
1561,1086,8,16,5,4909,86,Sold,30,92,36,17992,7957245,175212
1562,596,4,28,1,3654,95,Sold,77,58,22,17261,5981998,268454
1563,131,1,1,1,4655,20,Active,92,29,9,16326,4052655,367489
1564,92,4,35,1,4562,198,Sold,68,57,23,16407,3893339,363585
1565,468,7,16,4,3192,114,Sold,39,90,51,16973,5447344,100771
1566,519,1,6,1,3904,19,Active,90,18,11,17410,5662466,438653
1567,777,7,38,4,4529,127,Sold,41,83,54,16048,6674617,155417
1568,322,7,12,3,4952,60,Sold,37,95,48,17105,4857335,174518
1569,917,1,10,2,4019,83,Sold,90,27,7,17270,7249324,379755
1570,216,7,36,2,3930,30,Sold,40,80,44,15618,4405940,131993
1571,464,3,14,4,3540,40,Sold,52,84,24,17935,5430243,188679
1572,30,5,19,5,3526,101,Active,42,83,43,15815,3635013,120490
1573,836,8,11,3,4005,75,Active,44,98,55,15696,6931593,140343
1574,559,1,15,4,4809,29,Active,89,22,7,15949,5825382,420451
1575,686,4,38,1,4650,83,Sold,75,56,24,17023,6338883,339822
1576,177,7,32,3,3025,22,Sold,42,88,41,15204,4238523,103473
1577,158,5,16,4,3471,70,Sold,31,99,39,16737,4162466,124394
1578,175,3,5,2,3097,152,Sold,62,88,19,16676,4233573,175117
1579,383,6,25,1,4446,179,Sold,31,90,54,18483,5113861,156855
1580,185,4,24,1,3433,179,Sold,71,56,19,17832,4275427,210031
1581,60,2,24,4,4561,186,Sold,78,52,12,15925,3762826,246834
1582,999,4,31,4,4653,28,Sold,79,61,17,16849,7576057,256578
1583,55,3,10,3,3131,34,Sold,50,77,19,15157,3745274,216986
1584,523,4,31,2,3716,65,Active,79,61,15,15271,5679567,293858
1585,672,5,1,4,4998,164,Active,44,80,39,16358,6281278,153609
1586,261,4,16,4,4097,42,Sold,74,58,21,15053,4595409,314365
1587,78,3,23,2,4219,118,Sold,55,84,27,17687,3837533,294304
1588,502,2,31,2,3496,124,Sold,78,51,16,15358,5597659,236458
1589,238,6,10,5,3154,103,Active,31,96,38,17665,4493699,111853
1590,282,2,31,1,4956,15,Sold,75,60,12,17846,4684068,283919
1591,316,7,9,5,4544,151,Active,31,91,48,15112,4831683,156286
1592,418,2,12,4,3304,93,Active,82,64,17,15235,5250225,177882
1593,850,5,7,3,3209,132,Active,33,89,55,15164,6988298,107694
1594,41,8,15,3,3847,133,Active,37,94,39,17296,3679567,124612
1595,364,4,35,2,4576,181,Sold,66,61,20,17989,5035103,316076
1596,130,4,12,3,3031,64,Sold,67,63,15,16184,4047704,245576
1597,62,8,33,3,4959,73,Sold,42,91,49,17342,3774527,178246
1598,829,4,28,3,4903,173,Active,72,53,16,16433,6900540,308323
1599,1090,1,38,1,4308,29,Sold,96,32,8,16986,7973447,541602
1600,285,3,6,3,4192,82,Sold,58,82,25,17869,4694869,217179
1601,324,5,14,5,3296,129,Active,35,97,36,15786,4868136,102578
1602,996,6,5,3,3158,97,Sold,40,98,53,15304,7566156,99616
1603,920,7,5,3,3574,68,Sold,31,89,46,16372,7261026,127120
1604,554,8,9,5,3759,177,Active,40,86,53,15966,5798829,129287
1605,45,7,15,4,3336,136,Sold,44,86,53,15134,3701620,102542
1606,49,4,5,3,4442,54,Sold,79,59,16,15263,3718271,350507
1607,102,7,38,5,3137,37,Sold,39,92,49,15745,3930693,101507
1608,433,6,19,5,3204,25,Sold,35,84,39,16148,5306930,100272
1609,368,2,4,5,3422,17,Sold,84,52,14,16105,5048604,229077
1610,66,8,7,3,4060,134,Sold,44,83,39,18264,3786678,138040
1611,648,3,19,3,4343,103,Sold,60,88,18,18347,6190369,283316
1612,788,5,3,2,3629,156,Active,32,90,51,18467,6729072,126667
1613,183,7,38,1,3912,70,Active,32,98,50,17366,4267326,120302
1614,698,6,27,2,4576,91,Sold,42,82,53,17591,6381188,160691
1615,1034,4,6,3,3158,69,Sold,74,55,15,18345,7725022,225481
1616,468,3,31,2,4761,157,Sold,62,88,23,16168,5449144,305953
1617,905,2,14,1,3538,119,Sold,77,64,16,16697,7196669,257091
1618,465,2,10,3,4601,124,Active,84,50,18,16176,5435193,321439
1619,309,2,5,1,4702,61,Active,73,57,17,15702,4801080,353720
1620,438,4,29,2,4993,129,Sold,73,52,18,18491,5328082,366426
1621,53,6,24,2,3754,7,Sold,40,91,55,16020,3738523,134881
1622,906,6,24,5,4995,118,Active,39,92,49,15260,7200720,175834
1623,655,6,1,4,4501,183,Active,33,89,36,15160,6221422,146985
1624,275,4,22,4,3400,130,Active,68,64,17,15076,4657515,240130
1625,190,6,1,5,4062,160,Active,38,92,50,17406,4297479,137507
1626,178,6,15,3,3871,83,Sold,38,89,56,17927,4245274,128494
1627,422,2,4,5,4456,115,Sold,77,53,19,17459,5260576,270709
1628,472,6,22,2,3696,67,Active,31,90,52,17865,5468496,130328
1629,1057,7,35,5,4134,195,Sold,43,96,37,17766,7840684,145029
1630,481,4,29,3,3826,15,Sold,68,58,21,17700,5506300,201508
1631,8,3,2,5,3637,106,Active,52,70,20,15043,3536903,230580
1632,44,3,30,4,4209,31,Sold,52,84,19,17588,3697119,204106
1633,1054,5,6,1,4011,106,Sold,41,91,48,18100,7823582,122993
1634,640,7,21,1,4600,100,Active,37,99,42,15260,6151665,138313
1635,587,6,33,4,4520,49,Sold,35,82,45,16676,5947794,144550
1636,755,3,1,5,4891,70,Sold,57,84,21,15268,6591359,266368
1637,756,3,30,2,3390,145,Sold,52,83,21,17571,6597209,201697
1638,953,8,12,4,3190,18,Sold,37,87,44,17905,7385238,113564
1639,552,4,31,3,4151,86,Active,79,58,24,16259,5792529,312944
1640,255,7,12,2,4127,142,Sold,37,89,53,16300,4566156,141886
1641,20,8,12,3,4893,33,Sold,43,92,59,18064,3594509,153562
1642,577,3,32,4,4353,152,Sold,58,89,24,17901,5902790,244952
1643,998,3,36,3,4025,81,Sold,52,83,23,16483,7570207,270892
1644,479,3,35,5,3236,144,Active,56,85,23,17183,5498199,220027
1645,460,3,14,2,4466,89,Sold,61,76,22,17548,5413591,266374
1646,1057,4,14,5,4173,80,Active,71,55,15,17322,7844734,270143
1647,596,6,4,1,4025,24,Sold,40,80,50,15854,5983348,140923
1648,610,1,20,4,3578,39,Sold,95,23,7,15586,6035103,372380
1649,574,7,8,3,3778,57,Sold,30,97,47,16561,5890639,129933
1650,519,1,31,3,4592,61,Sold,93,33,7,16682,5661116,614375
1651,383,8,20,1,3135,98,Sold,43,87,49,15915,5114311,109763
1652,212,5,8,4,4540,105,Active,34,98,39,17384,4395139,163222
1653,178,3,11,3,4874,169,Sold,53,80,19,17486,4243924,268468
1654,155,8,26,1,3002,77,Sold,30,85,52,15157,4147614,93548
1655,592,5,32,5,3937,61,Active,39,83,38,18275,5970297,138504
1656,523,6,31,5,3123,175,Active,42,96,36,15926,5677317,95227
1657,386,7,13,4,3102,59,Sold,43,94,56,16605,5123312,106163
1658,1071,8,27,4,3469,12,Sold,41,90,52,18256,7896489,115781
1659,491,1,13,1,3084,110,Sold,91,33,6,17872,5545904,232133
1660,723,1,14,1,3631,59,Sold,92,22,7,16511,6470747,493752
1661,564,8,25,2,3333,156,Active,30,89,36,15283,5846084,104803
1662,955,6,5,4,3105,182,Sold,33,81,51,15608,7394689,99602
1663,40,7,40,5,4862,87,Active,36,87,40,15674,3675067,157325
1664,118,8,31,2,4420,86,Sold,40,80,55,17774,4003150,158413
1665,250,5,3,4,4699,80,Sold,40,98,36,17281,4546804,164098
1666,1045,1,14,1,3488,131,Active,91,29,8,16749,7776777,379076
1667,1057,2,21,5,4547,141,Sold,78,52,16,15907,7846084,322759
1668,354,2,38,1,4833,76,Sold,82,56,15,15288,4999099,350313
1669,221,7,26,3,3115,148,Sold,39,93,40,15340,4428892,111318
1670,996,8,37,2,4438,67,Active,32,85,55,16282,7565706,141279
1671,647,2,29,5,4996,117,Sold,82,51,15,16759,6184518,306075
1672,1089,4,17,3,4686,192,Sold,69,67,23,15032,7968046,292381
1673,755,7,24,2,4786,69,Sold,31,87,59,17514,6590009,155181
1674,779,6,30,3,3308,10,Sold,44,99,46,15891,6684518,101668
1675,645,3,14,4,4167,176,Active,63,81,18,17079,6175967,248073
1676,1037,1,17,1,3164,171,Sold,96,23,6,18391,7742124,244648
1677,1000,4,5,1,3950,8,Sold,75,53,16,16186,7581008,304731
1678,133,2,19,4,3207,109,Sold,73,58,17,17438,4058505,224723
1679,354,1,26,1,4222,106,Sold,90,27,9,15558,4999549,410684
1680,365,4,19,5,3667,41,Active,69,51,20,18081,5037353,210165
1681,23,7,27,3,3087,105,Sold,30,85,48,18442,3605310,97648
1682,640,6,25,1,4560,169,Sold,42,83,41,17355,6153465,139828
1683,622,1,13,2,3694,193,Active,93,32,5,17822,6081008,335314
1684,999,3,6,2,3014,116,Sold,60,80,18,17220,7573357,169295
1685,160,6,15,3,4623,50,Active,43,83,58,16824,4171467,142481
1686,1089,2,8,3,3626,165,Sold,76,63,15,16053,7968496,203797
1687,87,3,30,4,3947,198,Sold,64,76,26,18407,3872187,203008
1688,990,1,34,4,3146,156,Sold,90,33,11,17303,7544554,283219
1689,682,6,26,5,3806,185,Active,31,98,40,17934,6324482,128224
1690,631,3,11,4,4626,33,Active,51,88,20,15399,6119711,319113
1691,907,6,11,1,3825,167,Sold,30,81,47,18356,7202520,135642
1692,210,5,6,2,3548,103,Active,37,84,41,15928,4387488,117602
1693,205,3,19,4,3052,84,Active,61,73,23,17369,4364986,158792
1694,174,6,2,2,3293,32,Active,32,91,59,15572,4228622,104895
1695,5,7,23,4,4639,158,Active,34,80,50,15200,3525652,153996
1696,778,7,32,5,4040,145,Sold,40,89,45,16275,6678667,136617
1697,782,5,7,4,3916,192,Active,39,86,49,15014,6698919,123605
1698,289,2,35,4,3873,15,Sold,75,56,16,16173,4709270,200871
1699,854,4,17,1,3413,35,Sold,68,57,16,16975,7001350,237441
1700,942,4,27,1,3824,26,Sold,72,69,18,16212,7345634,276795
1701,233,1,3,2,4453,147,Active,95,27,5,16092,4476147,474968
1702,1023,8,36,2,3688,22,Sold,42,80,48,15922,7678217,124927
1703,900,4,2,3,3357,102,Sold,71,60,24,18222,7180018,224838
1704,338,5,36,4,3093,90,Active,33,85,35,18237,4931593,107902
1705,606,3,18,5,4679,82,Sold,58,80,26,15889,6020252,256409
1706,267,6,37,2,4986,114,Active,38,85,48,17707,4623312,163012
1707,871,8,18,2,3898,68,Active,34,94,50,16205,7062106,121727
1708,47,1,27,4,3036,182,Active,97,23,9,17236,3709270,397382
1709,1082,4,39,4,3971,79,Sold,77,60,15,17523,7941494,305753
1710,504,6,10,4,3161,59,Sold,33,95,47,15727,5605310,109288
1711,858,3,36,5,3889,172,Sold,60,78,22,15726,7015751,262511
1712,505,5,8,4,3962,85,Active,33,89,56,17264,5609360,121562
1713,377,6,25,3,3280,26,Sold,32,95,37,16021,5082808,103012
1714,273,5,19,4,3437,40,Sold,32,93,52,17664,4648514,107585
1715,845,2,38,5,4571,17,Sold,78,64,12,16094,6961746,350009
1716,482,7,16,4,3293,134,Sold,30,95,56,17298,5511701,113352
1717,14,2,7,2,3891,189,Sold,77,61,16,16944,3560756,303366
1718,983,3,3,3,4794,107,Sold,57,86,26,18246,7516651,262113
1719,878,6,11,3,4114,66,Sold,30,80,44,15848,7090459,125790
1720,1090,2,3,3,4378,54,Sold,83,62,13,15243,7968946,257733
1721,1020,2,11,3,3534,68,Active,75,64,18,17516,7663366,181894
1722,892,3,17,4,3452,97,Active,64,84,26,16778,7152115,221436
1723,516,2,24,2,3852,102,Active,75,47,12,17738,5647164,206997
1724,397,4,30,2,4443,186,Sold,77,64,19,16267,5174167,338146
1725,15,1,25,5,4962,138,Sold,99,28,7,17194,3567956,409675
1726,507,7,27,3,4105,26,Active,41,85,49,17806,5614311,143117
1727,474,1,7,2,3681,158,Active,88,32,11,17844,5477047,353643
1728,526,3,32,3,4164,142,Sold,57,82,20,16275,5689918,279741
1729,129,6,15,2,4363,79,Sold,40,94,40,16151,4044104,133473
1730,349,4,30,2,4963,184,Sold,75,67,20,15687,4981548,370791
1731,756,5,39,5,3572,70,Sold,31,85,59,17399,6599009,123427
1732,11,5,19,3,3730,125,Active,35,94,55,15697,3549954,133638
1733,28,4,19,2,3138,146,Sold,69,59,22,15828,3630063,235322
1734,322,7,35,1,3354,113,Sold,42,81,41,17271,4855985,112292
1735,114,3,3,1,3055,21,Sold,56,78,22,18329,3984698,147422
1736,824,6,7,3,3275,187,Sold,34,86,40,17094,6878037,100503
1737,165,2,30,4,3619,90,Sold,74,52,17,17669,4188568,277781
1738,288,4,4,3,4054,179,Sold,65,69,16,15540,4708370,292662
1739,794,3,14,5,3968,23,Sold,52,76,26,16850,6750225,240302
1740,713,7,32,4,3012,142,Sold,39,83,35,15722,6436993,104281
1741,140,4,18,1,3579,112,Sold,66,62,21,17791,4089108,228621
1742,115,6,28,4,3900,18,Sold,41,95,35,18160,3989648,124465
1743,65,7,24,3,4718,42,Sold,40,82,41,17114,3785328,152146
1744,42,4,3,2,4051,44,Sold,68,55,24,16435,3688118,237362
1745,385,5,9,1,4896,39,Active,39,82,49,16247,5120162,167737
1746,203,4,14,5,3264,139,Sold,68,55,18,16750,4351035,191569
1747,947,8,15,2,3084,112,Active,40,91,48,15911,7364086,94395
1748,813,8,5,3,3530,188,Sold,31,80,51,17072,6825832,108795
1749,109,8,9,3,4084,150,Active,42,85,48,17711,3964896,133040
1750,392,1,7,1,3860,17,Sold,92,25,11,18255,5147164,325456
1751,223,5,7,5,4261,145,Active,40,97,40,17118,4435193,149493
1752,636,1,32,3,3303,118,Sold,90,23,9,17464,6136363,334198
1753,334,5,25,5,3285,100,Sold,30,97,40,15917,4914491,107301
1754,4,4,8,3,3738,161,Sold,67,58,24,16249,3513951,222555
1755,631,2,26,1,4604,143,Active,79,54,16,18405,6116561,343718
1756,545,8,26,4,4655,17,Sold,32,85,51,16659,5765076,166109
1757,429,5,15,2,3135,98,Active,33,89,43,17236,5293429,102408
1758,594,3,29,4,3946,146,Sold,58,84,25,17358,5977947,194472
1759,771,3,14,3,3615,142,Active,57,74,20,18349,6649414,183573
1760,875,3,40,2,3231,150,Sold,57,81,18,17949,7080108,208883
1761,948,3,9,4,3230,7,Sold,51,70,26,17615,7367236,211723
1762,529,8,16,4,4457,171,Sold,37,84,38,16660,5702070,156467
1763,24,7,8,2,4454,92,Sold,42,87,53,15129,3611611,133887
1764,318,3,38,1,3530,36,Sold,57,71,18,16638,4843384,193354
1765,113,2,28,4,3972,39,Sold,83,57,13,16817,3982898,222332
1766,807,3,10,2,3667,134,Sold,59,71,22,16384,6800630,221416
1767,412,5,17,3,3330,147,Sold,38,82,48,15584,5232223,118901
1768,662,6,11,4,4905,130,Sold,31,87,54,17996,6245274,151084
1769,757,4,40,3,4707,115,Active,75,51,17,16227,6600810,271813
1770,882,5,11,3,3111,61,Sold,36,94,53,17542,7109810,107168
1771,502,4,34,2,3147,115,Sold,79,51,23,15715,5594059,211556
1772,605,1,22,1,4016,147,Sold,91,18,11,18014,6017101,315216
1773,953,4,19,5,3932,149,Active,73,53,23,15504,7388388,255698
1774,293,1,30,2,3070,61,Sold,91,19,8,18483,4732673,391256
1775,85,5,12,3,4029,21,Sold,41,80,42,16385,3864536,138646
1776,1034,4,7,5,3942,69,Sold,65,52,21,15078,7724122,275885
1777,505,5,26,1,3095,9,Sold,42,99,39,16731,5608010,103881
1778,571,4,20,5,3997,138,Sold,71,68,22,15524,5877137,306090
1779,902,2,30,5,3989,111,Active,72,50,18,15594,7184518,213991
1780,24,8,36,5,4676,181,Sold,31,88,41,18067,3607560,150043
1781,95,4,25,4,3064,62,Sold,76,64,24,15904,3901440,170844
1782,396,5,8,4,3297,187,Sold,37,92,46,17362,5168766,115322
1783,262,2,20,1,4834,75,Sold,82,50,15,15530,4600810,287799
1784,876,8,16,4,4943,165,Sold,41,98,58,17295,7081458,172323
1785,282,2,5,5,3389,144,Sold,77,47,18,17343,4685868,265071
1786,239,7,1,1,4609,184,Active,38,97,39,17508,4502250,153673
1787,1067,1,4,2,4584,167,Sold,90,24,5,15453,7880288,491886
1788,399,8,4,3,4804,47,Sold,39,82,52,17778,5183168,150135
1789,318,2,10,5,4727,136,Active,76,60,14,16804,4843834,252350
1790,520,5,26,4,4107,47,Sold,36,91,57,18087,5665166,128467
1791,1030,6,39,5,4266,136,Active,40,96,58,16335,7707020,137544
1792,1062,5,27,1,3335,99,Sold,33,93,46,15340,7862736,117365
1793,161,7,20,1,4134,163,Sold,34,93,56,18460,4175067,124070
1794,267,6,30,4,4321,131,Sold,42,99,41,18188,4624212,131790
1795,372,4,11,1,3716,196,Sold,77,66,23,16197,5064356,199161
1796,299,7,2,2,4479,120,Sold,38,83,45,18357,4760576,147252
1797,817,7,15,2,3089,152,Active,34,80,56,17310,6842484,97063
1798,117,1,20,5,3259,79,Active,89,21,10,17460,3994599,383535
1799,865,7,11,1,3667,71,Sold,33,88,48,17576,7035103,111697
1800,1058,4,36,1,4011,198,Sold,68,52,17,16173,7848784,247106
1801,839,6,25,5,4370,29,Active,43,98,40,16273,6942394,131747
1802,304,2,3,2,3469,57,Active,83,45,14,15927,4780378,266064
1803,911,6,19,3,3175,26,Active,39,84,42,17556,7223222,111493
1804,464,3,34,5,3809,165,Active,56,71,24,16715,5432493,192047
1805,805,6,35,5,4907,100,Sold,31,95,43,17301,6793429,148829
1806,809,5,11,5,3707,155,Sold,40,95,42,16597,6810981,124993
1807,18,2,12,2,4789,166,Active,73,57,12,17532,3582808,354700
1808,174,4,11,1,4981,72,Sold,75,60,23,18031,4227272,277350
1809,788,2,18,3,3996,7,Sold,82,51,14,17572,6728172,289969
1810,90,7,37,5,3350,85,Sold,41,97,59,18054,3882088,112064
1811,763,5,18,1,4947,193,Active,43,86,53,18223,6620612,153496
1812,995,3,38,4,4250,40,Sold,62,83,21,18026,7563006,296602
1813,459,3,38,1,4278,29,Active,56,82,22,17931,5410441,231820
1814,734,6,7,5,4636,81,Sold,40,99,42,16157,6516201,164151
1815,927,2,36,2,4457,190,Active,77,49,15,18370,7285778,316845
1816,73,2,31,3,4974,153,Sold,72,62,16,17227,3812331,282722
1817,343,7,34,1,3272,126,Sold,41,80,40,17676,4952295,114782
1818,946,1,7,1,3419,85,Sold,91,31,8,16182,7358685,279700
1819,468,7,1,3,4635,79,Sold,31,98,53,16111,5449594,165377
1820,549,8,38,4,3119,116,Sold,43,87,41,15468,5779027,110094
1821,175,4,22,4,4482,11,Sold,79,53,24,17525,4234473,322462
1822,352,6,40,1,4680,191,Sold,30,99,36,16204,4990999,151763
1823,1072,1,2,5,4513,156,Sold,93,24,10,16793,7902790,407896
1824,897,5,15,4,4276,7,Sold,44,94,43,15765,7166066,151712
1825,216,1,10,2,4871,101,Sold,95,33,7,16952,4408640,558424
1826,442,2,37,1,3284,87,Sold,82,56,18,17299,5345634,244887
1827,41,6,27,4,4101,191,Active,30,93,50,15108,3684068,126901
1828,650,4,2,2,3113,179,Sold,67,53,24,18404,6199819,208605
1829,4,7,27,2,4861,20,Active,32,99,35,17296,3513051,169309
1830,571,6,20,5,3369,183,Active,41,90,59,15555,5876237,104769
1831,368,1,6,3,3692,179,Sold,90,22,9,16835,5047254,286638
1832,485,4,34,5,4238,55,Sold,69,50,20,17051,5522952,265778
1833,776,4,13,5,4024,75,Sold,79,50,15,15998,6668766,306369
1834,310,3,11,5,3770,148,Active,56,84,21,17399,4808280,183566
1835,766,6,26,4,4299,97,Sold,40,84,37,18499,6635463,138565
1836,170,2,28,1,4434,99,Sold,79,59,15,17306,4212871,323019
1837,836,5,23,4,4772,157,Sold,44,85,47,15432,6932943,153887
1838,51,4,36,4,4899,162,Sold,74,67,19,15602,3729972,361208
1839,151,2,3,5,3637,176,Sold,74,46,12,16136,4131413,232858
1840,1031,1,4,2,3621,142,Sold,93,21,5,16652,7710621,430990
1841,642,3,12,4,3831,44,Active,59,78,27,18159,6162016,242499
1842,975,5,28,4,4486,170,Sold,37,91,41,15903,7482898,139452
1843,964,7,16,1,3358,77,Active,41,95,41,15526,7437893,115985
1844,407,6,32,4,3240,111,Active,44,94,37,15037,5212871,102274
1845,627,3,1,1,4426,176,Sold,61,74,21,17244,6096759,227631
1846,458,2,5,2,4681,126,Sold,80,49,16,17996,5403240,273447
1847,634,2,4,3,3720,152,Active,83,49,17,17354,6128712,266566
1848,1057,7,5,3,3702,24,Sold,38,90,56,15889,7845184,127304
1849,948,2,21,5,3643,156,Active,83,58,19,15530,7368586,270066
1850,131,4,38,2,4004,55,Sold,71,64,23,17960,4051755,288100
1851,1039,4,9,1,3813,157,Sold,68,54,18,15039,7748874,268378
1852,193,3,34,2,3897,168,Sold,58,77,22,18220,4308730,219691
1853,915,2,24,4,4158,91,Sold,84,61,12,17398,7240774,270989
1854,144,2,27,2,3289,59,Active,73,46,16,17117,4103960,251964
1855,453,4,29,5,4860,146,Sold,69,61,24,16173,5387938,293065
1856,777,8,31,5,4406,184,Sold,41,80,37,18207,6672817,135203
1857,293,3,26,2,4650,79,Active,55,70,20,17526,4733573,295919
1858,517,7,35,2,4979,162,Sold,44,96,48,17882,5651665,173628
1859,77,7,37,4,4646,15,Sold,36,98,43,18052,3830333,147483
1860,62,1,14,5,3075,180,Sold,94,19,10,16740,3771377,271192
1861,148,3,24,5,4598,145,Sold,61,74,25,16600,4122862,255619
1862,1069,1,11,4,3917,148,Active,99,29,6,16303,7884338,454431
1863,1021,4,7,4,4928,54,Sold,75,63,23,15333,7666966,302909
1864,356,5,30,1,3542,164,Sold,43,82,54,17299,5004500,121767
1865,564,7,17,3,4191,70,Sold,34,83,59,17313,5842034,149526
1866,149,6,29,5,4550,82,Active,38,83,48,15733,4124662,150942
1867,482,5,10,2,4743,191,Sold,34,93,39,15038,5512151,161717
1868,1069,7,12,5,4136,7,Sold,42,93,39,17561,7888838,125635
1869,1086,2,29,1,4240,68,Sold,75,61,12,17209,7956795,214171
1870,646,2,13,1,3970,95,Active,74,50,19,15404,6180918,293785
1871,351,6,24,2,4433,178,Active,37,85,40,17089,4986948,146440
1872,907,2,15,2,4240,76,Sold,79,45,17,15453,7201620,227646
1873,645,3,18,5,3913,37,Sold,50,88,24,17200,6171917,262002
1874,287,4,11,1,4342,96,Sold,66,51,21,15068,4704320,231146
1875,247,4,21,1,4119,157,Active,72,51,18,17346,4536903,288373
1876,59,5,11,4,3937,110,Active,35,89,49,15367,3760126,124567
1877,1074,7,7,4,3426,132,Active,40,86,54,15563,7911791,122260
1878,1021,6,18,1,4872,78,Active,32,84,53,18336,7666066,159100
1879,289,6,28,3,3684,107,Sold,33,94,36,17443,4711071,131814
1880,598,3,28,1,3656,168,Sold,58,77,25,17822,5991899,237997
1881,530,4,35,1,3155,154,Sold,78,53,21,17943,5706570,255071
1882,383,8,17,1,4623,13,Active,41,98,50,17608,5114761,141242
1883,823,2,37,3,3077,34,Active,74,48,13,16266,6870387,166677
1884,12,4,35,1,3446,92,Sold,72,68,23,17298,3552205,189490
1885,952,1,32,5,3581,130,Active,94,22,10,17336,7380738,420024
1886,355,4,25,3,4631,54,Active,71,54,17,15044,5000900,279110
1887,208,5,35,5,3095,185,Active,40,93,42,17822,4379837,103274
1888,1074,1,10,5,4321,77,Active,99,28,5,16228,7912241,559991
1889,759,6,7,2,4694,45,Active,41,94,48,18026,6603960,157418
1890,864,2,39,1,3387,191,Active,82,47,17,18269,7033303,211171
1891,120,4,4,4,3143,8,Sold,69,68,17,15379,4011251,212288
1892,766,6,15,1,3481,105,Sold,44,93,55,15540,6634113,105314
1893,880,2,13,3,3900,44,Sold,72,54,15,15462,7097659,305520
1894,294,5,32,1,4699,51,Sold,31,97,45,18469,4737623,150753
1895,21,3,6,2,4100,178,Sold,61,83,27,16606,3596309,213134
1896,448,8,12,4,4870,130,Active,32,80,57,17414,5371737,153152
1897,843,3,19,3,3733,178,Active,54,79,24,18348,6954995,218055
1898,1073,7,36,2,4213,152,Sold,31,81,57,17259,7903240,133072
1899,715,4,34,2,3472,102,Sold,76,66,17,16789,6443294,211153
1900,967,1,39,1,4540,146,Sold,98,18,5,16722,7449594,345415
1901,2,5,1,5,3290,182,Active,31,86,57,15854,3508550,104754
1902,239,2,17,1,3537,117,Active,77,48,16,17189,4500900,267734
1903,818,2,13,3,3668,32,Active,83,55,13,16108,6848334,284439
1904,724,2,20,3,3259,141,Sold,79,58,18,16517,6476597,236507
1905,473,4,35,3,3360,120,Sold,77,59,19,16034,5474347,180351
1906,472,4,29,3,4654,16,Active,65,63,18,16626,5468946,270349
1907,750,3,1,5,4617,117,Sold,61,75,27,15020,6572457,258980
1908,309,5,21,5,3898,150,Active,34,90,39,18349,4798829,134232
1909,551,6,23,5,4286,27,Active,35,81,39,17840,5789378,153087
1910,380,4,34,2,4989,30,Active,71,53,20,15031,5092259,338055
1911,772,1,37,2,3683,186,Sold,92,28,5,15362,6650765,282679
1912,717,2,25,3,4963,27,Sold,73,51,14,15447,6451395,382290
1913,364,1,12,2,3098,98,Active,97,21,9,16629,5033753,367996
1914,945,6,14,1,4245,98,Sold,41,88,49,15505,7356885,147505
1915,1042,2,18,3,3183,143,Sold,81,58,18,17057,7763726,233086
1916,635,5,35,3,4292,33,Active,41,95,56,15627,6133663,151362
1917,1068,1,34,2,4135,121,Active,91,20,5,15408,7881638,380472
1918,753,5,15,5,3344,126,Sold,41,81,47,18326,6585958,112292
1919,555,2,29,1,3181,22,Sold,82,48,16,17244,5801080,201855
1920,555,8,27,3,4763,169,Sold,39,86,51,16094,5802430,170430
1921,919,3,31,5,4181,52,Sold,53,87,20,16713,7256075,291319
1922,781,4,28,5,4836,99,Sold,77,51,18,16887,6692169,306699
1923,820,1,39,4,4204,103,Sold,89,18,11,16405,6855085,398634
1924,325,7,23,1,3882,140,Active,35,91,55,17998,4869936,121080
1925,178,6,4,4,4997,145,Sold,34,90,38,15381,4243024,165541
1926,770,7,12,2,3252,135,Active,39,93,57,17502,6645814,106848
1927,64,3,35,3,3594,23,Active,59,78,19,17206,3782628,187291
1928,392,1,28,3,3232,17,Sold,94,26,5,17115,5148514,327684
1929,310,5,30,1,4967,12,Active,36,87,35,15354,4809180,150649
1930,155,3,27,5,3459,136,Sold,60,71,21,17975,4148064,204109
1931,577,6,15,4,4473,175,Active,39,94,49,15293,5904140,158460
1932,1076,5,24,3,3106,190,Sold,37,93,42,17063,7917191,104890
1933,723,3,12,5,4594,158,Sold,55,84,21,15544,6470297,274052
1934,50,4,13,1,4448,134,Sold,68,67,22,15823,3723222,253478
1935,219,8,32,2,3031,88,Sold,41,99,37,15295,4421242,102654
1936,312,3,32,5,4987,146,Sold,53,74,23,17464,4817281,345563
1937,705,6,22,3,4807,9,Sold,36,92,57,16864,6409990,147959
1938,471,4,4,2,4500,83,Sold,76,60,23,15909,5463096,265954
1939,154,3,27,2,4622,31,Sold,59,75,22,16873,4144014,239042
1940,691,7,7,1,3632,28,Active,34,93,56,17330,6359135,124599
1941,180,3,24,1,3111,24,Active,55,72,20,17127,4251575,174793
1942,833,7,25,5,3430,43,Sold,43,82,52,18236,6921692,115365
1943,957,3,14,5,4262,130,Sold,52,77,24,17922,7408190,218951
1944,1046,6,34,5,4061,87,Sold,42,91,41,17726,7778127,121992
1945,411,1,15,5,4718,184,Sold,95,33,6,18121,5226372,543643
1946,887,5,29,3,4467,95,Active,34,94,57,16485,7126462,151476
1947,1017,7,17,5,4243,17,Sold,34,85,43,18298,7648064,142446
1948,215,2,29,2,3813,68,Sold,79,63,19,16012,4402790,245557
1949,920,1,20,5,4075,9,Active,95,29,10,15528,7261476,483764
1950,117,6,14,1,4000,67,Sold,37,83,59,15024,3997299,122576
1951,248,8,4,2,4478,61,Sold,34,89,38,15305,4541404,147908
1952,356,1,25,5,3954,76,Sold,91,33,6,15517,5005850,463636
1953,851,5,18,4,4294,194,Active,39,89,54,16226,6992349,147361
1954,822,8,28,3,4557,47,Sold,36,94,42,18178,6862286,157526
1955,390,3,28,4,4370,104,Sold,59,72,19,16628,5139063,225702
1956,317,4,38,5,3795,149,Sold,69,68,21,16199,4834383,263644
1957,292,5,16,2,4099,128,Active,42,91,59,18017,4725472,144621
1958,545,8,3,2,3106,58,Sold,39,90,39,17079,5766426,108822
1959,375,7,36,2,3406,181,Sold,38,98,43,15659,5076957,102289
1960,958,1,9,3,3439,156,Sold,93,30,9,15338,7410441,466260
1961,310,1,7,1,3539,92,Active,88,29,9,17033,4806480,297435
1962,858,2,6,1,4726,154,Active,76,58,18,17375,7014401,294046
1963,684,6,17,4,3812,84,Active,36,96,42,15589,6330333,116441
1964,1048,8,8,5,4859,160,Sold,42,86,43,16296,7791629,162466
1965,748,2,34,2,3857,12,Sold,78,49,16,17670,6563006,285045
1966,1046,3,14,4,3908,51,Active,52,71,24,18303,7781278,210519
1967,745,6,35,4,4467,192,Sold,39,96,49,17310,6554005,136038
1968,292,7,6,5,3435,142,Active,33,89,57,16658,4725922,103545
1969,103,6,29,2,3233,72,Active,38,92,48,17116,3934293,116207
1970,458,7,24,5,3795,35,Active,32,94,46,18346,5404140,131831
1971,366,6,23,3,4999,190,Active,44,85,45,15206,5037803,161058
1972,302,7,18,1,3367,124,Active,41,83,41,15553,4771377,116821
1973,192,4,17,3,3162,51,Active,68,60,23,15089,4302430,217179
1974,887,1,21,5,3969,130,Active,95,22,6,17125,7127812,498566
1975,54,8,27,4,3272,55,Sold,42,93,44,18157,3743024,116608
1976,1071,3,27,1,4173,112,Active,55,72,27,18276,7892889,203883
1977,296,2,12,4,4358,65,Sold,72,51,14,18016,4746174,317824
1978,766,8,22,2,4957,44,Sold,44,96,42,16175,6631863,153568
1979,686,7,6,1,3069,187,Sold,40,86,46,16218,6341134,106144
1980,1034,3,22,1,4768,106,Active,59,88,23,18336,7725922,298301
1981,254,1,39,1,4732,57,Sold,88,21,7,16061,4564806,378808
1982,123,2,2,5,4649,185,Sold,73,51,17,17853,4022502,248342
1983,1050,3,6,3,4952,187,Sold,53,80,18,15872,7805130,347242
1984,678,3,21,3,4105,180,Sold,54,84,24,15092,6305130,213657
1985,270,1,16,3,3366,22,Sold,89,25,6,16289,4634113,415920
1986,902,7,18,1,4360,34,Sold,31,88,41,15044,7187668,146697
1987,300,4,4,2,3912,52,Sold,73,61,20,15538,4761026,269239
1988,1071,3,13,1,4277,47,Sold,55,72,24,17802,7896039,225867
1989,20,1,24,3,4670,128,Sold,98,25,7,18108,3589108,490677
1990,435,5,15,4,4772,46,Sold,43,84,52,15260,5316831,164834
1991,679,4,2,5,4195,33,Sold,74,52,17,16833,6310981,265416
1992,917,1,26,1,3705,71,Sold,90,18,7,16634,7246174,342370
1993,675,2,3,1,3732,158,Active,73,51,17,17282,6291179,198668
1994,1074,1,3,1,3437,54,Sold,95,26,6,16070,7913141,402249
1995,860,6,37,1,3313,149,Active,39,81,51,16055,7020702,101643
1996,576,7,4,1,3288,96,Sold,41,89,57,15582,5898289,102888
1997,345,4,13,3,3887,182,Active,67,63,24,17189,4965346,241725
1998,171,7,16,4,4473,177,Sold,36,92,49,18320,4215121,146204
1999,271,8,29,4,4339,81,Active,36,99,37,17441,4639063,149548
2000,807,4,26,5,3885,193,Sold,65,63,17,15472,6802430,242661
2001,707,1,30,3,4719,76,Sold,94,31,9,15197,6416741,525189
2002,136,4,38,5,4807,55,Sold,66,50,20,16093,4068406,317461
2003,723,6,23,1,3120,196,Sold,43,82,36,17249,6471197,95672
2004,578,5,18,3,4923,129,Active,32,83,47,18069,5907290,167412
2005,248,4,5,2,3212,39,Active,69,63,15,16988,4540504,170485
2006,1017,8,11,5,4340,151,Active,44,98,51,16412,7648964,144079
2007,756,6,29,4,4152,75,Sold,34,95,36,17748,6596309,130879
2008,580,8,15,5,4899,108,Sold,42,97,35,16540,5917641,153858
2009,946,3,15,5,4669,114,Sold,51,76,20,15827,7357785,229999
2010,751,4,38,1,3486,7,Sold,66,60,17,15963,6576957,255818
2011,51,8,14,1,3764,126,Sold,40,95,41,17131,3727272,122895
2012,621,2,1,3,4797,41,Sold,77,58,18,15334,6077857,250647
2013,1085,5,21,5,4349,10,Sold,44,85,44,17867,7952295,143647
2014,408,7,40,2,4424,55,Sold,34,85,43,15372,5213321,139869
2015,120,7,19,2,4231,42,Sold,33,98,54,16567,4011701,138777
2016,947,6,5,2,4870,77,Sold,33,94,55,18032,7362286,148340
2017,529,6,3,2,4267,135,Sold,40,91,45,15474,5698919,144762
2018,1,5,16,3,3722,76,Active,35,87,39,16556,3503150,125670
2019,321,4,21,5,3821,100,Sold,78,54,18,16209,4852835,231255
2020,254,7,9,5,3590,46,Sold,37,83,56,18311,4563906,127574
2021,627,7,6,4,4778,53,Sold,36,80,46,16931,6099009,151673
2022,27,1,12,1,3360,110,Active,89,23,6,15719,3621962,367332
2023,339,5,33,1,3241,162,Sold,35,81,43,15816,4936543,108548
2024,760,3,25,1,3999,177,Sold,62,85,24,16635,6610261,276424
2025,982,6,12,2,3197,169,Sold,36,87,52,16698,7507650,106192
2026,278,6,29,5,4402,11,Sold,31,99,46,18298,4667416,157178
2027,19,3,10,5,4842,84,Sold,57,75,18,17523,3585508,324561
2028,198,6,4,3,3704,12,Sold,39,92,49,18439,4329432,125551
2029,430,7,23,4,3780,78,Sold,38,95,36,17785,5295679,124581
2030,84,2,15,3,3737,196,Sold,78,51,15,16905,3860486,255825
2031,89,2,3,5,3195,175,Active,78,47,12,17755,3878937,217227
2032,498,4,24,3,3522,87,Active,74,50,19,15538,5576957,275348
2033,41,1,38,2,3883,89,Active,96,21,7,16763,3683618,423849
2034,205,1,33,2,4890,24,Sold,92,23,11,15803,4367236,509929
2035,913,2,4,4,3585,15,Sold,77,47,18,17261,7232223,255527
2036,464,8,40,1,4976,155,Active,44,85,56,16999,5430693,155321
2037,77,1,32,5,3604,174,Active,90,28,10,17412,3828082,390421
2038,527,1,13,4,4673,119,Sold,88,30,7,18488,5692169,416563
2039,556,8,4,4,4440,91,Sold,37,91,49,18036,5809630,149406
2040,1030,4,27,4,3644,132,Sold,74,60,16,15415,7707920,251892
2041,242,1,4,4,4622,136,Sold,98,18,6,17646,4516201,453661
2042,407,6,23,4,4761,181,Active,41,82,37,16587,5210621,161007
2043,266,4,27,2,3153,23,Sold,73,57,17,15760,4619711,203053
2044,944,2,25,3,3629,11,Sold,82,53,15,17223,7352835,246114
2045,425,5,34,4,4073,71,Active,30,89,49,15313,5272727,125636
2046,134,4,20,1,3533,173,Sold,77,59,19,17048,4062556,252034
2047,165,2,27,1,3091,21,Sold,81,47,13,15172,4188118,232987
2048,375,2,28,1,4915,148,Sold,83,62,16,17467,5077857,377519
2049,538,1,35,2,4620,133,Sold,92,22,10,17319,5739423,399156
2050,536,7,33,3,3761,195,Active,38,98,54,16206,5732223,132944
2051,79,6,28,4,4513,50,Active,34,94,45,16060,3839333,155798
2052,994,6,18,5,3927,23,Sold,34,88,49,17052,7557155,136754
2053,492,4,32,4,3321,96,Sold,75,67,18,16738,5551305,213838
2054,261,4,36,4,3252,16,Sold,71,50,17,17504,4594959,234674
2055,577,6,36,2,4554,31,Sold,44,93,48,16005,5903690,145509
2056,880,6,25,1,3886,124,Sold,35,85,54,16500,7096759,119969
2057,470,4,28,2,3117,84,Sold,68,61,21,17792,5461296,215441
2058,670,8,13,3,4276,174,Sold,36,84,57,18485,6274527,136687
2059,2,4,34,1,4006,69,Sold,65,63,19,18060,3506750,255182
2060,880,5,22,2,3379,18,Sold,38,95,49,17020,7098109,103783
2061,742,1,20,5,3985,150,Sold,95,25,10,17532,6542304,366740
2062,72,4,9,1,4308,147,Sold,71,52,17,16463,3807380,303098
2063,210,8,23,5,4918,179,Sold,43,85,43,15609,4386588,154435
2064,97,4,40,4,3553,107,Sold,70,69,22,17375,3904140,246210
2065,38,8,6,4,3045,33,Sold,38,99,57,15611,3667866,98012
2066,186,7,36,5,4561,148,Sold,34,87,36,16004,4283978,160584
2067,960,7,6,2,4809,188,Sold,41,84,38,16898,7418991,150887
2068,806,4,18,4,4311,79,Sold,70,68,24,15029,6799279,231533
2069,344,1,6,4,3909,155,Sold,88,30,6,17231,4958595,356667
2070,402,2,38,5,4032,124,Sold,75,63,17,15098,5195769,289578
2071,60,2,22,2,4197,30,Sold,75,56,19,16521,3762376,222752
2072,345,8,5,4,4023,79,Sold,44,99,55,17641,4959945,132043
2073,66,2,8,5,3946,151,Sold,84,53,17,17881,3787578,230467
2074,11,4,17,3,3202,89,Sold,67,52,16,17698,3547704,266099
2075,1035,8,12,3,3606,30,Sold,35,93,48,15710,7732223,110279
2076,856,8,19,4,3945,65,Active,38,81,58,18277,7009000,141870
2077,840,6,18,4,3503,82,Sold,30,82,43,16430,6946894,120447
2078,1061,5,23,4,3959,22,Sold,44,93,41,15325,7860486,136348
2079,626,8,25,5,3866,30,Active,44,88,55,18005,6094059,121764
2080,804,2,28,2,3172,169,Sold,77,61,19,15704,6791629,211009
2081,328,7,24,4,4117,172,Sold,44,80,58,18328,4883438,136981
2082,913,2,17,5,4742,107,Sold,83,62,14,17273,7231773,281684
2083,170,2,5,4,3313,8,Sold,79,45,14,16622,4211971,207272
2084,300,8,17,2,4111,57,Sold,35,88,43,16824,4763276,142446
2085,292,5,17,1,4634,64,Active,40,83,51,17300,4726372,162273
2086,806,1,37,5,3652,180,Active,89,18,6,16123,6798379,347506
2087,483,2,8,1,4399,165,Sold,81,50,12,17406,5513501,294122
2088,973,6,11,2,4141,38,Sold,35,93,39,17098,7475247,145846
2089,867,4,33,3,3139,156,Active,75,63,19,16735,7042754,193956
2090,1047,2,30,3,3905,69,Active,81,49,16,15965,7790279,288679
2091,1022,5,40,5,4388,34,Sold,33,83,50,15310,7669666,133562
2092,322,1,5,1,3409,130,Active,94,22,11,17253,4857785,465780
2093,495,8,7,2,4920,73,Sold,32,99,58,16015,5565706,168490
2094,990,6,39,5,3324,111,Active,40,86,41,17129,7544104,113847
2095,238,2,34,4,3325,61,Active,72,55,14,15320,4495949,217212
2096,176,2,30,5,3693,42,Sold,74,45,16,16664,4234923,217138
2097,646,6,11,1,3095,124,Sold,42,82,40,16522,6178667,95555
2098,414,4,6,3,3587,126,Sold,67,64,20,15223,5237173,222541
2099,549,3,6,2,4977,51,Sold,64,81,20,16085,5777677,313814
2100,452,1,21,3,4720,47,Sold,96,31,8,15648,5387488,451940
2101,405,5,30,3,3094,172,Sold,35,88,52,15492,5201620,108092
2102,779,4,19,3,3020,10,Sold,70,61,22,18298,6686318,192237
2103,143,7,24,3,4410,156,Active,34,86,48,16444,4099909,138324
2104,589,2,13,3,4496,195,Active,75,45,16,15536,5954545,347476
2105,442,8,30,3,3680,99,Active,30,83,38,17868,5344734,121315
2106,930,2,16,4,3236,17,Active,75,46,17,16868,7299729,184061
2107,167,3,29,4,4199,45,Sold,57,83,19,16152,4196219,289684
2108,1006,3,29,2,4600,132,Active,54,73,27,17882,7606210,229014
2109,398,7,21,1,3386,62,Sold,43,96,36,18290,5179567,117413
2110,783,1,30,5,4000,50,Active,94,28,6,18414,6707470,396240
2111,26,2,2,2,4665,96,Active,81,59,12,16417,3619261,290930
2112,37,6,22,3,4920,193,Sold,35,90,36,16194,3665166,172908
2113,170,1,19,4,4685,149,Sold,91,25,7,16399,4213771,397651
2114,838,4,19,4,4612,16,Sold,72,56,16,16556,6941044,331605
2115,152,7,36,3,4578,166,Sold,36,90,40,16130,4135013,155863
2116,829,5,13,2,3566,51,Sold,31,99,46,17721,6905040,111552
2117,212,1,9,5,4065,66,Sold,88,19,8,15056,4393339,438776
2118,424,2,9,1,4483,154,Active,81,60,13,17058,5270027,244797
2119,970,1,19,4,3866,56,Sold,88,22,10,16227,7462196,490112
2120,231,3,40,5,4156,130,Sold,54,70,24,15138,4468946,291439
2121,109,8,39,3,4958,85,Sold,43,88,54,15923,3963096,177834
2122,310,8,23,1,4576,194,Active,31,99,59,18023,4806930,149544
2123,612,5,17,4,4183,11,Active,41,85,42,17917,6041404,128209
2124,830,8,29,1,4177,62,Sold,43,95,42,15514,6906390,147740
2125,603,7,39,3,3611,11,Sold,39,88,39,18415,6008100,117574
2126,846,2,23,5,4014,150,Active,78,56,12,15289,6964896,267190
2127,458,1,2,3,3010,133,Active,93,24,10,18114,5405490,379674
2128,293,5,25,2,4034,22,Active,38,81,42,15722,4734023,132356
2129,485,1,8,4,3305,133,Sold,95,28,8,16510,5521152,280033
2130,1054,2,1,1,3362,170,Active,80,63,15,17708,7824932,214884
2131,215,6,14,3,4615,130,Sold,42,83,56,16233,4403240,147385
2132,781,7,19,1,4440,58,Active,30,93,51,18254,6691269,144504
2133,555,7,22,4,3920,44,Active,37,92,46,17794,5804230,129172
2134,656,8,31,1,3260,61,Active,44,85,51,15115,6225022,116878
2135,919,7,19,3,3761,92,Sold,41,93,54,15940,7255175,116869
2136,437,7,11,3,4638,110,Sold,32,90,43,16539,5326732,153073
2137,958,2,36,5,4175,54,Sold,77,48,17,15993,7409540,238347
2138,863,1,37,2,4856,178,Sold,98,20,5,16353,7032403,659991
2139,1046,8,23,4,4305,183,Sold,34,87,52,16320,7779477,137984
2140,569,6,19,4,3191,115,Sold,40,97,51,18233,5869936,95864
2141,300,1,23,3,3682,115,Sold,97,31,7,15975,4762376,356537
2142,674,1,1,3,4633,168,Active,90,33,6,17360,6288478,579982
2143,339,4,15,4,4332,60,Sold,75,64,24,16437,4936993,235026
2144,613,1,36,1,3113,61,Sold,98,30,5,15756,6045904,400332
2145,383,8,31,1,4368,53,Sold,33,83,41,15663,5115661,153422
2146,142,7,16,5,3914,158,Sold,40,97,41,17405,4095859,130289
2147,612,6,13,4,3264,169,Sold,32,85,46,15760,6040954,99271
2148,1027,8,32,5,4380,37,Active,38,87,59,16634,7691719,147212
2149,240,7,25,3,4413,150,Sold,37,98,47,17788,4506300,147747
2150,754,4,30,1,4322,60,Sold,74,66,16,15747,6589108,242546
2151,383,6,33,4,3403,24,Active,34,85,35,16823,5108910,108671
2152,993,5,23,5,4119,15,Sold,40,81,44,18025,7552205,131363
2153,176,6,14,5,3022,91,Sold,33,99,36,16280,4235823,95048
2154,849,4,18,5,4943,151,Sold,74,59,21,15227,6980198,325422
2155,735,3,19,2,4508,15,Sold,51,73,27,17572,6520702,305289
2156,862,7,21,3,4463,27,Active,44,89,55,18422,7027452,147574
2157,921,6,30,3,3483,169,Sold,30,98,45,17828,7264176,122845
2158,1082,1,4,4,3024,50,Active,93,20,11,18322,7943294,270021
2159,1049,6,1,2,4002,150,Sold,35,81,39,16195,7796579,125319
2160,969,1,27,2,3240,38,Sold,97,19,5,15226,7455895,259824
2161,814,8,33,1,4738,145,Sold,31,85,47,16603,6831683,147759
2162,783,4,28,2,3332,90,Sold,74,56,16,15194,6705220,245287
2163,689,1,3,4,3062,16,Sold,91,34,11,18309,6348334,242893
2164,750,8,29,5,4236,133,Active,37,88,36,16101,6574257,137797
2165,161,4,20,5,4947,81,Active,65,53,22,16241,4173267,292096
2166,718,6,21,1,4309,55,Sold,39,94,55,17257,6454545,139077
2167,529,5,1,3,3414,158,Sold,34,95,46,18365,5701620,117285
2168,1084,1,5,4,3282,187,Sold,89,22,11,18162,7949594,346144
2169,786,7,40,4,4920,11,Sold,30,87,55,16819,6720522,175920
2170,720,7,19,2,4585,87,Active,36,80,46,17254,6459945,152451
2171,444,5,19,2,4719,193,Sold,44,94,42,18226,5355985,168223
2172,613,8,31,3,4266,165,Sold,30,90,38,16733,6049054,142911
2173,55,3,8,3,4370,177,Sold,54,73,21,16653,3744824,247041
2174,443,1,11,4,4735,42,Active,88,20,6,18469,5351935,504100
2175,294,3,12,4,3566,137,Sold,54,77,19,15668,4738073,197482
2176,987,7,31,2,4957,123,Active,38,97,46,18230,7533303,159140
2177,180,8,1,5,3917,170,Sold,37,87,55,16281,4255175,134063
2178,219,6,10,4,4313,117,Sold,35,80,50,16254,4423492,130856
2179,342,1,23,4,3937,187,Active,97,18,6,17920,4945994,502548
2180,750,7,33,4,3300,161,Sold,32,90,57,15291,6573357,106742
2181,537,5,19,5,4903,163,Sold,33,80,50,15888,5736723,157504
2182,32,8,35,1,3813,62,Active,39,82,51,17690,3644014,122840
2183,469,2,40,1,3011,57,Sold,82,62,13,18463,5454995,176887
2184,851,2,23,5,4369,181,Sold,74,59,14,17069,6994599,244236
2185,722,6,8,1,3749,66,Sold,36,90,39,16583,6468046,128516
2186,760,1,31,2,3869,15,Sold,95,29,7,15958,6607110,304800
2187,9,7,5,1,4220,52,Sold,40,85,56,16498,3539153,142594
2188,348,3,36,5,3500,121,Sold,63,88,21,16655,4976597,179682
2189,387,3,29,4,3964,13,Sold,64,87,18,16873,5127812,262157
2190,825,5,29,1,3794,136,Active,42,88,39,15397,6879387,120611
2191,966,5,20,5,3891,85,Sold,37,94,46,16694,7442844,135103
2192,185,7,30,1,4590,91,Active,30,97,38,18300,4273177,153958
2193,1040,7,20,5,3189,180,Active,31,83,39,17319,7755625,104063
2194,680,3,24,2,4414,169,Sold,62,74,19,16889,6315031,281691
2195,561,1,6,3,3662,175,Sold,93,24,7,15990,5833933,451314
2196,72,1,26,2,3032,98,Active,98,23,11,16079,3804680,268165
2197,696,7,10,1,3415,59,Sold,42,95,44,17484,6374887,112845
2198,25,3,12,5,3210,161,Sold,60,80,22,16095,3612511,171183
2199,1000,1,32,3,3293,77,Sold,98,33,8,16008,7581908,418935
2200,20,8,7,4,4640,106,Sold,34,97,43,15230,3594959,149603
2201,147,4,24,2,4401,53,Active,72,62,20,15876,4114311,327124
2202,1090,1,20,4,3495,142,Sold,88,28,11,16926,7971647,312698
2203,491,4,18,1,4591,44,Active,73,66,19,17483,5547254,366185
2204,945,4,6,3,3320,175,Sold,66,59,23,16431,7357335,261589
2205,337,3,30,1,3267,91,Sold,64,77,22,15039,4927092,227592
2206,852,6,10,3,3238,7,Active,33,87,43,16897,6995949,116464
2207,111,3,10,2,3494,165,Sold,60,83,19,15876,3971647,178882
2208,918,2,3,4,3765,140,Sold,73,57,13,17244,7253375,217355
2209,28,1,23,4,3885,42,Sold,95,33,6,18299,3627812,472562
2210,173,6,10,1,4074,185,Sold,37,82,47,16825,4225922,129211
2211,937,3,27,1,3355,163,Active,61,71,18,16157,7324932,183510
2212,1032,5,20,1,4370,170,Sold,39,87,54,15291,7712421,148764
2213,760,5,23,4,3986,192,Sold,43,98,49,17055,6611161,129138
2214,775,8,5,3,3054,199,Sold,44,85,56,17764,6666516,102028
2215,642,2,39,5,4492,141,Active,80,56,12,18229,6160216,290656
2216,225,1,4,4,4080,156,Active,88,29,8,16552,4443294,399126
2217,979,7,38,4,3272,121,Active,42,81,46,15970,7496399,108081
2218,50,1,31,5,3430,183,Sold,95,29,5,16087,3720972,309892
2219,153,4,27,1,3270,197,Sold,67,53,15,18070,4143114,188144
2220,556,1,8,4,3052,26,Active,90,23,11,15638,5805580,276732
2221,11,2,33,3,3927,15,Active,83,48,19,15800,3550405,213688
2222,618,6,33,5,4791,137,Sold,32,99,48,18468,6069756,169180
2223,703,1,34,4,3705,42,Active,97,30,9,15922,6398289,293167
2224,328,3,32,3,3704,97,Active,54,75,23,16890,4887038,180601
2225,203,7,1,1,4216,58,Sold,39,82,48,18072,4355085,132551
2226,272,4,15,1,4741,8,Sold,70,65,24,18498,4646714,311875
2227,208,2,36,5,4061,133,Sold,77,58,13,15241,4378487,238696
2228,970,4,25,5,3372,8,Sold,73,68,22,18168,7462646,248656
2229,677,7,1,3,3397,138,Sold,36,84,49,16138,6298379,111619
2230,186,2,6,4,3543,113,Sold,83,52,19,18394,4281728,263843
2231,59,7,21,5,4433,169,Sold,35,89,56,15073,3758775,143824
2232,1017,6,25,5,3414,89,Active,30,83,35,16544,7647164,121989
2233,72,2,24,5,3933,199,Active,78,46,13,15564,3805580,268064
2234,489,4,24,1,4641,68,Sold,75,50,21,17814,5537353,335997
2235,886,7,21,4,3197,155,Sold,40,99,42,15626,7123312,110539
2236,752,3,30,3,3395,35,Sold,54,73,22,15922,6579657,210816
2237,821,2,20,3,4692,39,Sold,78,53,19,17245,6857335,342931
2238,619,5,40,5,4590,8,Active,33,86,48,15667,6070657,151296
2239,101,4,32,1,3950,23,Active,76,61,22,15970,3921692,277122
2240,253,8,35,5,4942,56,Sold,32,94,54,17866,4562106,171893
2241,240,4,5,3,4486,143,Sold,73,61,20,15954,4504500,309953
2242,998,1,37,4,4508,184,Sold,89,21,6,16942,7571107,520212
2243,67,7,34,1,4232,40,Sold,43,83,46,16278,3789828,151032
2244,731,7,15,2,4682,185,Active,43,99,49,17925,6505850,163655
2245,559,3,19,2,3937,138,Active,52,83,19,15905,5822232,271231
2246,204,2,31,5,4410,183,Active,80,62,18,17962,4359135,286844
2247,993,4,4,2,4830,105,Active,71,69,23,17201,7551755,310241
2248,524,8,19,5,4392,68,Sold,30,87,51,15646,5681368,141475
2249,539,5,6,1,4346,102,Active,32,86,47,15000,5743924,143531
2250,293,3,13,5,4992,197,Sold,61,82,26,17251,4731773,248019
2251,536,1,5,1,4406,151,Sold,91,32,8,16523,5735373,454908
2252,104,2,19,5,3145,107,Sold,78,51,14,16778,3940144,197536
2253,18,5,23,3,4268,36,Sold,43,97,59,17968,3583258,145991
2254,465,3,30,1,4545,71,Sold,53,79,25,17736,5434293,289382
2255,53,1,4,4,4485,77,Active,90,27,8,17374,3735823,383905
2256,343,8,28,1,4201,96,Sold,44,82,46,16690,4950495,147312
2257,477,2,28,1,3881,160,Sold,73,55,16,17760,5488748,203894
2258,32,1,39,3,3156,107,Sold,99,19,8,15717,3644914,331388
2259,327,8,29,5,3584,90,Active,38,81,48,15506,4880738,113412
2260,22,8,14,5,4478,19,Sold,39,93,37,16830,3600810,144899
2261,629,2,35,2,3218,151,Sold,74,47,17,17721,6106660,236992
2262,1093,7,18,4,4566,115,Active,40,84,35,15380,7982898,148532
2263,729,8,22,5,3342,196,Active,42,92,40,18330,6499099,101884
2264,292,5,28,2,4766,56,Active,35,87,36,17089,4725022,144810
2265,320,8,40,3,4053,123,Active,35,92,55,17096,4850135,137867
2266,490,7,14,2,3925,50,Sold,30,97,50,15136,5540504,134117
2267,827,5,25,1,4957,37,Active,30,84,52,17492,6892889,151833
2268,708,2,35,2,4706,163,Active,83,63,13,16285,6418541,281167
2269,60,2,35,2,4675,184,Active,77,51,13,16294,3764626,329279
2270,298,6,29,4,4791,93,Sold,30,95,52,15705,4756075,150313
2271,832,5,19,1,4643,51,Sold,36,87,36,16811,6914041,159441
2272,723,3,37,4,4246,26,Sold,62,88,18,16763,6472097,255412
2273,873,3,26,4,3988,42,Sold,51,87,27,15207,7071557,221950
2274,772,8,40,3,3413,193,Sold,41,93,56,18127,6651665,106131
2275,1058,4,25,3,3756,196,Sold,67,51,15,15608,7846984,236786
2276,887,1,9,4,3368,28,Active,88,23,9,16584,7124662,287492
2277,90,7,25,3,4442,41,Active,32,87,53,16374,3882988,139887
2278,556,6,38,5,4009,178,Sold,44,95,55,15508,5805130,134109
2279,248,2,14,2,4991,143,Sold,73,47,14,16767,4542754,251686
2280,1029,8,26,4,3541,57,Sold,33,96,44,17013,7702970,123007
2281,333,2,31,3,4607,16,Sold,80,45,19,16648,4907740,305437
2282,227,3,18,2,3843,162,Sold,50,82,19,16824,4449144,201263
2283,523,6,40,1,4084,150,Active,42,80,53,16848,5678667,139632
2284,345,4,32,5,3878,37,Sold,71,57,17,17384,4962196,290041
2285,192,7,14,2,3464,163,Active,35,85,38,18381,4302880,120949
2286,973,6,18,2,4643,98,Sold,44,95,44,15078,7476597,146737
2287,338,5,17,1,4490,162,Sold,43,96,59,17201,4930243,161164
2288,159,8,10,3,3953,68,Active,32,99,58,17636,4165616,128812
2289,599,2,9,4,4541,76,Sold,79,46,19,16958,5995499,270825
2290,999,7,7,1,3724,180,Active,36,91,50,17047,7578307,133863
2291,155,6,4,3,3286,161,Sold,44,96,47,18289,4148514,98915
2292,640,1,10,2,3969,18,Sold,89,28,5,18139,6152565,370040
2293,1090,8,37,4,4652,102,Sold,42,89,58,16626,7970747,145970
2294,584,5,24,3,3977,161,Sold,36,95,55,16005,5934743,134733
2295,870,4,2,4,4881,157,Sold,79,64,19,16761,7054005,270859
2296,104,4,32,4,4993,128,Active,78,65,16,18130,3939693,339304
2297,734,1,7,4,4724,43,Sold,96,18,6,16530,6514851,508397
2298,635,4,25,3,4214,115,Sold,78,50,23,15383,6131413,317207
2299,862,1,12,3,3450,166,Sold,96,34,10,18122,7024752,400407
2300,328,2,37,5,4093,21,Sold,74,64,16,17950,4887488,247992
2301,712,5,28,3,3031,155,Sold,43,83,44,15309,6432043,108340
2302,101,8,17,3,3891,95,Sold,39,92,38,18202,3922142,122637
2303,486,7,21,1,3952,122,Sold,41,94,41,16935,5524752,126401
2304,13,3,23,4,4817,183,Active,52,88,23,18275,3555805,324889
2305,348,3,7,4,4049,17,Sold,61,83,22,18259,4976147,265485
2306,529,1,11,5,3833,127,Active,94,25,9,16619,5698019,420231
2307,632,2,13,5,3225,142,Sold,79,58,18,17568,6121512,232766
2308,120,4,33,5,3110,121,Sold,68,64,23,17948,4010351,247002
2309,667,1,33,1,3377,170,Active,90,29,7,15763,6260126,294263
2310,405,2,8,3,3722,64,Active,76,53,14,18232,5202070,202460
2311,97,1,40,4,3685,16,Active,89,33,7,17458,3905490,376257
2312,310,7,21,3,4878,71,Sold,35,89,59,15931,4807380,174467
2313,740,1,1,2,4186,176,Active,91,30,5,15997,6536003,410155
2314,1081,3,5,1,4311,140,Sold,56,87,19,16557,7939693,265668
2315,999,1,38,2,3735,143,Active,91,25,7,15404,7576957,368579
2316,850,2,14,3,3873,42,Sold,84,45,19,16329,6986498,280425
2317,750,5,6,2,3806,184,Active,38,98,35,17709,6571557,125948
2318,691,4,28,2,3599,107,Sold,69,52,21,18050,6358235,219696
2319,492,2,30,1,4964,149,Sold,75,45,18,17528,5549954,353985
2320,250,3,10,3,3138,117,Active,61,78,22,15625,4550405,172585
2321,544,3,14,2,4287,110,Sold,63,78,24,16962,5762376,229399
2322,554,5,20,4,4821,88,Active,40,98,43,16181,5799279,162072
2323,169,4,35,2,4421,111,Sold,71,58,18,16021,4207020,325346
2324,190,5,6,4,3092,182,Sold,30,85,38,16889,4296129,97825
2325,984,3,39,5,4697,38,Sold,62,70,25,15220,7522502,226283
2326,305,5,24,4,4419,90,Sold,30,82,57,15346,4783528,157484
2327,218,1,1,4,3612,173,Sold,92,20,6,15037,4416291,411028
2328,281,3,3,1,4562,81,Sold,54,76,18,15276,4680468,243647
2329,398,6,35,5,3417,41,Sold,44,89,42,16219,5179117,115652
2330,725,1,25,1,4027,36,Sold,92,24,5,17121,6480198,315747
2331,394,7,26,3,3480,108,Active,40,95,50,17871,5161566,123373
2332,587,1,17,3,3090,24,Active,91,29,5,16470,5948694,258162
2333,289,1,37,2,4638,176,Active,88,18,7,18135,4710171,537637
2334,202,2,1,1,4566,11,Active,82,56,16,17938,4348334,327559
2335,821,3,14,5,3626,21,Sold,52,86,23,16227,6856885,226947
2336,241,8,38,3,3759,94,Sold,38,93,52,15075,4509000,121092
2337,1028,1,23,2,4479,31,Sold,95,18,11,16406,7699369,391140
2338,716,2,30,5,3870,128,Active,80,52,14,17373,6446444,259891
2339,115,4,2,4,3214,16,Active,78,69,18,17527,3988748,195013
2340,33,6,21,2,3859,80,Sold,41,91,58,18459,3651665,131708
2341,1008,6,17,3,4622,191,Sold,34,80,44,16457,7617011,149337
2342,140,6,9,1,3740,96,Sold,44,94,39,17487,4090459,123682
2343,227,2,9,1,3867,125,Sold,80,62,19,17071,4452295,239193
2344,309,7,3,5,3153,94,Sold,40,86,47,15879,4801980,112140
2345,868,8,29,3,4709,144,Active,42,82,36,17240,7050405,158213
2346,818,8,38,2,4365,35,Sold,41,92,44,16213,6846084,152356
2347,788,6,3,4,3809,102,Active,33,80,40,18122,6727272,123815
2348,216,3,34,5,3175,13,Sold,55,89,24,16673,4408190,186944
2349,39,6,27,4,4154,128,Sold,41,82,43,16493,3671467,130253
2350,614,6,1,5,4532,186,Active,38,87,37,15689,6052655,146184
2351,404,3,13,2,4225,39,Sold,56,79,20,17423,5199369,244185
2352,382,6,16,1,3813,37,Active,30,98,35,16076,5104410,132151
2353,776,1,27,5,3769,43,Sold,97,20,7,18396,6667866,409455
2354,264,8,20,2,4874,167,Active,42,98,40,18344,4613411,151133
2355,566,7,10,3,3729,158,Active,39,83,54,15318,5851935,120186
2356,304,7,13,5,3966,110,Sold,38,88,51,15749,4777677,141888
2357,1009,2,23,5,3168,183,Sold,72,46,18,15479,7622412,189552
2358,1003,4,31,2,4145,153,Sold,76,64,21,15094,7596309,217830
2359,860,6,31,2,4550,86,Sold,42,98,36,17956,7019351,161780
2360,489,2,32,2,4971,118,Sold,73,50,18,17619,5538703,356962
2361,543,4,20,4,3595,143,Sold,70,58,18,16136,5755175,209260
2362,1081,6,21,5,3029,132,Active,31,85,41,15213,7936993,106615
2363,564,7,26,4,4045,109,Sold,41,92,38,15109,5844734,137910
2364,93,8,9,1,4992,71,Sold,41,94,40,16181,3895589,170607
2365,1039,6,12,1,4798,40,Sold,37,96,41,17736,7751575,155542
2366,834,2,3,1,3209,146,Sold,77,54,14,18233,6924392,243777
2367,943,2,7,5,4000,28,Sold,84,46,17,17970,7348334,262506
2368,503,2,2,3,3581,43,Sold,84,62,19,17129,5600810,205208
2369,347,3,9,3,4762,137,Sold,55,85,27,16825,4971197,259358
2370,491,7,19,5,3102,151,Sold,30,82,49,18280,5545004,93358
2371,817,4,30,4,4063,19,Sold,76,64,15,16935,6844734,338547
2372,1009,1,15,1,4955,18,Active,89,20,5,16664,7625112,632134
2373,1024,4,1,5,4869,189,Active,74,61,18,17424,7680918,349027
2374,466,6,22,2,4831,120,Sold,34,89,49,18096,5440144,154292
2375,1028,5,6,1,3183,34,Sold,31,92,57,17628,7697569,104517
2376,739,4,34,3,4543,186,Active,78,56,19,16878,6533753,241449
2377,647,5,30,2,3603,74,Sold,34,86,48,17720,6183168,125118
2378,160,1,36,2,4022,21,Sold,89,21,6,16697,4171917,375303
2379,145,1,21,3,3382,8,Active,94,26,5,16123,4110711,439195
2380,58,2,2,1,3027,119,Sold,78,59,16,17346,3755175,229833
2381,505,6,12,1,3843,135,Sold,41,88,46,16124,5606210,134728
2382,14,7,5,2,3603,136,Active,41,84,38,16185,3560306,127625
2383,926,3,11,3,4143,45,Sold,53,81,26,18468,7279027,259809
2384,1046,3,19,2,4452,75,Sold,59,74,25,17093,7779927,280355
2385,28,4,19,3,3593,68,Sold,72,52,22,16619,3631863,213872
2386,583,8,34,4,3371,188,Sold,38,88,49,15478,5930243,107043
2387,683,3,11,4,4081,40,Sold,59,86,22,15067,6325832,278527
2388,27,1,24,5,4009,105,Sold,94,24,10,15480,3623762,384583
2389,426,2,2,5,4424,43,Active,84,53,13,18095,5280378,299114
2390,1006,2,19,4,3745,46,Sold,75,45,16,17649,7608010,232538
2391,279,1,22,2,4125,85,Active,99,31,10,17617,4670567,328793
2392,947,8,38,5,3947,79,Sold,30,96,42,16400,7365886,131609
2393,85,7,20,4,4154,61,Sold,41,97,53,16308,3861836,138154
2394,181,7,32,5,4115,169,Active,42,93,57,16639,4257875,131277
2395,150,2,26,5,3751,76,Sold,81,48,15,15446,4128262,203922
2396,235,2,26,4,4985,188,Active,84,61,15,17296,4486948,298701
2397,908,8,28,4,3867,137,Sold,30,97,58,16727,7206120,135809
2398,75,8,22,5,4376,193,Sold,35,90,56,16564,3824932,140995
2399,129,2,22,1,4957,113,Active,81,46,15,16761,4045004,252581
2400,624,7,12,3,3944,103,Sold,38,98,40,17978,6085958,125064
2401,897,3,28,5,4709,184,Sold,59,86,22,18198,7167416,270274
2402,936,5,7,2,4245,177,Sold,43,98,51,15646,7324032,146631
2403,75,3,10,4,4663,150,Active,59,88,26,17294,3824482,226405
2404,443,6,2,4,4327,39,Sold,36,96,44,18118,5351485,142791
2405,22,7,36,5,4483,140,Sold,38,90,36,16954,3601710,135387
2406,561,6,38,5,3429,112,Active,43,98,52,16745,5833483,102918
2407,204,1,15,5,3910,193,Sold,96,25,9,17684,4360486,363161
2408,529,8,2,4,4454,150,Sold,44,89,59,15227,5699369,149102
2409,783,3,31,3,4200,170,Active,51,79,20,16122,6706570,289202
2410,848,6,15,3,4418,123,Active,43,96,41,17192,6972997,140139
2411,1080,6,6,1,4984,64,Sold,32,87,48,16888,7932493,167153
2412,80,4,3,1,3761,178,Active,71,54,21,18177,3843834,275565
2413,1045,4,31,4,4608,79,Sold,71,69,21,16607,7775427,322657
2414,536,1,40,5,3944,94,Sold,98,20,6,16964,5734023,395721
2415,693,2,22,2,3233,141,Sold,73,62,16,17666,6365886,176413
2416,903,7,11,2,4602,48,Sold,33,92,52,17991,7190369,142055
2417,889,2,5,3,3833,66,Sold,84,47,19,15421,7133213,210892
2418,754,8,7,3,4344,66,Active,38,84,36,15737,6586858,136158
2419,77,3,24,2,3065,91,Sold,52,88,24,15928,3828982,199642
2420,294,2,5,4,3608,64,Active,78,62,15,15623,4735373,210837
2421,680,4,13,1,4221,78,Sold,79,57,17,15716,6316831,255271
2422,1011,8,6,4,4773,110,Sold,42,90,38,15437,7630513,150464
2423,2,3,33,1,3811,134,Active,60,77,19,17699,3507200,224733
2424,85,4,24,4,4914,79,Active,71,58,24,15439,3862736,391019
2425,113,7,8,4,3605,47,Sold,41,98,56,16406,3980648,113824
2426,1049,6,34,5,3468,187,Active,44,95,56,16009,7797929,122427
2427,223,4,1,2,3531,93,Active,73,62,15,17756,4436093,200183
2428,97,4,19,2,3617,92,Sold,75,52,16,15846,3904590,214756
2429,644,8,11,4,3515,97,Active,41,81,45,16884,6169216,106399
2430,253,8,23,3,3360,27,Sold,41,83,39,18047,4557605,107157
2431,228,2,26,1,3111,169,Sold,73,60,17,17427,4455445,203841
2432,779,6,36,3,4339,101,Sold,38,87,41,17237,6686768,135576
2433,955,1,14,3,4285,56,Sold,93,21,5,17901,7395589,459191
2434,574,3,4,4,4038,161,Active,57,83,23,15312,5887938,252139
2435,18,8,33,4,3044,8,Active,36,89,59,15156,3581458,93031
2436,215,6,36,4,3032,117,Sold,39,91,42,16122,4404140,91948
2437,269,1,3,2,4233,71,Active,94,20,5,17453,4632763,345349
2438,169,8,36,5,4859,165,Sold,44,87,49,16374,4209720,147228
2439,45,8,29,1,3492,111,Active,31,97,58,17929,3702520,105612
2440,804,5,1,2,4492,152,Sold,42,94,49,17519,6788478,148236
2441,430,7,24,5,3184,15,Sold,43,82,54,15539,5297929,101309
2442,56,4,26,3,3637,198,Active,69,63,24,15626,3750225,209884
2443,686,1,27,5,4868,76,Active,92,29,7,17722,6339333,500394
2444,362,3,4,3,4762,123,Active,58,81,21,17939,5024752,275967
2445,516,1,11,5,3160,28,Sold,96,18,9,16771,5648964,341138
2446,546,6,27,1,3843,168,Sold,33,99,59,16006,5769126,129940
2447,972,1,1,5,3333,182,Active,90,29,8,16949,7472097,379970
2448,1048,6,19,5,3954,31,Active,36,88,47,16082,7795229,119759
2449,1022,7,37,3,3270,35,Sold,40,97,42,18434,7670117,114188
2450,837,3,15,5,4275,11,Sold,53,86,18,15273,6936543,237156
2451,556,2,24,4,4930,180,Active,79,57,17,17563,5807830,307829
2452,755,5,11,1,3858,81,Sold,39,90,49,15840,6593159,123780
2453,383,8,10,2,3084,141,Sold,31,84,40,18479,5107560,108033
2454,640,7,27,1,4757,80,Sold,31,81,37,16088,6153015,165829
2455,147,7,24,4,3254,109,Active,39,80,52,15295,4114761,110545
2456,571,1,38,3,3808,183,Sold,94,28,7,16639,5875787,347118
2457,964,4,19,3,4900,123,Sold,70,59,16,16541,7434743,385309
2458,618,7,31,1,3858,12,Sold,33,88,47,17884,6065706,135817
2459,614,6,14,2,3633,63,Sold,32,94,45,17694,6053105,128979
2460,1023,5,27,4,3179,176,Active,36,93,37,16215,7674617,107685
2461,978,7,19,5,4171,65,Sold,41,85,41,18462,7494599,146219
2462,136,3,19,5,4231,103,Active,53,77,25,15188,4068856,206188
2463,254,6,22,4,3225,60,Active,44,80,47,15037,4564356,110843
2464,273,4,40,5,4138,94,Active,69,50,16,15798,4650765,330039
2465,825,8,19,5,4310,40,Active,41,96,52,17049,6881188,141290
2466,107,7,30,2,4495,48,Sold,31,93,45,17631,3955445,150169
2467,720,5,23,2,3604,162,Sold,37,89,35,17094,6457695,113886
2468,43,1,18,2,4597,53,Sold,93,20,6,16757,3691719,555490
2469,614,1,13,4,3700,132,Sold,97,20,10,15502,6054005,451483
2470,496,2,1,1,3785,143,Active,77,49,13,17737,5570207,229468
2471,523,8,13,4,3391,91,Sold,35,89,53,15547,5678217,101961
2472,194,1,2,5,4088,12,Sold,99,26,7,15512,4313231,481689
2473,809,1,30,2,3150,119,Sold,98,27,5,16839,6809180,251913
2474,580,6,30,1,3704,55,Active,43,86,52,18049,5917191,123951
2475,973,8,21,2,3557,182,Active,33,86,57,17406,7475697,123520
2476,720,5,12,2,4352,58,Sold,37,96,49,15183,6458595,155558
2477,1001,5,11,2,3967,144,Sold,35,97,36,17616,7584608,123461
2478,121,2,31,5,4244,59,Active,73,61,16,15838,4016201,246529
2479,1045,5,19,1,4964,99,Active,44,88,36,16322,7772277,160029
2480,277,8,22,3,3626,131,Active,30,91,47,15192,4665616,119643
2481,297,3,12,4,3801,102,Active,56,87,27,17810,4752025,236392
2482,647,6,16,2,4523,33,Sold,35,85,51,17806,6185418,139725
2483,466,1,6,4,3361,106,Sold,94,33,11,16118,5438343,321186
2484,859,3,10,4,4877,33,Sold,58,74,20,16663,7017551,274891
2485,830,8,3,2,4646,81,Sold,34,96,52,16313,6907290,157945
2486,894,6,11,3,4090,188,Sold,36,99,48,17131,7158415,133997
2487,119,2,40,4,4439,13,Active,78,61,14,16492,4006750,331064
2488,572,7,6,5,4097,74,Sold,38,90,51,15587,5880738,140806
2489,993,2,2,5,4122,18,Sold,75,53,12,16349,7552655,220814
2490,383,8,11,2,3227,61,Active,36,83,51,15600,5110261,103509
2491,338,3,19,1,4401,12,Sold,63,77,22,17248,4928892,288016
2492,70,6,14,5,4935,37,Sold,34,95,36,16902,3799279,162253
2493,940,7,6,5,4764,35,Sold,30,97,58,15176,7340684,160995
2494,452,4,23,2,3290,31,Sold,65,56,16,17101,5387038,244256
2495,1052,6,37,1,4585,135,Active,34,88,50,17540,7815931,155037
2496,207,1,24,5,4065,132,Sold,89,23,7,16618,4374887,464406
2497,569,4,37,4,3589,100,Sold,77,52,15,16213,5867686,275763
2498,820,6,29,2,3758,21,Sold,41,81,55,17060,6854635,119053
2499,803,2,13,5,3885,174,Sold,78,58,14,17080,6785778,252489
2500,1068,2,25,5,3885,19,Active,73,64,14,16284,7882988,230940
2501,971,2,4,1,4914,57,Active,73,59,15,16466,7466246,328680
2502,725,5,39,2,3159,78,Active,33,91,39,16416,6481548,102213
2503,1038,5,9,1,3976,188,Sold,44,83,45,15036,7745724,137220
2504,179,1,40,1,3932,157,Sold,89,27,7,17120,4247074,457203
2505,396,6,35,4,4169,171,Sold,44,82,53,17241,5170117,125762
2506,898,7,21,4,3676,144,Active,34,88,45,17583,7170117,116537
2507,462,4,24,5,4887,46,Active,69,67,18,15984,5423492,367952
2508,340,1,4,4,4413,182,Sold,93,29,10,17165,4941494,371597
2509,271,5,35,1,3879,189,Active,40,93,56,16191,4641314,137961
2510,737,8,35,1,4287,138,Active,31,93,39,18247,6528352,145201
2511,954,6,24,3,4162,64,Sold,39,83,46,17499,7391539,147784
2512,282,5,10,3,4917,114,Active,42,84,57,17149,4682718,165821
2513,1034,8,6,5,3800,181,Sold,33,84,48,17865,7727272,127140
2514,929,3,30,1,4734,192,Sold,63,72,24,17854,7297029,282525
2515,397,6,20,5,4443,108,Sold,37,92,52,15687,5175517,138870
2516,331,8,39,4,3793,155,Active,37,88,37,16999,4896489,135592
2517,42,1,25,1,4424,44,Sold,89,29,7,17942,3689918,445818
2518,698,3,36,4,3696,140,Sold,58,85,18,16527,6382088,178709
2519,216,4,3,2,3689,118,Sold,77,55,15,17098,4406390,306312
2520,292,4,4,1,3770,127,Sold,70,67,19,18319,4724572,316245
2521,311,5,14,4,3092,124,Sold,32,97,46,17707,4810981,109883
2522,936,8,14,1,3179,89,Sold,34,85,47,17027,7321332,112537
2523,873,6,4,4,3783,179,Active,41,92,57,18227,7070657,117152
2524,323,1,24,1,3895,25,Active,95,20,10,16558,4863186,452180
2525,863,3,16,2,3188,184,Active,52,84,23,16708,7031503,219263
2526,412,4,24,3,4968,25,Sold,68,66,22,15618,5228622,308846
2527,465,7,17,3,3973,96,Active,34,99,54,17344,5433843,130712
2528,485,3,39,1,3231,120,Sold,52,74,20,17655,5522052,195638
2529,435,2,3,3,4377,78,Sold,78,50,18,16777,5316381,325398
2530,366,3,14,5,3274,189,Active,60,74,24,17479,5040054,214114
2531,693,8,15,3,4147,100,Active,37,85,35,15301,6366336,149027
2532,301,4,1,5,3671,197,Sold,69,62,20,16039,4765526,220570
2533,1012,4,40,2,4941,126,Sold,76,66,15,15146,7635013,370634
2534,236,8,16,5,3149,77,Sold,43,86,48,17524,4488298,105674
2535,908,1,11,2,3231,31,Sold,98,24,5,17402,7208370,336113
2536,245,8,16,5,3664,83,Active,33,95,41,16039,4529252,126489
2537,327,2,39,2,4151,86,Sold,84,47,13,17148,4881638,258305
2538,508,8,31,1,3813,137,Active,35,89,35,17555,5616561,116335
2539,634,5,7,5,4410,172,Sold,37,95,58,18464,6129612,157869
2540,435,1,36,1,3705,74,Sold,92,29,9,18407,5314581,326772
2541,392,8,21,2,4961,131,Active,33,96,43,18317,5148064,176790
2542,549,7,16,5,4187,150,Sold,39,84,53,16932,5780378,128055
2543,462,8,33,3,4353,135,Active,42,97,58,16044,5421692,155272
2544,67,2,38,4,4321,138,Sold,79,53,19,15318,3788928,219932
2545,760,6,26,2,3269,157,Sold,34,80,38,17103,6610711,115749
2546,127,8,28,4,3505,124,Sold,36,92,37,15241,4036903,107302
2547,126,4,32,3,4737,125,Sold,79,64,23,16531,4035103,274291
2548,86,8,10,1,3181,124,Sold,31,99,54,15070,3869936,111456
2549,792,6,2,5,4066,166,Active,35,80,39,17492,6741224,127453
2550,755,7,12,4,4755,116,Active,30,81,56,16524,6592709,156877
2551,497,7,11,5,4503,31,Active,34,98,48,15449,5576507,146951
2552,177,4,7,3,4253,46,Sold,71,51,24,15700,4240324,227808
2553,547,6,9,4,3825,143,Sold,32,83,51,15297,5771377,128428
2554,927,5,27,1,3870,126,Sold,32,98,57,16644,7287128,121959
2555,234,3,11,4,4684,12,Sold,55,77,19,17861,4481548,284248
2556,509,6,20,2,4334,15,Sold,34,91,39,18143,5624212,148431
2557,631,5,39,3,4519,102,Active,31,80,53,17552,6114761,148097
2558,318,8,34,2,4783,95,Sold,38,88,50,18198,4844284,170256
2559,899,4,25,3,4218,32,Active,78,58,17,18358,7175517,341970
2560,627,2,9,3,3399,81,Active,78,63,14,15202,6098109,174488
2561,716,3,1,4,4677,69,Sold,50,70,22,17076,6447344,272972
2562,9,8,17,2,3706,43,Sold,43,96,45,16270,3538703,122646
2563,692,3,18,2,3427,105,Active,56,72,20,16473,6360936,228946
2564,884,4,34,3,4219,83,Sold,78,55,15,17522,7115661,237977
2565,375,7,4,2,3251,162,Active,31,96,58,18346,5075607,108765
2566,376,5,7,4,4486,151,Active,39,99,51,17376,5081008,142538
2567,426,7,10,1,4378,147,Sold,36,84,39,16815,5279927,148843
2568,779,8,31,3,3475,145,Sold,37,97,52,16338,6684968,122452
2569,459,7,11,3,3621,160,Active,43,89,47,18216,5409540,111215
2570,400,4,31,2,3882,170,Sold,65,56,15,16970,5185418,273031
2571,91,2,11,5,3568,153,Sold,77,50,14,18026,3884338,213974
2572,863,4,37,4,3830,135,Active,71,53,20,17292,7030603,260164
2573,631,3,35,1,3465,144,Active,59,70,26,18230,6118361,229000
2574,315,4,13,5,4770,155,Sold,76,58,20,15408,4826282,337790
2575,502,5,16,2,3279,100,Sold,43,90,44,15493,5598109,108181
2576,117,4,13,3,4107,100,Sold,75,64,15,16834,3997749,295985
2577,355,1,3,3,3451,81,Active,93,34,6,15412,5002700,406312
2578,98,4,23,1,3890,175,Sold,75,59,20,17614,3910441,278822
2579,872,4,26,4,4358,10,Sold,78,67,21,18069,7064356,230610
2580,284,2,40,2,3639,36,Sold,79,48,16,16333,4692619,232895
2581,419,5,27,4,3084,140,Active,41,91,38,16584,5252925,109766
2582,370,3,3,2,4170,189,Sold,55,82,21,17092,5056705,239018
2583,131,3,16,4,3815,78,Sold,61,84,23,16509,4051305,226202
2584,613,1,10,1,3023,19,Sold,90,27,10,17522,6046354,336415
2585,1041,6,3,2,3372,138,Sold,32,92,49,17430,7756075,120252
2586,147,1,34,2,3089,177,Active,89,18,7,17794,4117461,257406
2587,164,3,35,1,4757,54,Active,61,78,25,17440,4183168,299897
2588,206,6,20,1,3209,141,Active,42,82,55,17042,4368586,99813
2589,593,6,19,1,3157,25,Active,34,97,56,16662,5972997,108102
2590,377,3,22,3,3180,23,Active,61,84,27,15963,5081458,186323
2591,1051,4,13,4,3694,106,Sold,79,61,18,16633,7807830,238165
2592,41,3,8,3,4149,13,Active,55,71,24,17507,3681368,233924
2593,489,8,6,5,4287,8,Sold,43,85,57,15040,5536903,133454
2594,822,3,22,3,3849,53,Active,50,72,20,17447,6864086,199089
2595,400,3,3,4,3182,15,Sold,55,81,24,15245,5185868,172561
2596,971,1,4,5,3000,33,Sold,96,34,8,15085,7468046,369848
2597,778,1,40,5,3090,24,Sold,89,23,9,15632,6683168,381329
2598,862,4,31,1,4143,42,Sold,74,63,16,17423,7025652,287849
2599,715,2,19,4,4209,109,Sold,84,50,15,17135,6442394,272497
2600,985,2,6,5,3447,151,Active,74,53,14,18118,7523852,266288
2601,949,8,3,4,4915,147,Active,39,96,41,18385,7369936,159177
2602,871,7,10,5,4556,96,Sold,36,93,57,15112,7059405,141883
2603,970,1,35,3,3139,93,Sold,98,19,11,15918,7459945,351960
2604,111,4,23,3,3071,30,Sold,79,60,21,17725,3972997,171385
2605,433,7,33,2,4779,122,Sold,32,85,52,16985,5308730,167829
2606,559,1,36,2,4564,135,Active,89,19,8,16259,5826282,487253
2607,441,4,6,4,4875,125,Sold,70,61,24,16098,5340234,344270
2608,921,7,26,2,3308,83,Sold,43,92,56,16138,7265976,103315
2609,507,4,33,5,4482,25,Sold,66,65,22,15660,5613861,365789
2610,340,6,13,1,4409,120,Sold,30,94,51,16283,4942394,137817
2611,773,3,35,5,4863,139,Sold,54,74,21,17894,6658415,263722
2612,455,2,12,2,3753,45,Sold,84,48,15,18319,5394239,259873
2613,201,7,14,2,4322,133,Sold,30,93,41,15220,4343384,141355
2614,676,7,15,2,3416,82,Sold,39,98,44,18184,6297029,108205
2615,530,7,20,4,4558,118,Sold,44,81,49,15425,5707020,140241
2616,805,1,25,2,4595,47,Sold,92,21,11,17436,6795229,361753
2617,142,1,29,1,4494,166,Sold,94,25,5,15313,4096759,471960
2618,598,1,17,2,4315,32,Sold,93,22,6,16855,5992799,345254
2619,168,5,32,2,3913,156,Active,34,96,43,18049,4199369,119894
2620,746,5,2,2,4192,139,Sold,36,82,54,15727,6556705,126238
2621,253,4,3,5,3455,27,Sold,73,55,20,17293,4562556,230277
2622,811,5,34,3,3982,33,Active,37,99,52,16504,6817281,122096
2623,963,4,26,3,4874,141,Sold,75,68,19,15994,7431593,329887
2624,478,6,14,4,4586,90,Sold,39,90,51,15707,5492349,141001
2625,1067,6,29,5,4905,7,Sold,39,89,55,17154,7878937,172470
2626,1022,3,10,1,3271,41,Sold,64,83,26,16880,7668316,187897
2627,633,3,15,5,3250,186,Active,64,76,19,15279,6125112,174148
2628,640,4,16,2,4573,100,Active,76,68,21,17435,6150765,373424
2629,828,1,28,3,3540,145,Sold,95,34,7,17587,6896039,481493
2630,685,3,31,2,4752,59,Sold,63,87,19,15621,6334833,305785
2631,727,6,34,4,3709,76,Active,30,98,52,15793,6494599,127983
2632,429,6,35,4,4671,115,Sold,40,93,53,15594,5294779,161150
2633,1041,6,35,5,3496,48,Sold,40,82,47,16562,7757425,117172
2634,293,1,17,5,4600,34,Sold,91,26,9,16495,4734923,548320
2635,225,5,5,1,3420,52,Sold,38,95,56,16108,4442394,116896
2636,1095,5,30,5,3661,161,Active,43,94,46,16763,7994599,123324
2637,674,5,37,3,3791,44,Sold,43,83,51,17208,6289828,119917
2638,442,3,22,4,3914,114,Active,51,85,20,16478,5347884,237658
2639,934,6,25,3,3669,194,Sold,41,87,53,17454,7316381,113834
2640,125,7,26,2,4033,99,Sold,34,89,55,17733,4031053,123999
2641,559,4,11,1,4392,45,Sold,68,61,16,17282,5826732,358398
2642,504,5,12,3,3872,141,Sold,37,83,41,15533,5604860,118723
2643,494,4,20,2,3737,188,Sold,71,57,20,17048,5557155,286297
2644,911,7,28,1,4227,103,Sold,38,85,56,17408,7224122,131857
2645,495,7,15,2,3258,52,Sold,31,80,42,15033,5561656,104986
2646,525,1,12,1,3309,103,Sold,89,26,10,16252,5688568,291175
2647,490,4,6,2,4645,158,Sold,68,67,23,16203,5541404,336400
2648,895,3,36,1,3691,101,Sold,51,70,20,15286,7160666,241716
2649,703,3,5,1,4179,8,Sold,50,72,26,17477,6397839,233623
2650,353,4,26,1,4004,140,Sold,70,54,19,17239,4993249,272502
2651,135,2,14,2,3364,127,Sold,81,52,14,15262,4065256,198660
2652,644,1,13,5,4415,128,Active,97,29,9,15917,6170117,495738
2653,271,4,14,5,4177,117,Sold,70,64,22,16969,4642214,343090
2654,6,8,21,1,4946,166,Active,42,90,40,17224,3526552,153059
2655,528,1,30,3,3276,121,Sold,99,34,10,16909,5696219,322285
2656,842,8,11,2,3849,131,Sold,35,92,42,16989,6950945,117433
2657,979,7,39,3,3793,108,Sold,39,85,50,16842,7496849,125268
2658,888,8,35,2,4247,94,Active,30,87,44,18296,7130063,152433
2659,360,5,7,1,4021,33,Sold,32,85,58,15002,5017551,124040
2660,1089,1,25,2,4929,170,Active,92,19,7,17637,7965796,510829
2661,1085,6,12,4,3912,163,Active,36,81,51,16327,7954095,131013
2662,718,7,18,3,4734,25,Sold,32,82,36,15983,6454995,157349
2663,827,7,20,2,3405,80,Sold,41,85,46,17584,6887938,107332
2664,41,6,17,5,4603,175,Sold,31,83,57,18299,3684518,164253
2665,615,2,28,2,4077,151,Sold,81,56,13,17010,6055805,286372
2666,999,3,6,4,3068,71,Sold,62,71,23,18115,7575157,160901
2667,461,2,14,4,3465,118,Active,82,50,12,15060,5418541,216985
2668,988,1,19,5,4570,177,Active,91,29,9,18349,7534653,533022
2669,644,6,37,1,3051,147,Active,40,81,35,17205,6169666,109146
2670,791,3,8,5,4183,157,Sold,59,88,20,17869,6739873,248182
2671,143,6,19,2,3817,178,Active,35,87,54,15110,4098109,129358
2672,1023,7,31,1,4545,153,Sold,41,84,45,15545,7679117,154539
2673,311,7,14,2,3982,17,Active,34,86,39,15644,4811881,134154
2674,94,8,16,4,3139,42,Sold,41,97,59,16159,3898289,99500
2675,1042,1,1,5,3918,85,Active,94,21,9,18303,7761926,318582
2676,513,5,38,4,3369,8,Sold,39,86,40,18446,5632763,108172
2677,576,3,18,4,4462,47,Active,58,76,26,16081,5898739,272703
2678,620,4,31,2,3574,30,Active,74,57,20,17726,6075157,215793
2679,280,8,35,4,3465,86,Sold,33,85,51,16120,4675967,116764
2680,179,8,2,5,3474,45,Sold,40,81,47,16001,4249324,119096
2681,100,8,21,1,4508,195,Sold,33,89,51,17872,3920792,160882
2682,72,2,31,5,4842,155,Sold,73,56,18,17183,3808730,363249
2683,830,2,31,2,4766,14,Sold,77,64,18,16004,6908640,323491
2684,350,3,40,2,4707,71,Sold,59,84,25,18209,4983798,301971
2685,268,3,15,4,4589,15,Sold,58,72,24,17576,4629162,264752
2686,615,7,36,1,4939,29,Active,43,89,57,16461,6057605,176678
2687,405,5,40,5,3017,174,Sold,42,92,53,15260,5203870,93406
2688,176,5,10,1,4074,165,Sold,31,81,55,17052,4236723,122236
2689,796,7,2,3,3571,10,Active,42,85,38,17612,6761926,116722
2690,721,4,35,4,3508,19,Sold,67,69,15,18342,6464896,211022
2691,431,7,13,1,3498,169,Sold,31,81,40,15026,5300630,106024
2692,637,4,11,2,4830,104,Sold,73,69,18,16094,6140414,319538
2693,843,2,7,1,4402,57,Sold,84,59,13,16557,6955445,275872
2694,24,5,26,1,3494,11,Sold,39,82,43,18152,3610261,109914
2695,259,2,7,2,3353,154,Sold,82,50,15,16986,4585058,261251
2696,409,7,2,1,3492,37,Sold,44,89,46,18471,5217371,105863
2697,227,4,18,3,4917,16,Sold,68,62,22,17509,4453195,334088
2698,627,7,13,5,4277,173,Active,36,84,39,17452,6097659,143126
2699,717,1,4,3,4140,145,Sold,93,32,8,15361,6450495,339014
2700,25,8,31,4,3768,57,Sold,34,87,43,17753,3612961,124291
2701,193,7,39,2,3579,163,Sold,41,92,47,17709,4308280,120949
2702,459,1,23,2,4825,129,Sold,90,31,6,17182,5409090,368871
2703,338,1,7,1,3320,159,Sold,90,28,6,17500,4931143,382256
2704,15,4,33,1,3178,111,Sold,70,64,20,17483,3563456,174342
2705,131,5,18,1,3444,126,Sold,39,92,50,15549,4049504,112350
2706,606,4,22,3,3037,90,Active,78,56,16,16773,6022052,248539
2707,816,8,12,4,4167,118,Active,41,86,39,16076,6841134,142645
2708,197,6,12,2,3355,109,Sold,32,87,58,15830,4323582,117472
2709,1006,6,37,1,4013,104,Active,40,95,47,16525,7608460,133858
2710,272,4,1,4,4971,167,Active,76,67,17,16999,4644914,307188
2711,823,6,8,3,3618,144,Sold,43,85,38,16803,6868586,124966
2712,928,1,40,2,3491,19,Sold,98,29,5,16971,7290729,274305
2713,517,6,25,2,4758,22,Active,41,96,40,16131,5654365,156690
2714,728,5,2,4,4491,170,Sold,37,93,43,15916,6496849,147377
2715,106,5,35,3,4816,163,Sold,35,98,49,17613,3950495,167674
2716,462,4,38,4,4834,93,Active,69,51,15,16600,5424842,380559
2717,292,6,4,3,4116,138,Sold,38,89,40,16077,4721422,127456
2718,927,8,14,3,4745,95,Sold,41,93,44,17661,7283078,157240
2719,456,4,38,4,4154,82,Active,73,53,21,17586,5396489,333641
2720,950,2,7,3,4875,73,Sold,79,50,12,15751,7373987,301269
2721,241,5,1,3,4630,109,Sold,38,98,53,15348,4508550,164291
2722,931,1,26,4,4354,108,Active,97,23,10,18222,7300630,525702
2723,995,2,10,4,3850,54,Sold,79,64,19,17774,7559405,215675
2724,485,2,10,4,4616,147,Sold,77,57,14,15028,5521602,235593
2725,299,4,33,5,3823,124,Sold,68,51,22,16529,4760126,225167
2726,380,3,38,5,4017,67,Active,62,77,19,17947,5094059,193793
2727,669,3,31,5,4542,63,Active,54,83,21,18400,6269576,264134
2728,705,3,6,3,4545,29,Sold,53,86,26,15327,6409090,309874
2729,863,2,9,4,3807,87,Sold,74,59,14,17194,7031053,268622
2730,1051,2,32,4,4431,34,Sold,75,50,13,15134,7810081,266895
2731,238,3,21,2,3850,148,Sold,57,74,25,15511,4495049,255849
2732,612,8,34,2,3492,183,Active,33,92,54,16729,6044554,121298
2733,729,4,4,1,3658,65,Sold,68,53,15,16737,6501350,267224
2734,749,4,28,4,4954,159,Sold,76,68,16,16467,6566606,264645
2735,228,3,11,1,4190,82,Sold,58,81,22,15971,4456345,237952
2736,872,7,17,3,3994,111,Active,34,84,45,17149,7065706,143504
2737,827,4,16,4,4121,174,Sold,72,68,24,17414,6892439,218054
2738,695,7,38,2,3326,29,Sold,36,87,37,16349,6372187,108208
2739,715,6,4,5,4291,39,Sold,31,83,39,16896,6442844,135029
2740,565,6,21,4,3325,172,Sold,36,95,44,17441,5850585,118264
2741,788,7,3,1,3876,48,Active,42,89,58,18124,6727722,137738
2742,102,7,21,2,4103,26,Sold,37,97,39,17901,3926642,143900
2743,548,6,30,4,4071,108,Active,31,91,45,17595,5774977,129018
2744,16,8,34,2,4686,172,Active,33,81,49,15038,3572907,143607
2745,199,6,9,1,4411,165,Sold,44,90,59,17144,4336183,138461
2746,826,7,1,2,3940,39,Sold,32,95,35,16596,6886588,136442
2747,113,7,3,4,4399,66,Sold,44,96,39,18468,3981998,151343
2748,34,7,28,5,3610,195,Sold,35,81,37,16361,3656165,121534
2749,235,1,18,3,3724,72,Sold,91,27,11,16655,4484698,304093
2750,730,2,33,1,4907,97,Sold,84,61,14,16638,6504050,288380
2751,685,7,14,3,4037,59,Sold,44,84,53,17097,6335283,134787
2752,459,1,18,1,3915,99,Sold,96,18,10,18321,5409990,476113
2753,998,7,32,5,4764,187,Sold,38,95,49,16365,7571557,164568
2754,112,5,17,5,3631,147,Sold,38,81,40,18204,3976147,118654
2755,1032,4,1,5,3569,77,Sold,70,55,18,16018,7714671,225634
2756,171,4,1,1,3622,109,Active,66,67,15,18277,4216021,256253
2757,1026,4,24,5,3641,11,Sold,72,51,22,18150,7689018,193816
2758,1008,3,34,5,3460,76,Sold,55,86,26,17987,7616111,217354
2759,431,4,34,2,4806,162,Sold,79,66,19,17559,5303780,255074
2760,498,6,40,2,3455,10,Sold,34,94,37,17805,5578307,114582
2761,182,2,27,3,3187,69,Active,77,48,13,17430,4259675,195784
2762,790,3,2,2,3873,141,Active,58,85,20,15161,6735373,238849
2763,122,8,17,3,4505,169,Sold,35,89,38,16669,4019351,142043
2764,577,6,11,4,3963,44,Sold,31,98,56,17773,5904590,126253
2765,612,3,10,3,4202,83,Sold,61,85,24,16367,6043654,289985
2766,91,7,8,5,4077,150,Sold,40,86,55,17343,3887488,142018
2767,466,2,22,3,4372,192,Active,79,53,13,15022,5436993,280333
2768,261,1,37,5,4383,190,Sold,96,21,5,15627,4593159,593568
2769,249,3,34,5,4872,19,Sold,59,81,21,17195,4543204,310155
2770,295,1,27,4,3815,122,Sold,90,21,7,16620,4742574,303808
2771,1077,5,35,2,3015,45,Sold,36,81,43,16500,7918541,97421
2772,263,7,31,2,3640,172,Active,31,85,52,16695,4606210,116254
2773,904,5,6,1,3235,176,Active,32,82,43,15998,7193519,111232
2774,953,6,34,5,4978,111,Sold,31,98,59,16972,7390639,149997
2775,552,7,23,5,4683,100,Sold,44,84,35,17659,5794329,145604
2776,744,1,19,4,4976,195,Active,94,25,5,15528,6550405,410333
2777,412,4,33,2,4324,146,Active,72,62,16,16669,5230423,315786
2778,483,4,24,4,3555,85,Sold,71,68,20,15546,5517101,263545
2779,35,1,19,4,4718,75,Sold,98,22,11,18388,3661566,581741
2780,627,3,1,3,3558,90,Active,58,80,24,18228,6095859,191961
2781,828,6,5,1,4497,79,Sold,44,98,40,17627,6898289,160642
2782,1048,1,29,2,4986,162,Sold,97,31,11,15439,7792079,590430
2783,26,4,9,2,3379,134,Sold,71,69,19,17941,3620162,187923
2784,835,4,40,1,4743,99,Sold,66,59,20,17760,6930243,270372
2785,540,3,33,5,4428,49,Sold,61,89,18,17725,5747974,221131
2786,604,3,8,1,4192,110,Sold,53,74,19,17440,6012601,294151
2787,340,8,4,1,3934,47,Sold,41,99,42,15237,4941944,138351
2788,827,4,2,4,3769,107,Active,65,56,21,17240,6893789,275280
2789,992,1,11,5,4111,179,Sold,99,23,9,16200,7549504,309281
2790,833,5,23,1,4941,171,Sold,40,91,42,15802,6921242,165029
2791,192,3,14,3,3761,149,Sold,59,76,27,16385,4303330,186064
2792,425,8,1,3,4866,196,Active,31,91,39,16953,5270927,166914
2793,233,3,20,5,3135,193,Sold,64,74,26,17181,4478397,154463
2794,533,5,29,2,3381,56,Sold,39,85,58,17527,5716471,109612
2795,853,7,39,3,3902,130,Sold,36,96,55,18441,6999099,129640
2796,438,7,33,5,4284,146,Sold,38,84,43,15697,5331683,134509
2797,594,5,11,4,4315,114,Sold,41,95,52,15519,5975697,141886
2798,802,6,32,4,3666,179,Sold,41,85,41,17801,6780378,131228
2799,495,4,27,1,3191,125,Sold,73,63,19,17085,5567056,233902
2800,81,2,18,2,4779,99,Sold,77,60,13,18394,3846084,273498
2801,693,1,24,1,3051,16,Sold,91,27,6,17505,6364536,322529
2802,878,3,40,5,4127,98,Sold,58,74,22,15437,7090909,267403
2803,137,5,29,5,3489,196,Sold,44,96,57,15478,4075157,114293
2804,43,8,19,5,3539,141,Sold,33,85,50,15838,3690819,106538
2805,387,1,18,5,4419,129,Sold,96,31,5,15801,5126462,529363
2806,833,2,2,2,4059,119,Active,72,45,12,16461,6920342,207438
2807,473,4,1,3,3990,66,Active,77,50,16,16521,5472997,307062
2808,410,6,21,5,4912,99,Active,38,93,45,15780,5222772,174828
2809,15,6,12,1,3601,191,Sold,39,81,52,17914,3563006,120641
2810,605,4,17,2,3896,185,Active,67,52,20,15889,6014401,323419
2811,1053,6,19,5,3446,13,Sold,38,80,57,17695,7820882,109535
2812,431,3,18,2,3739,26,Sold,61,72,22,16427,5303330,239739
2813,753,4,10,4,3649,127,Sold,75,55,20,18039,6585058,212135
2814,290,4,36,2,3334,39,Active,76,66,24,17671,4716921,258608
2815,178,4,22,4,3492,191,Sold,70,69,22,17858,4244824,186300
2816,905,2,18,5,4801,109,Sold,73,49,19,17142,7195769,348007
2817,457,8,31,4,3309,153,Active,31,85,52,16079,5400090,116616
2818,927,4,4,3,4347,152,Active,71,50,23,16077,7286228,291160
2819,824,1,19,3,4208,157,Active,97,26,6,15691,6873087,510662
2820,92,7,20,5,4004,9,Active,35,95,39,18276,3891989,142494
2821,325,4,27,4,4054,124,Active,77,51,17,16932,4873537,271549
2822,383,8,31,4,3674,94,Sold,42,82,55,15273,5109360,120801
2823,866,4,17,3,4203,31,Active,70,61,15,18315,7038703,284089
2824,835,4,22,5,3509,61,Active,68,60,20,16206,6929792,250825
2825,102,1,11,4,3993,69,Sold,95,31,9,18232,3928892,389946
2826,451,8,40,3,3932,107,Active,35,92,56,15002,5382088,133877
2827,863,1,37,5,3778,148,Active,96,32,11,17835,7029702,429672
2828,928,4,26,4,4239,29,Sold,67,65,21,15905,7293429,277621
2829,635,4,2,2,3447,100,Active,78,60,20,16672,6134113,259230
2830,846,6,14,1,3862,102,Active,33,93,44,17433,6965796,131671
2831,580,6,10,4,3259,180,Sold,38,86,43,17720,5918991,115453
2832,939,8,11,1,4007,127,Sold,33,91,54,17091,7334383,137640
2833,31,8,4,1,4183,141,Active,38,88,54,16018,3641314,144564
2834,309,4,38,3,4335,62,Active,67,59,18,17970,4802880,265928
2835,1072,6,24,4,4180,49,Active,38,83,48,16019,7899189,137071
2836,332,2,32,3,3838,182,Active,72,55,15,17043,4906390,196788
2837,987,6,22,5,3723,8,Active,35,86,39,15236,7532403,123336
2838,1035,2,24,2,3355,101,Active,83,52,16,18258,7729972,184836
2839,871,7,40,4,4364,59,Sold,44,95,35,16305,7058055,140338
2840,515,8,40,5,4209,110,Sold,36,97,47,17582,5645364,127592
2841,820,2,36,1,3986,115,Sold,78,56,16,15649,6852385,255393
2842,580,6,23,1,3320,98,Sold,31,87,50,16030,5915391,112382
2843,490,1,25,1,4053,65,Sold,93,27,10,17007,5540054,383535
2844,118,8,3,3,3221,189,Sold,31,93,39,18071,4002700,96804
2845,128,8,34,2,4590,159,Sold,30,94,45,18016,4043654,160237
2846,900,6,14,4,4389,10,Sold,42,97,37,18080,7179567,153194
2847,308,8,20,5,3898,180,Sold,31,84,46,15016,4795679,125874
2848,586,4,12,3,3548,169,Sold,74,56,22,16250,5943744,263249
2849,896,6,28,3,4123,102,Sold,40,96,42,16181,7163366,128003
2850,338,3,21,5,4465,184,Sold,63,71,20,17711,4930693,246854
2851,748,8,14,3,4955,89,Active,39,80,58,15541,6564806,170085
2852,591,7,4,3,4179,44,Sold,31,84,39,15608,5963546,138617
2853,40,8,31,5,3892,90,Sold,30,99,49,15714,3675967,118395
2854,795,2,35,2,3814,182,Sold,73,60,19,17906,6757875,248270
2855,653,7,40,1,4509,94,Active,37,81,51,16844,6215571,142466
2856,226,3,6,5,3149,39,Active,62,85,26,17190,4445994,163345
2857,901,3,12,1,3731,167,Sold,53,87,19,16085,7180918,240814
2858,192,8,2,1,4140,125,Sold,40,84,58,16028,4305580,137158
2859,783,3,16,1,4055,15,Sold,63,84,23,15935,6699369,200583
2860,690,5,15,2,4707,23,Sold,40,89,54,17508,6357335,161055
2861,9,3,6,4,4696,127,Sold,57,71,22,16621,3540054,250549
2862,812,1,26,2,4232,32,Sold,89,19,6,15437,6820882,438001
2863,777,3,22,4,3947,18,Sold,63,74,21,17697,6675067,261083
2864,737,1,15,3,4981,139,Sold,97,24,9,16687,6529702,595454
2865,110,3,24,4,3594,189,Active,58,77,21,17170,3968496,232178
2866,331,2,29,5,4621,161,Sold,74,55,15,15611,4899639,324842
2867,178,7,12,5,3203,198,Active,32,93,59,17693,4242124,101772
2868,44,5,19,2,4066,164,Sold,44,80,37,18039,3697569,145644
2869,560,8,31,2,3227,98,Active,43,86,39,17183,5829882,108666
2870,344,2,34,1,3547,194,Sold,78,57,16,15486,4957245,198602
2871,171,3,4,4,4027,50,Active,59,76,27,15952,4216921,199456
2872,783,3,27,2,4011,149,Sold,61,71,22,15210,6704320,258539
2873,1055,1,22,2,4160,56,Active,95,21,9,16414,7833483,539022
2874,536,6,27,5,3635,173,Sold,41,89,44,18298,5731773,129588
2875,814,7,13,4,4125,198,Active,36,84,46,17637,6828982,132330
2876,462,2,16,2,4065,124,Sold,84,48,17,16073,5424392,218739
2877,977,2,24,1,3416,132,Sold,83,62,18,15011,7490549,186571
2878,848,4,3,4,4972,95,Active,70,66,16,15243,6974347,352182
2879,909,8,37,3,3212,153,Sold,38,99,53,15626,7211971,113011
2880,141,7,37,2,4064,95,Sold,33,88,45,16360,4093159,132893
2881,315,6,25,3,4462,105,Active,41,89,43,16956,4828982,134351
2882,879,1,37,2,4222,198,Sold,95,28,9,15300,7094959,387917
2883,13,3,27,2,4105,10,Active,55,74,21,17364,3558055,278391
2884,44,4,23,3,4003,60,Active,71,61,15,17314,3696669,222767
2885,851,4,4,5,4546,63,Active,74,53,19,17978,6993699,356947
2886,575,7,10,5,4713,159,Sold,32,84,49,17354,5895589,144633
2887,217,2,29,2,3825,67,Sold,75,63,12,15655,4413591,226945
2888,137,6,7,2,3599,125,Active,39,86,56,18069,4073807,111663
2889,521,1,33,2,4509,20,Active,90,21,6,15941,5667866,452298
2890,257,6,24,1,3796,10,Sold,32,84,59,16010,4577857,129292
2891,873,2,11,3,4950,168,Active,82,63,18,16636,7071107,285225
2892,868,2,25,3,4291,16,Active,75,45,13,15602,7050855,295348
2893,785,7,28,5,4762,142,Sold,37,99,36,16567,6714671,147327
2894,670,6,14,4,4943,148,Active,34,87,48,16844,6270927,157731
2895,613,6,39,5,4631,77,Active,34,83,44,17847,6047254,140653
2896,9,8,6,4,4743,121,Sold,40,87,37,16037,3539603,163899
2897,439,4,11,5,3664,41,Sold,72,55,21,15278,5333033,281795
2898,158,8,29,4,4179,191,Sold,31,83,49,16255,4164716,140782
2899,1088,3,11,5,4787,169,Sold,57,88,21,18149,7963996,291785
2900,63,6,31,1,3421,117,Sold,42,93,48,15532,3779477,121794
2901,98,1,3,1,4622,169,Sold,92,33,7,18061,3909990,472992
2902,117,1,38,2,3075,170,Active,94,21,9,15686,3995499,305932
2903,710,8,38,4,4768,104,Sold,39,89,38,17285,6426192,153177
2904,783,4,23,4,4269,102,Sold,78,51,15,15137,6702970,243173
2905,385,6,33,2,3923,101,Sold,36,89,43,18183,5121512,134363
2906,333,5,39,3,3782,165,Active,40,96,46,18334,4909540,130192
2907,766,4,37,1,4941,55,Sold,73,55,23,17512,6635013,413851
2908,638,8,3,4,4914,130,Sold,39,88,57,15499,6145364,170997
2909,889,4,14,5,3212,102,Active,65,65,21,17547,7135913,249201
2910,816,1,18,2,4366,27,Sold,91,33,5,16351,6839333,386391
2911,796,2,19,4,4582,66,Sold,75,53,15,15797,6762376,305819
2912,91,2,31,1,3075,114,Sold,76,61,16,18063,3886588,178468
2913,618,1,35,1,3720,190,Sold,90,22,5,17760,6069306,280488
2914,1086,7,15,5,4947,30,Sold,34,82,35,16243,7956345,173175
2915,754,8,22,5,4169,20,Active,33,81,53,18467,6589558,150059
2916,769,3,16,2,4867,171,Sold,55,88,26,18458,6642664,280853
2917,588,3,4,1,3764,172,Active,57,89,22,17534,5952745,242944
2918,225,6,25,1,3759,77,Sold,36,96,53,17976,4439243,116582
2919,1000,8,21,4,3158,107,Sold,42,85,48,18461,7582358,103121
2920,1012,1,14,4,4511,100,Active,90,31,10,15385,7632763,604429
2921,878,4,20,2,4240,180,Sold,65,63,20,15357,7094509,313718
2922,903,7,18,5,4419,98,Active,35,94,53,17834,7191269,145412
2923,513,2,3,2,4371,69,Active,82,59,18,15114,5634563,326898
2924,1020,2,26,2,4073,66,Sold,80,46,18,17378,7663816,306550
2925,925,7,1,3,3718,103,Sold,37,96,48,15699,7271827,133067
2926,592,4,37,3,3879,91,Active,75,65,16,18404,5967596,256813
2927,70,6,18,1,3003,119,Sold,42,81,53,17646,3798829,103099
2928,1080,8,10,1,4264,178,Sold,34,81,53,15628,7934293,142998
2929,440,4,32,1,3144,183,Sold,66,50,17,16541,5337083,252927
2930,996,4,35,2,3083,12,Sold,70,51,21,16281,7564356,212983
2931,706,7,17,5,3414,196,Sold,42,96,45,15419,6412241,111187
2932,260,5,11,4,4389,135,Active,35,96,44,18290,4589558,157899
2933,35,6,39,2,4747,49,Sold,43,97,56,16128,3659765,153319
2934,790,4,35,1,3197,176,Sold,66,65,16,16615,6732223,194015
2935,154,2,38,4,4177,167,Sold,77,57,16,15981,4145814,240450
2936,64,4,35,2,4734,60,Sold,71,55,15,15762,3781728,270373
2937,647,6,28,4,3576,92,Sold,39,91,59,18269,6181368,119195
2938,288,2,30,4,3525,198,Active,80,59,14,16071,4707470,209017
2939,480,3,9,3,4336,40,Active,64,70,26,15588,5501800,267028
2940,12,4,1,5,4803,59,Sold,70,57,18,15177,3554455,292990
2941,772,2,26,5,3660,41,Sold,80,45,19,17934,6653465,234648
2942,309,1,13,2,5000,27,Sold,99,20,5,18161,4801530,677562
2943,581,2,9,4,4032,38,Sold,74,50,13,15092,5920342,308127
2944,520,2,1,3,3391,162,Active,78,55,14,16871,5667416,193020
2945,462,1,23,4,3798,51,Sold,92,30,11,18469,5422592,288714
2946,926,8,9,4,4267,13,Active,30,86,59,18152,7277227,149729
2947,323,8,18,1,3067,126,Sold,39,86,41,18493,4861836,99543
2948,565,7,28,5,3772,79,Sold,41,85,58,15216,5847884,117332
2949,541,2,40,4,4900,14,Active,72,55,13,16425,5748424,292524
2950,1023,8,15,1,3344,92,Active,39,92,44,15001,7676417,119816
2951,212,7,19,1,4694,79,Sold,36,98,52,17600,4392889,160037
2952,657,1,3,5,3326,198,Sold,99,21,5,15057,6230423,391287
2953,13,2,35,2,4619,182,Sold,81,56,16,15836,3558505,346416
2954,21,8,33,4,3297,33,Active,37,93,56,16893,3596759,104944
2955,335,6,29,1,3154,44,Active,44,92,50,16851,4920342,105224
2956,659,1,20,5,4782,183,Sold,90,22,6,16020,6237623,481201
2957,554,2,33,5,4182,96,Sold,81,50,13,18393,5799729,293782
2958,271,5,33,5,3508,74,Sold,34,91,43,15022,4640864,122605
2959,1075,4,1,3,3197,43,Sold,79,65,24,17813,7915391,179043
2960,590,2,22,5,3730,79,Sold,77,60,19,17403,5957695,291116
2961,436,8,19,5,3532,75,Sold,33,88,41,17368,5321332,114684
2962,37,1,26,2,3222,122,Sold,98,22,10,16161,3666516,249222
2963,204,5,6,4,3550,179,Sold,35,90,47,18016,4360936,117974
2964,16,1,20,1,4173,41,Sold,93,21,6,16788,3574257,497703
2965,254,2,32,3,3369,188,Sold,80,47,14,16663,4563456,180325
2966,1083,7,37,5,4907,195,Sold,34,95,55,16725,7946894,156985
2967,312,7,3,1,3138,36,Sold,31,90,52,16381,4816381,98470
2968,753,6,16,4,4962,158,Active,37,87,41,15613,6583258,157762
2969,802,1,18,5,4627,28,Sold,97,22,6,15734,6783078,369385
2970,358,6,23,5,3925,166,Sold,42,81,40,16604,5012601,141135
2971,414,8,36,2,3279,189,Sold,40,94,45,16760,5235823,115263
2972,27,7,18,3,4185,180,Active,41,80,53,15628,3622412,138741
2973,85,2,31,3,4192,72,Sold,73,57,14,17462,3864086,324556
2974,726,4,39,3,4019,122,Sold,74,55,23,18088,6486048,329395
2975,100,8,35,3,4914,84,Sold,36,84,39,15432,3918091,153277
2976,816,8,39,3,4020,153,Sold,42,84,50,16949,6840684,137693
2977,535,8,17,4,4848,77,Active,33,89,38,16626,5729972,154234
2978,960,8,2,5,3548,82,Sold,41,84,48,16892,7419441,125053
2979,593,1,4,4,4250,112,Active,92,21,7,17971,5973447,344346
2980,182,8,4,4,3935,17,Sold,43,88,46,16183,4261026,141597
2981,871,2,36,3,4218,128,Active,82,45,15,16297,7062556,236881
2982,488,3,10,5,4997,175,Sold,59,81,18,17916,5532853,271085
2983,855,6,39,3,4221,165,Active,30,85,39,17763,7006750,143463
2984,989,5,10,1,4702,184,Sold,40,95,56,15753,7541404,162294
2985,708,7,31,1,4574,155,Active,32,89,47,18084,6417641,150475
2986,473,3,7,2,3713,127,Sold,64,82,24,18051,5474797,260112
2987,277,6,20,5,3993,87,Sold,31,80,42,15407,4666516,129613
2988,792,2,23,4,3462,9,Sold,84,64,18,18397,6743924,218785
2989,870,3,31,1,3146,73,Active,54,75,26,16012,7056705,192898
2990,218,4,25,2,4358,105,Sold,72,54,24,18370,4418091,258249
2991,702,7,9,3,3399,91,Sold,42,80,35,15464,6393789,104091
2992,601,1,14,3,4101,27,Active,91,18,10,15987,6001800,330828
2993,794,2,23,4,4107,88,Sold,84,45,14,16228,6750675,222230
2994,91,1,6,1,3833,57,Sold,97,29,9,17234,3884788,462739
2995,204,8,2,4,4376,160,Active,39,80,57,16372,4355985,142027
2996,1,8,6,3,3482,26,Sold,33,94,58,15358,3504950,119579
2997,135,4,16,5,3997,189,Active,65,62,23,18321,4067956,216823
2998,517,1,25,1,3907,8,Sold,92,21,11,15162,5650315,463585
2999,630,8,32,5,3263,126,Active,38,95,44,16463,6114311,115288
3000,528,7,23,2,3555,13,Active,32,92,46,15586,5695769,118545
3001,822,1,30,4,4471,15,Sold,98,18,9,16762,6861836,340288
3002,325,2,1,5,4837,165,Sold,74,62,13,16863,4871287,338048
3003,739,8,25,1,4243,112,Sold,38,95,53,18412,6532853,136616
3004,274,1,18,5,3423,194,Sold,89,24,5,17025,4654815,467607
3005,1070,5,37,4,3676,165,Sold,44,82,39,17443,7892439,112802
3006,17,5,19,1,3475,183,Sold,39,96,50,17812,3576957,116148
3007,134,7,12,2,3893,175,Active,35,96,35,16678,4064356,119788
3008,292,8,29,4,4230,117,Sold,32,92,53,16390,4727272,149750
3009,281,7,38,5,4471,196,Sold,35,96,37,17488,4679567,143170
3010,218,2,1,3,4870,140,Sold,83,57,19,15947,4417641,339986
3011,220,5,3,3,4874,66,Sold,31,85,56,16330,4427542,157333
3012,538,1,14,2,4085,183,Sold,93,21,9,16066,5742574,525556
3013,1036,1,17,4,4663,19,Sold,89,31,11,18307,7736723,429019
3014,142,3,28,1,3851,54,Sold,56,79,18,18262,4094509,227659
3015,830,2,26,2,3288,22,Sold,73,64,19,16895,6909090,235675
3016,704,5,6,1,4036,144,Active,44,89,58,15464,6403240,142059
3017,649,6,15,2,3884,56,Sold,37,97,52,17138,6198469,139731
3018,892,2,9,4,3604,88,Sold,76,53,19,16674,7148064,219090
3019,705,6,27,1,4732,47,Sold,35,80,56,15851,6406840,145216
3020,159,4,40,3,4268,127,Sold,69,54,19,17171,4166516,303182
3021,20,6,11,2,3641,55,Sold,41,88,39,15221,3591809,127115
3022,815,6,22,5,3617,51,Active,33,88,43,17963,6836183,113509
3023,536,4,7,4,3678,52,Sold,78,60,22,15796,5734923,219536
3024,994,3,35,4,3483,36,Sold,61,70,23,16948,7556705,203875
3025,497,6,28,2,4548,151,Sold,31,99,37,16898,5573807,144299
3026,680,8,17,5,3833,42,Active,43,88,44,15287,6313231,116638
3027,494,7,30,4,3395,43,Sold,38,98,52,17173,5559405,109075
3028,1045,8,21,1,3830,30,Sold,37,97,46,17498,7773177,134464
3029,399,1,38,5,3253,188,Sold,99,20,5,15334,5184968,334978
3030,515,2,10,4,3583,38,Active,74,63,12,15600,5645814,223271
3031,795,3,1,4,3458,67,Sold,57,81,18,15719,6757425,175511
3032,401,5,10,3,4938,160,Sold,42,98,56,17406,5189468,167171
3033,1055,5,13,1,4069,45,Sold,39,93,42,18301,7832583,130802
3034,600,1,19,5,3868,41,Sold,98,25,11,17853,6000000,438476
3035,1017,6,1,2,3881,29,Sold,41,93,52,16297,7647614,128383
3036,272,7,22,3,3790,62,Sold,40,88,46,16876,4644014,131960
3037,692,5,24,5,3922,75,Active,41,81,59,17539,6359585,122978
3038,463,8,23,5,3042,104,Sold,37,82,45,16769,5428892,99443
3039,735,5,32,1,3882,46,Sold,44,99,39,15315,6520252,135163
3040,248,8,7,2,3570,33,Sold,32,92,40,16960,4540954,107528
3041,573,4,11,2,4605,91,Sold,71,64,20,17380,5884788,290131
3042,201,6,16,4,3633,116,Sold,41,90,49,15553,4343834,123369
3043,734,6,23,2,4927,106,Sold,36,98,56,17539,6513951,173795
3044,330,8,10,1,4824,15,Sold,33,90,40,16349,4892889,159221
3045,899,6,21,3,3979,150,Sold,34,91,54,16183,7172367,142297
3046,364,4,18,2,4719,25,Sold,72,57,23,17558,5032403,308842
3047,629,1,38,5,4351,74,Sold,95,27,10,15842,6104410,514310
3048,703,6,1,1,3316,31,Sold,44,97,58,17665,6398739,111418
3049,1083,3,19,2,3969,173,Sold,63,79,27,16669,7945544,259084
3050,596,8,1,2,3731,175,Active,34,81,38,15313,5984248,125944
3051,821,3,23,4,3353,197,Active,62,84,24,15584,6857785,223251
3052,1012,7,12,1,4136,48,Sold,30,97,35,16793,7634563,146720
3053,338,6,20,3,3544,143,Active,33,92,40,17323,4929342,122119
3054,849,7,18,2,4252,101,Sold,44,83,48,18346,6980648,135307
3055,238,1,26,3,3525,99,Active,88,22,8,16076,4496849,408310
3056,417,5,16,3,4356,120,Active,33,93,53,17805,5246174,148662
3057,272,1,18,5,4033,145,Sold,99,34,7,16975,4643564,363646
3058,385,1,9,1,3727,102,Active,88,28,8,18068,5118811,366262
3059,233,2,14,3,3550,88,Active,78,51,15,15778,4477497,228113
3060,714,6,8,1,4887,78,Active,39,93,47,17492,6439243,171416
3061,671,8,8,3,3763,25,Active,37,89,57,18246,6278127,113138
3062,402,1,32,4,3326,47,Active,98,28,7,15451,5194419,257424
3063,4,8,18,1,3908,146,Sold,31,95,35,17261,3518001,127432
3064,578,1,18,3,3668,157,Sold,89,23,6,17750,5910891,487230
3065,131,2,13,1,4389,47,Active,79,49,19,17312,4053105,333836
3066,1063,8,11,5,4977,54,Active,39,98,59,16292,7866336,154098
3067,956,5,21,5,3461,138,Sold,42,88,58,18358,7402790,110281
3068,548,5,30,4,3083,193,Sold,35,82,51,18249,5776777,98483
3069,797,7,16,3,4921,139,Sold,34,80,58,18400,6766426,153348
3070,258,3,28,1,3265,140,Sold,54,73,21,17555,4581458,165496
3071,1040,4,6,2,4052,21,Active,67,69,18,15540,7754275,332625
3072,529,3,5,5,4942,38,Sold,59,86,20,17077,5704770,278903
3073,891,7,34,3,3223,161,Sold,43,92,46,16749,7145364,101338
3074,99,5,40,4,4463,101,Sold,35,82,37,16054,3915841,141397
3075,293,3,33,3,4649,76,Active,57,75,18,15254,4730423,313930
3076,711,1,21,4,3133,151,Sold,92,25,5,16097,6430243,372028
3077,932,8,1,3,4858,174,Active,33,83,41,15363,7308730,162811
3078,227,7,12,4,4569,99,Active,35,92,52,16111,4452745,151371
3079,393,7,15,4,4054,90,Active,41,93,44,15554,5153915,139993
3080,587,3,20,4,4774,96,Active,53,76,23,18139,5945994,253396
3081,479,8,24,2,4839,8,Sold,44,96,59,17750,5499549,169404
3082,498,1,21,4,3843,98,Active,92,26,11,17571,5580108,420981
3083,885,7,23,3,4903,76,Sold,43,82,51,15762,7119711,160877
3084,770,5,9,5,3179,8,Sold,37,93,44,17932,6647614,104926
3085,989,1,36,3,4329,11,Active,94,25,8,17283,7538703,511634
3086,504,4,35,5,3825,73,Sold,77,67,20,15404,5604410,288835
3087,341,1,25,4,4136,161,Sold,94,19,8,18204,4945094,453719
3088,865,1,24,5,4806,85,Sold,90,23,9,17609,7034653,430690
3089,469,6,12,4,4530,96,Sold,41,98,47,18221,5454095,155152
3090,340,2,17,2,3299,14,Sold,82,55,17,16060,4940144,226496
3091,342,6,5,3,3275,151,Sold,40,97,53,15978,4948244,105088
3092,762,3,39,3,4328,79,Sold,53,72,24,15810,6617461,256730
3093,421,5,31,1,4688,189,Active,38,84,58,15312,5258325,157151
3094,782,1,31,5,4744,33,Active,92,33,8,17525,6697119,518650
3095,895,5,31,3,4224,75,Active,41,96,49,18359,7160216,134450
3096,367,4,14,4,3017,146,Sold,76,58,16,15849,5042304,159470
3097,341,1,29,4,4759,121,Active,94,18,7,15344,4943744,551854
3098,56,3,8,2,3738,147,Sold,62,73,24,15016,3746174,256696
3099,851,6,36,1,4069,108,Active,44,92,48,15166,6990549,123706
3100,967,5,4,2,3057,31,Sold,33,82,54,16800,7446894,92407
3101,242,5,2,4,3766,56,Active,42,93,59,16712,4513051,117394
3102,275,5,9,4,3337,165,Sold,31,85,53,15578,4661116,109046
3103,770,1,12,1,3331,143,Sold,95,29,11,17449,6644914,325330
3104,422,7,1,2,3357,135,Sold,36,97,37,17233,5261026,118845
3105,940,7,14,1,3642,48,Active,40,95,48,18419,7339783,117724
3106,272,8,6,5,3843,55,Sold,39,91,46,16134,4645814,123207
3107,659,8,12,5,4557,83,Active,35,98,35,15651,6236723,152022
3108,24,6,7,3,3431,39,Sold,42,88,54,15955,3610711,115041
3109,309,7,30,2,4251,187,Sold,34,96,55,17459,4799279,138421
3110,551,5,40,5,4254,163,Active,41,93,52,17647,5790279,145376
3111,70,6,25,1,4659,15,Sold,33,87,52,16361,3798379,150998
3112,600,2,10,5,3680,96,Active,75,50,18,16785,5999099,192963
3113,751,1,33,4,4700,25,Sold,96,21,7,16558,6579207,619648
3114,72,8,4,2,3590,152,Sold,43,97,58,18472,3807830,107994
3115,308,6,18,2,3327,44,Active,42,85,49,15253,4794329,103050
3116,658,5,4,1,3361,22,Active,38,95,37,16977,6234023,100971
3117,443,7,24,5,3702,47,Sold,38,85,37,16754,5352385,112837
3118,931,8,35,2,3866,153,Sold,30,82,37,17204,7302880,137560
3119,830,7,28,5,3371,165,Active,30,83,55,17273,6906840,112787
3120,234,3,23,5,3175,193,Sold,58,78,27,15671,4482448,165638
3121,23,3,23,1,4664,72,Sold,62,70,25,15342,3604410,271213
3122,151,1,14,5,3770,112,Active,95,20,5,16734,4131863,347905
3123,811,2,19,1,4922,192,Sold,72,57,12,15894,6816831,355951
3124,190,1,17,2,4940,108,Sold,99,32,10,16747,4295679,414972
3125,315,8,16,4,4231,62,Active,41,85,46,15170,4825382,139564
3126,176,8,20,4,4147,124,Sold,35,93,41,17756,4236273,140998
3127,209,4,16,2,3695,143,Sold,77,64,19,17868,4381638,234039
3128,141,3,4,4,3260,45,Active,54,87,22,17404,4091809,159672
3129,919,6,7,5,3330,118,Active,32,94,39,17424,7255625,114852
3130,1007,1,39,3,4705,182,Sold,99,23,8,16594,7612511,379552
3131,452,3,28,2,3075,28,Active,63,73,19,16854,5386588,207191
3132,219,4,32,1,4285,109,Active,74,61,15,15332,4421692,331100
3133,819,3,9,1,3099,41,Active,62,83,19,18116,6849684,160008
3134,487,1,3,4,4557,111,Sold,89,23,8,17236,5532403,486790
3135,320,5,20,5,3952,152,Sold,37,89,47,15672,4848334,135720
3136,21,7,4,1,3606,147,Sold,36,85,39,16850,3599009,117556
3137,293,5,24,2,4493,65,Sold,36,81,40,17680,4729072,153939
3138,340,1,12,1,4604,160,Sold,95,29,11,16516,4940594,613978
3139,741,3,39,2,3156,128,Active,64,70,19,17226,6538253,154558
3140,191,2,19,3,3297,73,Sold,76,53,15,15835,4298379,221171
3141,1053,7,23,4,3813,27,Sold,38,94,47,16168,7823132,136498
3142,160,8,19,4,4696,180,Active,44,80,52,15828,4167416,152817
3143,769,4,8,5,4007,42,Active,70,63,15,17114,6641314,269495
3144,533,6,11,2,4460,167,Sold,33,81,35,16843,5723222,140713
3145,1001,7,14,1,4406,68,Active,44,89,41,15193,7586408,149099
3146,380,4,10,5,3750,35,Sold,79,68,24,17460,5095409,244348
3147,151,4,36,4,3866,195,Sold,79,66,18,15307,4133663,211057
3148,469,1,7,5,3600,66,Sold,93,24,9,18396,5457695,490266
3149,984,3,24,1,3042,194,Sold,55,78,19,18107,7520252,169135
3150,358,7,7,1,4323,183,Sold,31,80,58,16123,5011251,142815
3151,735,3,32,5,4777,82,Active,56,88,26,15758,6519351,239981
3152,499,4,12,1,3538,76,Sold,69,53,15,18255,5581458,286307
3153,499,2,18,4,3821,11,Sold,76,59,19,17063,5581008,243986
3154,263,3,15,4,4474,33,Sold,63,88,20,17485,4607110,236342
3155,909,7,29,5,4004,105,Sold,31,86,41,15352,7212421,130354
3156,895,1,25,4,3905,21,Active,90,21,7,15619,7159315,293929
3157,149,4,37,3,3100,110,Active,76,57,24,17314,4126912,231767
3158,287,4,21,1,3992,43,Sold,72,53,18,18003,4701620,278504
3159,725,4,33,2,4521,20,Sold,67,60,18,18089,6482448,368403
3160,575,8,32,5,3057,133,Sold,44,96,44,16444,5896939,94321
3161,327,3,35,3,3824,20,Active,55,81,21,16886,4878037,199448
3162,892,7,36,1,4512,161,Sold,44,92,43,15098,7148964,142958
3163,525,3,35,3,4601,97,Active,55,77,23,15633,5684068,229064
3164,426,5,11,1,4817,31,Active,31,95,59,17939,5279027,155165
3165,1050,2,10,1,3043,161,Sold,79,48,14,17899,7803780,179891
3166,821,6,37,4,4938,187,Sold,39,90,59,17001,6858235,174430
3167,285,7,28,1,3715,41,Sold,44,93,57,17175,4696219,115997
3168,1082,6,7,2,3692,154,Active,41,81,47,16131,7944194,132882
3169,31,3,18,5,3527,96,Active,58,77,19,17521,3639963,197715
3170,446,6,27,1,4095,32,Sold,32,84,37,16677,5365886,138534
3171,856,5,23,5,4919,196,Sold,44,86,45,17153,7008100,148888
3172,683,2,24,4,3623,135,Sold,80,51,16,17354,6326732,182751
3173,198,8,34,4,3229,48,Active,33,84,37,18142,4331233,115663
3174,149,5,5,1,4735,37,Sold,36,90,56,16351,4126462,163054
3175,550,6,29,5,4724,138,Sold,30,87,54,17610,5787128,158774
3176,1093,3,21,3,3497,199,Sold,63,74,24,16813,7986498,215807
3177,1018,5,1,3,4761,145,Sold,38,97,53,15074,7653465,166664
3178,874,2,26,1,3870,32,Active,81,56,17,18450,7076057,298803
3179,406,5,20,1,4125,53,Sold,40,86,52,18326,5205670,143393
3180,852,7,22,4,3532,12,Active,37,90,36,15279,6996849,115306
3181,10,2,9,3,3348,112,Active,72,51,16,17111,3546354,210896
3182,974,5,30,5,4330,103,Active,35,81,52,16371,7478847,136741
3183,396,2,18,1,3809,60,Active,79,47,16,17406,5171017,213741
3184,266,7,39,4,3976,185,Sold,40,98,48,17550,4618811,143041
3185,609,5,1,2,4297,15,Sold,36,95,39,17021,6031503,130594
3186,448,3,29,2,4603,22,Sold,51,74,22,15526,5371287,321930
3187,191,4,33,3,3160,57,Sold,69,53,19,17637,4299729,215559
3188,848,1,35,1,3843,49,Sold,93,30,8,15766,6976597,424815
3189,1007,1,1,3,3700,33,Sold,93,27,8,16393,7608910,324018
3190,556,6,36,2,4145,68,Sold,33,95,47,17754,5810981,133751
3191,929,7,3,4,4365,128,Active,33,99,35,17120,7294779,141443
3192,1053,3,4,3,3438,86,Sold,57,87,20,17066,7822232,202781
3193,242,5,26,5,3224,95,Active,37,92,35,18481,4517101,106798
3194,77,1,3,2,3574,79,Active,99,28,6,15528,3830783,376780
3195,907,5,4,1,3290,95,Sold,39,93,37,17146,7203870,117854
3196,843,4,13,2,4240,119,Sold,67,67,16,15083,6956345,252399
3197,174,5,37,3,3361,21,Active,32,81,37,15783,4229072,111619
3198,590,7,5,5,4262,121,Sold,39,88,40,17128,5958595,152946
3199,362,5,20,3,4638,184,Sold,40,87,44,16522,5023402,155559
3200,956,4,2,1,4682,184,Sold,68,59,22,17245,7400540,381948
3201,1049,1,9,1,4498,57,Sold,90,24,11,18233,7799729,360492
3202,579,2,2,5,4316,183,Active,74,48,14,17761,5912241,229430
3203,77,5,15,2,3848,47,Sold,39,93,53,16761,3831233,131871
3204,1085,4,36,3,3236,183,Sold,68,61,22,16157,7950945,241753
3205,123,2,33,4,4362,43,Active,84,59,14,16486,4023402,326970
3206,71,7,27,1,4775,22,Active,33,90,42,15385,3803780,149467
3207,120,8,13,1,4668,73,Sold,38,93,51,15840,4013501,143121
3208,35,5,37,4,4694,99,Sold,38,92,49,18251,3657515,143355
3209,649,6,5,1,4522,16,Sold,35,93,47,16572,6196219,154517
3210,994,5,18,1,4922,158,Sold,39,89,54,15961,7553555,155555
3211,663,2,17,3,3205,192,Sold,80,45,19,16944,6249324,188104
3212,1017,2,13,1,3787,53,Active,82,58,17,15086,7650765,197831
3213,318,8,10,4,4397,29,Sold,33,90,56,18478,4840684,153675
3214,1033,3,22,2,4826,22,Sold,60,87,24,17179,7722322,302563
3215,644,7,7,1,4227,92,Sold,39,98,53,15920,6167866,145299
3216,1038,7,9,3,3580,122,Sold,41,91,52,16348,7747524,118613
3217,600,1,39,4,3612,97,Sold,99,23,7,17165,6000450,275261
3218,829,8,38,4,4361,85,Sold,39,95,55,16875,6901890,144532
3219,550,2,38,2,3682,137,Sold,79,50,19,17544,5784428,240812
3220,363,2,40,3,3110,164,Sold,75,47,19,17196,5030603,189338
3221,323,1,5,4,4565,155,Sold,96,33,9,16213,4864536,581535
3222,1001,6,11,4,4402,27,Sold,40,87,42,18374,7585958,144597
3223,496,7,30,5,3336,99,Sold,38,88,44,16264,5568856,108333
3224,395,7,30,5,3870,31,Sold,33,88,49,17216,5164716,117230
3225,190,8,13,1,4839,183,Sold,33,89,51,16483,4297029,155825
3226,887,1,5,4,4352,122,Sold,91,25,10,16204,7128262,449736
3227,591,4,25,1,3534,81,Sold,71,63,23,17508,5962646,190903
3228,99,3,37,2,4328,88,Sold,63,82,20,17782,3917191,214115
3229,921,7,29,4,3870,88,Sold,34,92,46,15201,7262826,122532
3230,557,6,3,1,3921,85,Active,42,98,52,15113,5813681,128750
3231,634,5,20,5,4987,28,Sold,35,86,56,15252,6127362,173019
3232,569,7,7,5,4391,20,Active,32,87,53,18225,5869036,156767
3233,534,8,35,3,3507,175,Active,41,89,37,18347,5724122,113339
3234,889,1,20,2,3236,156,Sold,93,19,5,16388,7134563,350046
3235,542,4,7,3,3154,84,Sold,67,68,24,16681,5752025,224798
3236,965,5,33,3,3068,180,Active,35,83,36,16615,7441044,100262
3237,260,8,22,3,3265,148,Sold,31,88,44,17971,4588208,115953
3238,745,3,22,4,3846,159,Active,61,73,23,16267,6554455,215154
3239,431,4,26,1,4424,187,Sold,65,63,17,15911,5302880,346718
3240,38,8,23,1,3732,114,Active,40,91,36,16012,3669216,120962
3241,840,4,22,2,4904,32,Sold,67,68,20,17434,6946444,304627
3242,786,6,40,5,3734,79,Sold,39,95,46,16652,6722322,113880
3243,332,7,19,4,4671,8,Sold,31,93,41,15562,4901890,142849
3244,556,7,1,5,3568,36,Sold,32,99,39,18273,5811431,118343
3245,654,7,27,3,4263,19,Sold,38,93,43,17511,6219621,139272
3246,318,1,13,4,4798,77,Sold,88,18,6,15658,4840234,554289
3247,486,5,36,1,4211,134,Sold,41,89,51,18450,5526552,146240
3248,965,4,39,5,3427,148,Sold,76,60,21,18456,7441494,262008
3249,421,7,24,1,4505,80,Sold,36,96,49,15097,5259225,152368
3250,3,4,17,5,4820,49,Active,69,61,20,16598,3510801,339964
3251,205,6,33,1,3681,114,Active,43,82,50,16159,4362286,130977
3252,868,5,28,3,3767,130,Sold,36,93,51,16471,7048604,120273
3253,355,6,34,1,4331,30,Sold,34,84,45,16419,5001350,132615
3254,873,8,2,1,4048,13,Sold,32,91,57,18124,7070207,128467
3255,73,3,40,1,3206,140,Sold,64,72,27,16150,3814581,158299
3256,945,4,17,4,3839,103,Sold,70,50,16,17789,7355535,235112
3257,1037,6,24,3,3721,176,Sold,41,86,43,17876,7738973,114086
3258,965,2,12,5,3910,30,Sold,72,61,19,16622,7439693,270076
3259,440,3,3,1,4858,102,Sold,53,87,22,16162,5337533,266731
3260,778,7,14,2,3494,126,Active,37,94,35,15247,6680918,112682
3261,937,8,28,1,3050,154,Sold,37,86,37,17309,7326282,95508
3262,727,7,5,3,3524,42,Sold,41,90,51,17259,6490549,117300
3263,426,5,29,5,3192,139,Sold,38,91,59,18061,5282178,105566
3264,813,8,34,2,3956,51,Sold,34,87,35,15515,6825382,133238
3265,628,2,21,4,4412,90,Active,83,50,14,15363,6100810,224255
3266,910,8,5,1,4743,99,Sold,42,85,37,15427,7214671,143912
3267,295,1,1,1,4528,33,Active,96,22,9,15634,4745274,452868
3268,661,8,4,1,4264,72,Sold,43,98,53,18300,6241224,145863
3269,833,1,9,5,4165,94,Active,88,24,10,18325,6918991,435930
3270,790,6,16,5,4039,117,Sold,31,83,41,17458,6733123,126235
3271,1022,5,23,4,4177,185,Sold,43,86,40,15562,7669216,150347
3272,752,1,8,3,3018,123,Sold,88,32,8,17868,6580108,372572
3273,882,7,3,4,4768,167,Active,35,84,49,15968,7110711,157506
3274,592,3,13,4,4603,54,Sold,61,88,19,15972,5969396,229811
3275,160,1,32,4,3395,146,Sold,94,34,8,17220,4172367,290035
3276,33,3,3,3,4751,178,Sold,57,74,22,17073,3652565,322323
3277,599,3,1,2,3877,27,Active,59,87,20,17296,5995049,198862
3278,4,4,39,4,3884,67,Sold,78,64,17,16168,3514851,277154
3279,785,8,18,5,4556,141,Active,39,87,50,16115,6716021,147933
3280,1007,7,37,3,3377,112,Sold,32,91,50,16789,7612961,117749
3281,402,7,14,1,3991,170,Active,37,99,53,17777,5193069,120752
3282,76,4,23,5,3551,8,Sold,69,58,24,16754,3826282,286564
3283,347,6,27,2,3810,43,Active,33,89,37,17499,4970297,122141
3284,404,3,38,4,4071,77,Sold,56,82,22,17560,5200270,212539
3285,220,7,22,5,3839,93,Active,42,91,48,17775,4426642,120806
3286,1000,6,23,1,3355,44,Sold,36,86,39,17862,7580558,106206
3287,236,6,12,2,3732,50,Active,44,91,41,15656,4487848,113796
3288,215,4,14,1,4008,71,Active,65,62,24,16869,4402340,273658
3289,561,6,18,2,3402,108,Active,40,91,43,17366,5836183,115688
3290,645,6,30,2,4055,124,Sold,33,81,36,18254,6174617,125908
3291,669,8,21,2,4361,98,Sold,36,94,49,17557,6267776,142500
3292,287,1,9,1,3952,71,Active,88,32,9,18374,4703870,446793
3293,8,1,37,1,3289,37,Sold,91,21,7,16570,3536003,329270
3294,514,8,38,4,3599,70,Sold,36,96,59,17113,5640864,112440
3295,534,4,35,4,4650,25,Active,78,64,21,16643,5723672,257112
3296,34,5,38,4,3854,45,Sold,31,80,49,15332,3653915,137881
3297,884,1,28,3,4178,160,Sold,90,18,7,15497,7117461,572772
3298,941,7,6,1,3460,37,Sold,37,94,35,17712,7343384,119529
3299,69,7,20,4,3806,88,Active,37,85,52,16133,3796129,121084
3300,273,4,34,2,4258,7,Sold,68,57,22,15093,4650315,325303
3301,88,5,11,2,4573,168,Sold,31,81,39,18310,3876237,148833
3302,10,3,20,3,3676,178,Active,57,73,24,18044,3543654,180483
3303,722,2,23,3,4064,89,Sold,81,48,17,16745,6468496,205235
3304,550,1,22,3,3101,48,Active,90,24,8,15738,5785328,299184
3305,1023,2,5,3,4398,65,Active,82,51,13,15415,7672367,309190
3306,670,6,1,5,3533,178,Sold,30,88,46,16167,6271377,108223
3307,493,4,36,5,4929,15,Active,77,61,21,17887,5555355,321447
3308,530,6,18,4,4556,48,Active,37,92,49,17913,5708370,151505
3309,576,1,26,3,3865,98,Active,92,22,5,16029,5901440,315751
3310,482,2,9,2,3184,174,Sold,73,45,17,18463,5510351,175950
3311,157,2,35,3,4168,135,Active,73,64,17,17187,4158415,266202
3312,461,6,31,1,4782,86,Sold,41,84,58,17922,5416291,159193
3313,813,1,14,5,4081,16,Active,89,27,10,15404,6824482,366168
3314,1073,8,14,3,3938,159,Sold,31,98,39,17351,7906390,126890
3315,932,4,26,4,3989,182,Sold,75,54,21,16636,7307830,272528
3316,945,7,5,4,3887,142,Active,41,96,39,16584,7354635,139784
3317,252,3,28,1,3683,79,Active,54,82,25,16599,4555355,183667
3318,459,4,23,3,4030,111,Active,78,57,23,15155,5412241,223508
3319,1075,7,20,3,3711,50,Sold,41,99,50,16106,7915841,128222
3320,1025,7,40,3,3004,102,Sold,30,93,54,17560,7684968,102340
3321,488,5,29,1,4942,196,Sold,40,95,36,17416,5535103,153242
3322,496,2,38,1,3494,109,Sold,83,54,19,17804,5569306,239287
3323,415,1,37,3,3424,55,Active,88,23,6,16539,5238973,299463
3324,486,2,21,5,3938,58,Sold,84,50,18,18228,5523402,253673
3325,140,4,20,2,4332,120,Active,79,61,20,16504,4090009,289139
3326,424,3,35,3,4445,78,Active,57,84,22,17410,5268676,306271
3327,912,5,31,2,4500,14,Sold,36,80,41,18048,7226822,160227
3328,174,3,5,2,3467,72,Sold,54,72,21,15004,4227722,204048
3329,497,2,24,3,3737,110,Sold,81,51,13,17220,5572457,239240
3330,621,3,15,4,4123,75,Active,63,83,23,16312,6077407,228883
3331,1073,2,13,2,3518,140,Sold,84,46,16,16594,7904140,210868
3332,880,4,21,1,4016,77,Active,66,52,21,18053,7098559,311073
3333,668,7,2,1,4263,66,Sold,35,85,45,15741,6264626,151737
3334,379,6,39,4,4156,22,Active,32,80,45,15186,5091359,139916
3335,1055,5,22,4,4729,123,Sold,31,80,51,15172,7833933,161041
3336,462,6,27,3,3592,12,Sold,36,84,58,17797,5422142,113644
3337,863,3,13,1,4628,8,Sold,62,85,22,15103,7030153,323323
3338,377,2,19,3,4705,35,Sold,81,55,17,18158,5085508,268552
3339,585,6,3,1,4272,81,Active,40,84,52,15690,5938343,142232
3340,959,4,38,4,3000,73,Sold,73,69,22,16258,7413141,160892
3341,910,7,40,5,4612,45,Sold,44,95,47,17286,7215571,165423
3342,1062,6,12,5,4703,26,Sold,40,96,52,16543,7865886,163514
3343,361,5,34,1,4689,143,Sold,40,87,52,17276,5021602,166084
3344,1093,7,22,3,4856,11,Sold,42,92,54,18272,7983348,165648
3345,670,7,23,2,4615,123,Sold,34,85,43,15998,6274077,152637
3346,193,7,8,1,3025,97,Active,34,98,36,15891,4309180,92093
3347,737,3,34,2,4119,186,Active,62,82,24,16753,6526102,250804
3348,479,8,11,1,4998,57,Sold,40,84,54,15724,5500000,151879
3349,1013,1,36,2,4585,123,Sold,88,25,6,15506,7635913,555507
3350,643,4,40,1,4316,162,Sold,78,59,18,16016,6166966,297588
3351,718,2,18,3,4697,114,Sold,77,52,18,18204,6452295,247895
3352,952,6,29,2,4926,197,Active,42,88,52,16019,7381188,154470
3353,1020,7,36,4,3909,134,Active,32,89,54,16328,7664716,137464
3354,263,4,21,1,4179,108,Active,73,69,15,17947,4604860,301379
3355,779,7,15,1,3889,35,Sold,42,94,38,17601,6685418,130328
3356,256,7,39,4,4169,51,Sold,44,89,54,17507,4572457,139295
3357,768,6,20,3,4738,138,Sold,31,84,38,17522,6639963,156780
3358,240,1,14,4,4711,9,Active,98,27,8,15940,4507650,635691
3359,881,7,9,4,4981,24,Active,38,81,41,18454,7102610,164911
3360,688,6,21,3,4912,14,Sold,44,96,48,18436,6347884,151742
3361,593,4,36,2,3821,192,Active,65,56,18,17827,5972097,221773
3362,636,8,24,2,4944,193,Sold,35,91,48,18177,6137263,172486
3363,547,3,4,4,3542,34,Sold,60,89,20,15818,5773627,202512
3364,309,2,9,3,4726,43,Sold,78,47,12,16178,4803330,362036
3365,187,2,39,1,4660,61,Sold,82,55,15,16383,4286228,287591
3366,686,4,6,3,4947,179,Sold,74,60,15,17409,6341584,323418
3367,805,5,15,2,4763,38,Sold,30,96,52,15914,6794329,166324
3368,696,5,18,5,3595,90,Sold,40,99,42,17854,6375337,113695
3369,891,1,32,2,3302,161,Sold,91,34,9,16779,7146264,249334
3370,991,1,40,5,4346,117,Sold,96,27,10,16023,7545004,492195
3371,824,8,9,1,4384,159,Active,30,97,53,15886,6876237,157237
3372,1047,1,29,2,3534,107,Sold,98,32,9,16994,7790729,397469
3373,540,8,37,5,3954,21,Sold,30,96,47,16982,5746174,120320
3374,78,7,35,1,3840,27,Sold,43,98,56,16369,3833933,122020
3375,610,3,27,5,3349,123,Sold,53,86,24,15866,6033753,223349
3376,435,2,4,1,3619,116,Active,72,55,18,16934,5318631,191396
3377,63,7,12,3,3755,65,Sold,36,97,38,16640,3778127,115038
3378,351,2,2,4,3075,68,Sold,82,50,14,15198,4985598,209257
3379,262,1,13,5,4056,191,Sold,97,28,5,18416,4601710,462262
3380,813,2,11,5,4370,70,Sold,79,61,17,16664,6824032,329846
3381,919,6,4,1,4780,160,Sold,37,90,43,16700,7258325,163849
3382,662,1,19,4,3594,26,Sold,91,23,7,15504,6247974,332472
3383,1061,1,2,2,3712,186,Sold,93,30,9,18113,7859135,385111
3384,423,1,2,5,4069,77,Active,95,22,11,15004,5264176,388223
3385,182,8,21,3,3776,177,Sold,38,92,49,18342,4260126,120696
3386,667,1,5,5,3655,32,Sold,88,30,10,18235,6260576,369082
3387,51,2,2,4,3380,77,Sold,73,48,18,15177,3728172,186318
3388,279,4,9,5,3075,113,Sold,75,65,21,16447,4674167,179013
3389,397,6,12,1,4876,16,Active,36,97,53,15688,5176867,175136
3390,492,1,24,2,4715,111,Active,92,30,6,18499,5547704,398076
3391,1054,5,30,1,4696,12,Sold,39,83,58,18472,7825382,167412
3392,1069,1,7,4,4369,73,Active,99,21,10,15394,7884788,595986
3393,61,5,39,3,4755,18,Sold,41,88,53,15461,3767776,163943
3394,179,8,8,5,4529,8,Sold,41,87,40,16350,4247974,146758
3395,435,7,6,1,4521,93,Sold,41,94,56,15250,5318181,151788
3396,261,4,15,3,4115,80,Active,68,53,17,17103,4594509,227387
3397,213,8,31,5,4361,82,Sold,40,91,39,18209,4396489,131031
3398,149,2,21,3,4525,175,Sold,72,53,18,18148,4125112,352087
3399,651,5,8,2,4811,39,Sold,43,89,52,15913,6209270,159206
3400,390,3,3,5,4944,86,Sold,64,84,20,18242,5137713,241552
3401,300,2,34,1,3315,42,Sold,81,62,13,16164,4762826,186290
3402,675,7,37,1,4138,29,Sold,34,89,40,15660,6292979,128112
3403,8,5,7,3,3771,132,Sold,32,99,54,15296,3537803,131540
3404,209,7,30,1,4498,162,Sold,40,90,36,16199,4384788,137144
3405,770,6,37,4,3685,27,Active,34,96,50,16020,6647164,119107
3406,512,5,2,2,4402,130,Sold,34,86,49,17848,5631863,141859
3407,257,8,20,5,3069,129,Sold,42,91,51,17628,4578307,93384
3408,363,8,16,1,4280,20,Active,40,92,55,18084,5029702,146950
3409,1071,3,13,3,3761,33,Sold,53,87,18,17874,7893339,199183
3410,52,4,13,3,3234,168,Sold,78,65,24,18206,3734023,253591
3411,234,5,6,3,4599,118,Active,42,80,41,16113,4478847,146800
3412,669,7,4,4,3808,157,Sold,44,81,48,16605,6267326,134483
3413,645,5,38,2,3961,164,Sold,33,96,44,16949,6176867,124851
3414,815,2,11,5,4190,7,Sold,84,56,12,15967,6834383,251206
3415,465,3,8,3,4636,197,Sold,59,83,27,15619,5436093,310812
3416,618,4,10,5,3621,144,Sold,76,53,18,16591,6066156,223890
3417,787,6,32,3,4338,63,Sold,41,92,35,16688,6724122,144395
3418,518,6,14,5,3541,20,Sold,42,96,51,15002,5655265,112448
3419,793,8,1,4,3273,26,Active,36,89,54,16985,6745274,116368
3420,519,5,37,3,3989,83,Sold,38,91,57,15976,5663366,129906
3421,653,1,8,1,4332,182,Sold,99,19,6,17069,6213771,542583
3422,529,7,20,4,4001,93,Active,40,96,59,17937,5700270,121126
3423,572,3,11,3,3624,18,Active,52,71,26,15440,5881638,229327
3424,734,3,16,5,4268,147,Active,54,80,22,17493,6516651,273056
3425,301,4,9,5,3292,174,Sold,76,62,21,15767,4767776,217881
3426,324,2,12,5,3785,33,Sold,78,62,19,15595,4869036,284577
3427,834,4,19,1,3723,67,Sold,74,55,20,17500,6923492,255463
3428,268,4,40,1,3133,73,Sold,66,63,23,16932,4626912,166445
3429,262,4,18,1,3015,197,Active,69,56,22,16030,4599459,183350
3430,114,4,39,2,3202,151,Sold,70,63,17,15776,3985598,256517
3431,7,6,6,2,3090,103,Sold,44,92,54,16697,3534653,97496
3432,1092,6,30,4,4136,9,Sold,32,97,59,17433,7980198,136819
3433,888,1,22,5,4179,96,Sold,92,31,7,15279,7131863,332116
3434,393,8,7,3,4266,133,Active,38,94,40,18320,5155715,136990
3435,1009,6,35,1,3803,182,Active,37,80,43,16900,7625562,115322
3436,897,2,7,3,4517,40,Sold,80,56,14,17094,7167866,253521
3437,918,5,29,2,4520,139,Sold,37,96,39,16687,7254275,145318
3438,598,8,26,4,4097,16,Sold,36,96,40,18449,5990099,124713
3439,585,7,27,4,3659,108,Active,41,95,50,15122,5940144,117754
3440,581,1,32,2,3025,145,Sold,98,30,6,16800,5922592,284358
3441,858,6,19,4,3092,176,Sold,41,88,57,16095,7013951,102543
3442,510,6,39,1,3393,147,Sold,36,98,44,15201,5626012,104016
3443,71,7,35,3,4042,199,Active,36,98,45,16566,3803330,134445
3444,639,3,22,2,4556,10,Active,55,77,18,17711,6148964,307169
3445,400,4,16,1,4084,146,Sold,75,51,23,15059,5186318,302518
3446,419,7,16,2,4320,189,Sold,31,90,48,15561,5255175,130136
3447,342,2,1,2,4932,175,Sold,76,53,16,15369,4947794,375442
3448,590,4,3,3,4756,84,Sold,72,56,15,18003,5961746,266669
3449,97,8,4,5,4635,17,Active,38,80,36,15537,3908190,154967
3450,115,3,30,5,3576,137,Sold,62,82,25,16135,3987398,234403
3451,487,7,17,3,3450,16,Active,32,90,45,16700,5528802,116548
3452,366,1,5,4,3704,98,Active,99,33,6,17749,5038703,326832
3453,158,8,6,4,3814,142,Active,40,94,57,15690,4159765,134718
3454,302,3,12,3,4346,198,Sold,61,81,25,17738,4772727,212697
3455,357,7,18,2,3091,78,Sold,35,96,51,15259,5009450,95642
3456,874,3,39,4,4146,175,Active,51,79,27,18302,7073807,204872
3457,618,6,28,1,4907,40,Sold,40,84,57,15895,6067506,151361
3458,422,4,23,2,3045,74,Sold,77,54,24,16950,5262376,225598
3459,489,2,16,4,4045,123,Sold,82,48,18,17028,5537803,217810
3460,773,1,23,5,3758,31,Sold,93,26,8,17997,6656165,488249
3461,383,2,22,3,3884,116,Active,84,46,16,16988,5108010,280243
3462,33,7,7,3,3557,187,Active,37,92,49,17663,3652115,115154
3463,11,8,34,5,4313,123,Active,34,99,37,15756,3551305,131935
3464,28,1,20,4,3246,95,Sold,92,24,8,17043,3628262,288212
3465,765,1,5,3,3794,191,Sold,99,32,7,15838,6626462,316277
3466,481,5,24,3,3026,106,Sold,31,90,53,17972,5506750,104476
3467,1047,6,19,1,3695,103,Active,35,92,59,18135,7788478,120250
3468,978,1,9,2,3283,122,Sold,91,26,9,17272,7492349,436557
3469,941,4,1,3,4428,101,Active,69,50,17,15242,7341584,355214
3470,455,4,9,1,3767,52,Sold,75,50,20,16890,5394689,259445
3471,413,7,7,5,4896,178,Sold,41,97,58,17725,5234923,166209
3472,486,1,25,5,4799,69,Active,94,23,6,17454,5527002,550661
3473,1070,4,17,4,3985,169,Sold,66,60,23,18028,7889288,224108
3474,709,7,21,2,3346,55,Active,38,89,41,18297,6421242,114232
3475,682,2,18,2,4963,80,Active,81,48,18,17849,6324032,336738
3476,1002,3,20,3,4720,56,Sold,50,77,26,17988,7590009,228750
3477,483,2,10,1,4016,11,Sold,82,53,13,15821,5512601,230563
3478,167,2,25,3,4214,62,Sold,83,61,14,16114,4194869,255689
3479,204,1,25,1,3881,149,Active,96,18,9,15965,4361386,397482
3480,589,3,11,4,4962,48,Active,56,79,21,17567,5956345,270409
3481,884,8,16,3,4857,106,Sold,43,98,45,17678,7116561,167100
3482,812,6,4,4,4116,153,Sold,31,98,52,16991,6820432,143031
3483,300,5,21,1,3476,174,Sold,41,86,49,17881,4763726,122341
3484,255,5,7,3,3877,167,Active,36,99,57,18292,4567956,124878
3485,90,3,40,4,3299,158,Active,64,78,19,16405,3881638,197476
3486,1051,2,15,4,4759,22,Sold,80,48,12,18201,7809180,333969
3487,1063,3,8,2,3948,194,Sold,56,80,18,15576,7867236,219471
3488,119,4,36,2,3324,131,Active,71,66,24,18066,4007200,181607
3489,1088,6,19,4,3383,139,Active,43,95,36,15210,7963546,119914
3490,566,3,9,3,4826,174,Sold,51,88,21,16037,5851485,315211
3491,48,3,29,3,4971,139,Active,55,86,22,18161,3713771,259812
3492,426,8,38,5,4426,146,Active,35,91,45,17084,5280828,133391
3493,313,5,1,2,4114,78,Sold,36,87,46,17573,4818181,132545
3494,847,2,10,5,3102,8,Active,83,62,16,18168,6968946,215082
3495,104,6,32,3,3216,143,Sold,32,84,52,16654,3941044,105080
3496,177,1,5,5,4879,97,Sold,89,34,11,17546,4241224,366730
3497,246,3,3,1,4616,30,Sold,59,86,27,15119,4534203,315395
3498,598,2,3,2,4690,48,Sold,77,47,19,17189,5990999,284689
3499,132,6,8,3,4983,46,Sold,34,82,54,18159,4056255,151752
3500,1001,5,22,3,3729,197,Active,39,80,59,17967,7585508,124183
3501,793,7,16,5,3672,58,Active,33,91,43,17942,6749774,125289
3502,596,3,3,3,4076,52,Active,54,76,21,17800,5983798,240060
3503,842,3,20,3,4978,168,Active,62,71,27,15210,6952295,297310
3504,817,4,11,5,4059,23,Sold,72,58,20,15961,6844284,278902
3505,307,8,13,4,4819,172,Sold,32,92,47,16062,4791629,154488
3506,889,8,24,1,3518,171,Active,31,80,40,15338,7133663,116713
3507,955,1,27,5,3999,151,Active,96,18,10,16754,7396489,364039
3508,638,2,8,4,3772,88,Sold,83,50,19,15541,6144014,216016
3509,15,6,3,2,4310,128,Sold,39,81,49,15886,3565256,139463
3510,814,3,20,1,3173,154,Sold,54,73,18,15566,6830783,207225
3511,381,4,29,5,3105,105,Sold,74,56,22,17957,5097659,213231
3512,427,4,1,1,3461,70,Sold,72,57,16,16968,5286228,222307
3513,944,1,38,2,4456,38,Sold,93,20,10,16067,7351935,477806
3514,764,7,3,3,3470,97,Sold,34,93,48,18489,6622412,116273
3515,18,3,17,1,3482,93,Sold,58,80,19,17081,3584158,197521
3516,487,2,26,5,4924,72,Active,78,53,19,15150,5527902,296838
3517,264,8,4,4,3069,10,Sold,33,96,41,17858,4608910,99270
3518,813,3,22,2,4887,50,Sold,55,86,21,16170,6828082,338509
3519,265,7,37,1,4104,35,Sold,39,97,45,18191,4616561,140570
3520,856,2,33,4,4159,79,Sold,75,55,13,16016,7008550,266966
3521,932,4,6,1,4666,155,Sold,69,69,17,17854,7309180,276533
3522,1015,2,20,5,3132,124,Sold,79,50,12,18333,7644014,170472
3523,268,2,21,5,3527,171,Sold,79,60,19,17902,4629612,252450
3524,133,6,19,2,4705,189,Sold,43,96,54,15518,4060756,146871
3525,51,1,20,3,4650,173,Sold,91,19,7,15800,3726372,449248
3526,1017,4,1,1,4657,173,Sold,71,65,17,16681,7648514,248747
3527,630,7,18,4,3906,78,Sold,40,88,45,17511,6110711,123023
3528,606,2,5,2,3764,168,Active,81,47,13,17895,6020702,212555
3529,796,4,34,1,3035,96,Sold,66,55,20,15546,6760576,195836
3530,219,4,20,4,4717,44,Sold,74,65,15,18294,4422142,342770
3531,43,6,2,4,3701,86,Active,33,96,51,15615,3692619,129979
3532,355,4,1,2,3552,147,Sold,75,66,23,15310,5003150,264329
3533,481,8,20,4,4354,160,Sold,38,89,51,17679,5508550,154036
3534,523,8,2,2,3976,139,Active,34,98,44,18296,5677767,137156
3535,815,2,39,4,4025,61,Sold,74,49,12,16959,6834833,265217
3536,318,6,34,2,4703,66,Active,34,81,52,15132,4839783,147514
3537,88,3,3,2,3333,165,Sold,64,75,19,17489,3875337,192194
3538,570,5,36,1,4556,84,Sold,38,90,35,15873,5874437,139350
3539,56,1,19,5,3299,197,Active,93,26,7,17704,3746624,275071
3540,432,8,23,4,3109,111,Sold,39,97,52,15254,5306480,93693
3541,397,6,25,2,3927,21,Active,30,86,43,17738,5177767,120363
3542,998,4,7,3,4624,117,Sold,71,53,24,16703,7570657,260028
3543,487,4,21,5,3285,148,Sold,70,63,20,16016,5530153,242229
3544,1050,3,15,3,4327,191,Sold,52,83,25,16338,7803330,214730
3545,25,3,7,4,3745,129,Sold,63,87,25,16469,3615661,250813
3546,181,3,16,1,4244,107,Active,54,78,24,16420,4255625,220416
3547,466,4,26,5,4088,165,Active,70,66,19,18215,5436543,338928
3548,170,4,20,1,3946,193,Sold,78,59,21,17621,4213321,209029
3549,776,2,17,3,3923,96,Sold,79,48,12,15825,6669216,213789
3550,261,2,25,1,3850,82,Sold,82,60,12,16341,4593609,227436
3551,470,7,32,3,4370,198,Sold,38,84,59,17624,5460396,149061
3552,947,2,31,1,4850,175,Sold,76,48,13,16350,7364986,332466
3553,620,1,16,5,3905,15,Active,96,25,11,16686,6073357,323568
3554,732,8,31,5,4563,187,Active,43,86,53,15613,6509900,142649
3555,776,3,21,1,4880,124,Sold,51,87,20,16907,6671917,302576
3556,281,3,29,5,4137,198,Sold,55,87,18,17126,4679117,254601
3557,800,6,10,4,4607,41,Sold,36,90,55,15233,6776327,158343
3558,875,1,25,1,3181,25,Sold,92,28,6,18246,7078757,319873
3559,23,1,27,4,3177,28,Sold,92,19,10,18162,3606660,321377
3560,37,1,3,4,4807,132,Sold,97,32,11,15187,3664716,657381
3561,810,2,36,5,4260,88,Sold,80,55,15,15137,6813231,299631
3562,393,4,37,5,4483,133,Active,72,51,22,15725,5155265,264871
3563,7,7,38,1,3975,50,Sold,43,91,40,17961,3531053,130022
3564,261,6,30,1,4835,97,Sold,37,82,41,15567,4591809,152157
3565,1050,4,14,5,3844,79,Sold,73,53,20,16403,7802430,259891
3566,822,2,13,1,4197,8,Sold,74,45,18,16838,6861386,311735
3567,595,5,28,1,4758,30,Active,31,82,53,16017,5981548,156919
3568,313,2,1,2,3946,100,Sold,77,54,12,15403,4818631,208391
3569,266,5,35,5,4582,147,Sold,30,88,36,18334,4617911,142995
3570,544,6,5,1,3742,181,Active,40,97,50,16890,5763276,128396
3571,30,7,9,3,4298,161,Sold,34,81,54,16048,3637713,149545
3572,802,6,19,2,4656,47,Sold,43,86,44,16624,6784428,163128
3573,325,5,27,5,3136,164,Sold,34,84,38,17169,4870837,110644
3574,361,3,38,2,4681,9,Sold,51,74,27,18023,5018901,308706
3575,128,2,39,4,4672,100,Sold,79,61,15,15225,4041404,293682
3576,535,7,23,1,3453,80,Sold,39,92,46,17301,5728622,113763
3577,528,2,24,5,3946,127,Active,74,47,16,16471,5697119,199619
3578,230,4,18,3,4852,104,Active,79,67,17,18444,4461746,374283
3579,480,2,14,2,3920,137,Sold,80,47,16,18301,5504050,259538
3580,518,6,32,2,3859,102,Active,35,97,44,17007,5657965,132055
3581,107,4,25,5,3735,115,Sold,74,56,15,15498,3953195,213775
3582,1065,4,27,1,3089,60,Sold,69,59,18,17242,7873537,177536
3583,1058,6,38,5,4018,20,Active,41,92,42,17513,7849234,130400
3584,168,7,13,5,4932,109,Sold,43,83,54,16102,4201620,175352
3585,655,1,32,3,3184,17,Sold,93,27,6,16413,6222772,428503
3586,967,4,32,5,3556,169,Sold,75,58,15,17300,7447344,220282
3587,624,4,24,2,4174,65,Active,76,52,17,15130,6087308,247360
3588,749,3,25,3,4163,27,Active,64,84,19,15778,6568856,200090
3589,930,1,11,3,4364,180,Sold,92,28,5,16733,7298379,532790
3590,71,1,33,5,4036,169,Active,95,26,6,16304,3801980,523116
3591,1018,8,12,2,4067,46,Sold,33,84,51,17467,7653915,138888
3592,816,2,9,5,3615,140,Active,75,48,15,17665,6838433,215852
3593,186,1,31,1,4578,23,Sold,99,32,11,16158,4280828,392644
3594,1054,6,32,1,4420,7,Sold,35,86,50,16589,7826732,150961
3595,429,4,40,2,4237,72,Active,76,67,24,15572,5295229,275606
3596,374,3,23,1,3516,93,Sold,61,71,19,18228,5072907,171423
3597,941,3,27,2,3635,11,Sold,60,89,18,15210,7344284,246447
3598,1075,6,40,3,4292,127,Sold,35,82,44,15537,7914041,148117
3599,455,3,21,2,4954,176,Sold,50,76,23,15693,5393789,276346
3600,1073,6,25,5,3804,119,Sold,37,98,36,15692,7909090,117270
3601,11,4,3,2,3211,169,Sold,70,63,21,16456,3549054,226557
3602,419,3,8,5,4730,104,Active,52,70,22,16145,5254275,328936
3603,328,3,35,2,3731,8,Sold,55,72,24,15188,4885688,217210
3604,288,8,5,4,3287,58,Active,34,89,57,17068,4705670,113283
3605,192,7,5,2,3894,185,Sold,36,81,47,16531,4304680,135799
3606,480,2,36,2,4926,10,Active,72,48,14,15600,5502700,371950
3607,573,2,18,5,4113,94,Sold,77,62,13,17683,5885688,314144
3608,316,8,38,4,4275,102,Active,39,95,53,16867,4831233,148146
3609,345,6,24,2,3715,151,Active,42,87,51,18275,4965796,120567
3610,503,6,4,1,4499,195,Sold,37,88,47,17653,5600360,143689
3611,535,4,17,4,3342,169,Sold,75,64,23,16850,5730873,270119
3612,538,5,7,4,4958,71,Active,41,91,54,16928,5739873,174442
3613,663,7,34,1,4695,60,Sold,42,91,59,18351,6249774,159639
3614,568,1,23,2,3958,83,Active,99,30,9,16873,5864986,360940
3615,839,3,39,3,3382,162,Sold,55,81,26,16981,6942844,203764
3616,883,2,28,3,3549,14,Sold,75,57,16,15888,7114311,199330
3617,818,5,18,5,3904,36,Sold,37,87,42,15499,6846534,134969
3618,383,7,9,4,3558,85,Sold,35,99,37,15077,5109810,113493
3619,201,4,24,1,4241,41,Sold,72,64,24,16880,4345184,249059
3620,960,7,25,4,4136,190,Active,37,82,49,15065,7418541,147051
3621,1044,3,29,4,3657,143,Sold,60,83,18,15143,7770477,237056
3622,241,1,38,5,3130,54,Active,93,34,10,16062,4509900,336944
3623,587,4,1,3,4656,87,Sold,65,69,24,17006,5949144,365796
3624,811,6,8,2,4904,66,Sold,31,81,58,16897,6815931,173719
3625,15,7,2,5,4655,88,Sold,40,81,51,17422,3567506,150040
3626,1039,7,7,4,3861,114,Active,44,96,45,17567,7750225,118162
3627,33,6,33,2,3886,96,Active,44,95,58,16319,3648964,136865
3628,140,2,10,4,3410,132,Sold,79,62,13,17470,4085058,192574
3629,782,1,20,1,3171,27,Active,95,18,10,16902,6693969,346463
3630,37,5,5,1,4851,63,Sold,39,85,37,15467,3667416,148111
3631,490,3,2,5,3460,92,Sold,55,88,22,15779,5540954,182212
3632,706,6,17,3,4385,143,Active,41,92,55,17291,6411341,134023
3633,712,1,21,4,4543,9,Sold,93,31,8,17567,6432943,366711
3634,851,1,7,5,4928,51,Sold,95,34,5,18376,6989198,384470
3635,882,6,4,2,4403,159,Sold,35,97,51,16422,7112061,137805
3636,673,7,28,1,4801,43,Sold,31,84,43,15718,6286678,144299
3637,704,3,34,3,4746,100,Sold,60,76,19,18299,6400540,284228
3638,110,7,22,2,4255,76,Sold,44,91,43,17835,3967146,140789
3639,153,2,18,3,3851,160,Active,77,54,12,15224,4139513,224972
3640,67,7,26,5,4971,63,Active,44,88,54,16174,3788028,175606
3641,44,1,26,2,3069,101,Sold,91,26,9,16882,3696219,421803
3642,613,1,19,2,4047,118,Active,90,31,9,16374,6051305,470788
3643,41,5,16,2,3116,93,Sold,30,93,50,16129,3683168,104093
3644,194,4,36,2,3195,121,Active,70,68,24,16501,4311881,220798
3645,951,5,23,2,3313,18,Sold,36,88,53,15739,7378037,101398
3646,459,5,35,4,4941,62,Sold,39,85,41,17442,5412691,151807
3647,112,1,25,1,3252,92,Active,92,33,8,17694,3974797,306542
3648,49,1,40,5,3485,86,Sold,95,26,7,15505,3716921,401751
3649,42,3,24,4,4675,115,Sold,54,72,26,15716,3689468,246960
3650,1027,1,27,5,3861,75,Active,88,29,7,17324,7693069,486196
3651,820,1,2,4,3578,39,Sold,95,21,11,17959,6856435,459183
3652,251,6,1,3,3430,119,Active,33,92,50,17234,4551755,112113
3653,456,3,16,5,4817,162,Sold,62,75,19,16436,5397389,321714
3654,32,6,19,1,4002,176,Sold,35,94,39,18108,3641764,127120
3655,419,6,1,5,4780,122,Sold,36,84,37,17616,5252025,165522
3656,6,2,40,4,3887,10,Sold,82,50,16,15726,3529702,240440
3657,507,4,12,3,3574,164,Sold,65,59,15,18474,5616111,284617
3658,1004,2,20,3,4018,108,Sold,84,52,18,16899,7599009,213634
3659,568,4,9,3,3076,94,Sold,65,50,24,18293,5866336,167584
3660,548,1,35,3,4271,191,Sold,88,27,6,17183,5775427,329390
3661,172,8,36,2,4958,81,Active,32,82,40,17610,4219621,154481
3662,41,5,8,4,3938,30,Sold,38,96,55,17011,3678667,128812
3663,272,5,36,3,3583,49,Sold,41,92,38,17197,4644464,108414
3664,610,5,28,4,4612,75,Sold,30,83,56,15244,6036453,164879
3665,477,4,18,5,4475,37,Active,77,53,17,15052,5485598,371718
3666,96,4,11,3,4647,145,Sold,71,68,17,17649,3902790,350045
3667,286,4,37,5,3061,28,Active,73,63,24,16185,4700270,193111
3668,1074,4,4,3,3548,127,Sold,72,51,24,16511,7909990,269421
3669,371,7,11,4,3847,27,Sold,37,88,36,15660,5058505,121065
3670,785,4,16,4,3503,92,Sold,75,67,19,16432,6717821,275383
3671,973,5,6,3,4444,128,Active,44,94,44,17460,7473447,143035
3672,175,1,1,2,4045,94,Active,99,22,5,16405,4234023,387066
3673,439,5,22,2,4813,49,Active,33,88,57,15550,5333933,156211
3674,518,7,34,5,3499,92,Sold,44,93,56,17160,5657515,106643
3675,100,5,7,1,3990,99,Active,31,85,55,18492,3919891,134974
3676,127,3,23,3,3455,27,Sold,59,71,20,18428,4038253,215891
3677,679,6,23,2,3254,183,Sold,31,84,56,17020,6306030,104466
3678,561,5,25,3,3334,59,Sold,44,96,46,15332,5835283,119551
3679,582,2,17,5,4498,86,Active,82,50,14,17282,5924842,300767
3680,468,2,24,1,3152,180,Sold,82,46,17,16790,5452745,172232
3681,75,4,27,1,4449,86,Sold,71,61,18,15120,3820882,330910
3682,671,5,18,1,4070,144,Active,31,96,45,16769,6279027,140814
3683,683,3,5,5,3193,126,Sold,60,79,25,15891,6327632,222519
3684,267,2,28,5,3768,47,Sold,84,48,15,15989,4624662,271483
3685,932,7,3,1,4033,108,Sold,41,84,43,17528,7307380,129435
3686,665,2,4,3,3279,175,Sold,72,53,15,15130,6255175,256422
3687,756,7,22,4,4138,145,Sold,31,92,59,16943,6596759,140460
3688,595,4,6,4,3423,73,Sold,68,65,21,15732,5981098,281853
3689,822,2,17,3,3789,84,Active,72,60,13,18479,6866786,295095
3690,370,7,11,1,3319,189,Sold,31,89,59,15644,5056255,107416
3691,73,7,36,1,4068,125,Active,32,96,55,17021,3811431,133154
3692,438,5,31,2,3424,111,Active,31,86,41,18127,5329882,113656
3693,314,5,11,5,3256,8,Active,38,93,41,16523,4824482,111375
3694,17,3,40,1,4329,145,Active,57,87,21,18241,3575157,247702
3695,279,4,28,2,4776,33,Sold,74,50,22,15781,4671917,326380
3696,915,3,38,1,3662,117,Sold,61,75,20,16186,7238973,192158
3697,279,5,33,4,4559,32,Sold,41,97,48,16132,4671017,149699
3698,450,4,33,4,4737,10,Sold,73,55,17,17350,5376237,335387
3699,50,4,27,3,3462,8,Sold,79,55,22,15870,3719621,243152
3700,428,2,24,1,3314,94,Sold,77,48,13,18193,5289378,224445
3701,770,2,30,1,3483,178,Sold,72,45,15,17837,6644014,261540
3702,99,5,18,2,3414,79,Sold,44,87,47,17945,3914941,111795
3703,720,1,37,2,3947,38,Active,94,30,7,18027,6460846,505640
3704,225,3,38,4,3517,25,Active,57,80,22,17135,4440594,189637
3705,41,2,40,5,4728,155,Active,73,52,13,15183,3681818,337367
3706,193,2,33,3,3222,104,Sold,76,63,18,17528,4309630,169832
3707,28,8,7,1,4860,126,Active,31,93,52,15409,3631413,155015
3708,120,4,21,2,3568,150,Sold,65,59,15,17640,4009900,249860
3709,157,2,26,2,4614,160,Sold,76,51,15,15207,4157515,295553
3710,164,3,9,3,4523,177,Sold,51,70,25,15750,4183618,295493
3711,125,8,3,3,3022,166,Active,37,92,40,17424,4032403,100850
3712,819,8,17,1,3941,33,Sold,44,94,56,17742,6850135,121351
3713,612,8,12,1,4602,96,Sold,43,87,42,15502,6042754,147374
3714,579,7,1,5,4140,68,Sold,38,80,36,17950,5912691,141166
3715,971,8,7,3,4934,125,Sold,32,85,36,16679,7468946,176943
3716,228,8,31,3,4184,43,Active,44,82,54,17545,4457245,137511
3717,253,2,40,1,3466,27,Sold,74,59,13,15861,4561656,177996
3718,892,3,16,5,3869,52,Active,54,87,21,18235,7152565,270038
3719,669,3,24,1,3040,138,Active,52,85,18,16374,6268226,201963
3720,141,4,25,2,3187,19,Active,70,60,19,16851,4092259,200959
3721,904,7,16,3,3401,66,Active,33,87,55,17374,7195319,106206
3722,238,8,16,4,3103,101,Sold,31,84,54,15240,4495499,106917
3723,878,6,24,5,3491,149,Sold,30,85,41,18492,7092259,124412
3724,336,8,4,2,4971,35,Sold,41,98,49,18005,4923042,165365
3725,343,3,34,2,4860,91,Sold,56,82,27,16024,4951395,316856
3726,529,7,3,1,3328,150,Sold,30,87,40,15298,5703420,106236
3727,555,2,24,4,4411,77,Sold,73,49,13,18375,5801980,313945
3728,1080,6,18,4,3481,51,Sold,38,94,58,18060,7935643,116753
3729,681,6,11,3,3559,79,Active,30,96,40,17945,6321332,127078
3730,13,6,38,1,4299,157,Active,34,81,41,15609,3555355,151497
3731,909,7,14,4,4694,199,Sold,32,98,48,17323,7214221,147992
3732,799,7,26,2,3342,132,Sold,30,96,45,18436,6772727,112071
3733,125,6,32,5,4815,83,Sold,39,97,38,15851,4032853,170701
3734,35,8,35,4,3255,194,Sold,42,96,41,17761,3658415,111842
3735,473,4,9,4,4324,196,Active,78,60,22,17758,5469846,352320
3736,338,2,7,2,3227,156,Active,83,45,13,15748,4928442,182375
3737,529,2,17,1,4746,19,Active,78,59,13,17512,5704320,247158
3738,1049,3,3,2,4577,113,Sold,53,70,19,17644,7797029,282851
3739,771,2,39,4,4815,19,Sold,75,63,12,17049,6648064,253084
3740,761,3,28,1,4845,93,Sold,55,77,25,15979,6614761,330297
3741,940,2,19,1,3827,126,Active,72,52,18,16125,7337083,283117
3742,917,2,26,4,4065,149,Sold,72,54,18,18111,7245724,283776
3743,814,2,20,4,3363,61,Sold,79,47,18,16517,6832133,187622
3744,194,5,9,2,3813,95,Active,39,82,54,15532,4310081,128231
3745,43,1,35,1,3152,21,Sold,97,18,5,15001,3691269,405434
3746,862,3,18,1,4518,39,Active,61,85,24,17289,7028352,312776
3747,432,2,28,4,4781,163,Sold,80,53,15,15359,5306030,262836
3748,727,8,13,3,4633,132,Sold,33,81,47,17462,6490999,154251
3749,692,8,26,1,4246,76,Sold,41,88,52,15969,6362286,148967
3750,1027,1,19,3,4438,168,Active,95,25,5,15692,7690369,383377
3751,700,4,27,1,4730,154,Sold,65,53,19,15748,6387938,296285
3752,1086,6,6,3,4393,189,Sold,38,83,59,17219,7954995,153131
3753,667,5,13,3,3069,34,Active,42,89,56,15674,6262826,92727
3754,513,7,14,4,3925,45,Sold,37,82,43,15855,5635913,127476
3755,384,2,28,5,4379,39,Sold,78,58,13,18007,5117461,246953
3756,645,6,5,2,3278,88,Sold,30,84,53,15951,6177767,110462
3757,776,8,38,1,4683,136,Active,30,85,59,16312,6670567,141249
3758,1036,5,28,3,3690,85,Sold,34,84,42,16765,7738073,125054
3759,734,7,30,5,3105,65,Active,40,84,54,15603,6517551,97696
3760,542,1,1,3,3972,166,Active,91,23,5,17515,5753375,536309
3761,338,8,14,3,3457,172,Sold,33,89,55,16419,4935193,106669
3762,182,3,28,5,4370,96,Sold,51,82,24,15388,4260576,292350
3763,1037,3,4,2,3273,157,Active,63,78,20,16986,7739873,178575
3764,715,1,21,2,4073,97,Sold,93,29,10,15964,6441494,365704
3765,440,3,23,4,3057,157,Active,54,73,23,15056,5337983,199101
3766,123,7,10,4,3934,137,Sold,42,83,57,17339,4025652,128272
3767,574,7,37,4,3032,172,Sold,31,96,36,16456,5890189,94125
3768,744,1,8,1,3552,11,Sold,98,33,7,17719,6548604,315462
3769,131,2,35,2,4110,16,Active,76,47,17,15502,4049054,311257
3770,495,1,23,1,3092,100,Active,88,32,8,16260,5563006,288406
3771,28,3,5,1,4854,43,Sold,53,71,22,18378,3627362,251616
3772,973,7,26,4,4810,67,Active,41,80,59,16679,7474797,152891
3773,753,8,39,1,3914,56,Sold,39,94,46,18429,6585508,120810
3774,182,1,1,4,3953,199,Sold,93,22,11,15468,4263276,510006
3775,799,2,31,1,3515,134,Sold,83,58,15,16102,6770477,274513
3776,629,5,3,1,3908,182,Sold,32,83,37,16085,6106210,131707
3777,898,6,28,2,4928,126,Sold,35,82,41,17449,7171017,174057
3778,1018,1,4,4,3984,139,Sold,96,20,11,17501,7654815,460999
3779,367,3,39,5,3971,158,Active,53,83,21,17036,5043204,208347
3780,153,3,1,4,3120,69,Sold,54,87,25,16618,4136813,194618
3781,114,6,6,4,4323,98,Active,33,95,42,16317,3984248,144570
3782,27,3,36,2,3348,12,Sold,61,82,21,15984,3623312,233867
3783,623,5,22,2,4479,17,Sold,33,95,52,15304,6085508,159676
3784,1004,5,26,4,3871,187,Active,40,87,57,16163,7597659,120721
3785,822,2,22,5,4955,15,Sold,77,57,19,18067,6864986,331616
3786,1009,5,11,1,3491,163,Active,31,84,42,17454,7621062,125180
3787,338,1,32,4,4929,124,Sold,95,32,5,16463,4929792,621991
3788,767,4,15,2,4604,176,Sold,70,66,23,15262,6639513,367963
3789,5,1,31,4,3651,98,Active,99,27,9,16532,3522502,371626
3790,568,6,8,3,4946,185,Sold,37,99,40,16041,5866786,169796
3791,1086,1,38,1,3724,151,Active,95,33,11,17393,7958145,368946
3792,61,6,27,5,4599,152,Sold,42,81,40,18397,3766876,164138
3793,32,1,26,3,4577,64,Sold,93,23,8,16458,3646264,543484
3794,1002,6,18,1,3030,175,Sold,39,97,35,18328,7591359,94481
3795,315,2,23,4,4846,145,Sold,77,61,15,17231,4826732,254225
3796,967,7,1,4,3672,170,Sold,30,83,42,15309,7445994,118481
3797,1029,1,22,2,4918,87,Sold,94,33,8,16350,7704320,640901
3798,199,6,15,3,3713,149,Active,41,93,56,15554,4336633,118125
3799,438,6,22,3,3886,124,Sold,41,85,46,17904,5330333,124982
3800,902,3,24,3,4943,120,Sold,59,83,26,17590,7186318,326080
3801,1053,1,6,5,4265,60,Sold,93,18,7,17336,7816831,543734
3802,759,6,36,1,4931,176,Active,34,88,58,16842,6605760,176047
3803,495,1,40,4,4157,29,Sold,90,23,7,16111,5567956,482160
3804,517,7,12,5,4223,112,Sold,31,96,35,15771,5649414,134883
3805,724,4,14,3,4677,195,Sold,74,60,15,17049,6479747,358787
3806,342,8,34,1,3528,187,Sold,30,86,59,18106,4946894,119642
3807,510,6,27,2,3888,129,Sold,35,82,40,16395,5626912,131376
3808,134,2,5,5,3668,70,Sold,75,58,16,16851,4063456,210328
3809,926,5,19,5,4458,53,Sold,35,98,36,15499,7282628,158250
3810,1063,8,2,4,3571,62,Active,43,99,59,15832,7866786,108008
3811,438,5,5,3,4824,29,Sold,32,83,39,16692,5328532,170142
3812,1093,6,27,2,4169,181,Active,43,80,41,17097,7985148,132474
3813,679,7,11,2,4054,92,Sold,30,86,39,17674,6310081,138866
3814,527,3,20,1,4955,105,Sold,59,86,25,16604,5695319,292290
3815,1034,4,39,2,3754,175,Sold,78,57,19,16271,7728172,301671
3816,288,5,35,1,3422,40,Sold,36,87,46,16679,4704770,104645
3817,507,6,15,2,3417,101,Sold,34,93,35,16311,5615211,106207
3818,1046,7,2,3,3146,174,Sold,39,94,59,15317,7783978,111136
3819,803,6,10,5,3238,152,Active,37,91,38,16076,6786678,104141
3820,825,8,38,2,3580,183,Sold,33,90,55,16436,6878487,110772
3821,801,7,12,2,4265,92,Sold,31,86,58,17805,6777677,147748
3822,596,1,23,5,4216,49,Sold,97,22,11,15027,5985148,320817
3823,598,4,2,2,3293,65,Sold,78,60,24,15434,5990549,271794
3824,812,2,29,5,4972,93,Sold,77,50,19,18389,6821782,383972
3825,1008,1,26,1,4307,83,Sold,93,34,11,16103,7619711,550693
3826,977,1,13,2,4749,111,Sold,90,29,8,17500,7487848,496923
3827,726,5,6,4,3017,192,Sold,31,93,38,15412,6487848,96321
3828,86,3,11,1,4741,9,Sold,62,89,19,17191,3868586,230557
3829,785,1,25,1,4652,76,Active,90,18,11,17760,6711521,422146
3830,933,8,22,3,3065,183,Sold,35,95,35,17321,7313231,92453
3831,487,5,22,5,3901,111,Sold,42,97,38,17488,5529702,138353
3832,720,4,8,2,4509,105,Sold,72,60,21,15997,6461746,310738
3833,655,1,22,1,4338,160,Sold,93,18,6,17934,6222322,435828
3834,982,1,25,3,3668,146,Sold,92,21,10,16921,7509000,395676
3835,880,8,25,3,3195,108,Sold,35,98,50,16667,7101260,101403
3836,557,1,1,4,3898,56,Sold,99,25,5,17336,5813231,484492
3837,157,4,2,1,4279,168,Active,71,50,24,17997,4154365,352861
3838,208,7,8,2,4625,16,Sold,41,82,58,17779,4377587,138880
3839,449,8,18,2,3937,197,Sold,36,99,52,16882,5373987,126283
3840,174,5,22,5,4886,15,Sold,40,98,58,15351,4228172,162215
3841,495,1,8,2,4936,133,Active,98,31,8,18008,5568406,503201
3842,419,4,12,2,3484,76,Active,70,62,20,16971,5253825,287205
3843,580,7,23,2,4712,160,Sold,42,96,44,16408,5916741,142906
3844,825,4,27,2,4280,148,Sold,75,59,23,17811,6880288,254585
3845,435,5,9,2,4971,138,Sold,38,90,40,17147,5315031,163118
3846,35,1,40,5,3844,62,Sold,88,25,5,15410,3661116,522380
3847,628,1,28,1,3017,52,Sold,97,33,6,15421,6099459,226592
3848,1028,5,24,1,4610,100,Sold,38,87,59,15048,7696669,148294
3849,51,6,37,2,3217,111,Active,43,83,49,17073,3726822,104025
3850,481,4,32,1,4606,20,Sold,69,53,16,15693,5505850,257839
3851,442,3,30,4,3301,168,Sold,61,83,25,15035,5346084,218648
3852,1059,5,3,4,4240,171,Sold,40,96,45,18148,7851035,135587
3853,680,4,2,3,4150,156,Sold,67,68,16,16520,6317281,274130
3854,945,4,27,3,3614,66,Sold,72,62,23,17002,7353735,267387
3855,380,8,38,1,4448,89,Active,36,91,59,15412,5095859,144169
3856,1057,4,24,3,4754,145,Sold,76,55,17,17362,7843834,289851
3857,454,7,16,2,4276,141,Active,36,97,56,16659,5391539,140022
3858,206,5,7,5,4736,32,Sold,33,96,49,16133,4367686,147081
3859,479,7,2,3,3623,168,Sold,42,90,52,17011,5499099,114501
3860,462,1,39,2,3822,134,Active,98,22,9,17205,5423042,387264
3861,849,3,27,1,3438,68,Sold,54,73,24,18361,6979747,227436
3862,82,1,4,4,4383,130,Active,89,18,6,16597,3851485,440470
3863,729,2,28,4,4415,155,Active,72,51,18,15783,6500000,242345
3864,278,8,5,2,4750,21,Sold,44,92,56,16646,4669666,157178
3865,4,1,15,4,3210,156,Sold,90,20,5,16771,3518901,261663
3866,1066,3,7,2,4710,93,Sold,63,82,27,17812,7875787,229682
3867,632,1,26,4,4462,182,Sold,97,34,9,18056,6120612,488344
3868,36,3,9,4,3825,84,Active,57,85,20,16520,3664266,241875
3869,32,8,27,1,4084,47,Sold,41,94,48,18141,3642214,134756
3870,347,8,18,3,4077,162,Active,31,85,42,18302,4969846,124691
3871,1030,7,13,1,3011,22,Sold,42,88,40,16303,7705670,91342
3872,711,2,27,1,4048,136,Sold,78,45,16,17321,6427992,294332
3873,194,1,38,4,3482,29,Sold,92,24,10,16875,4310981,433056
3874,941,2,19,1,3269,32,Sold,82,48,19,15435,7343834,247658
3875,148,6,20,2,4931,59,Active,39,91,47,16533,4121962,157703
3876,724,3,38,3,3424,76,Sold,61,84,18,15388,6475247,169261
3877,1007,2,38,1,4427,134,Sold,82,54,15,18371,7611611,235554
3878,241,1,35,4,3191,194,Active,94,30,8,16684,4509450,399521
3879,1005,8,40,5,3722,74,Active,41,85,41,17051,7600810,127821
3880,72,1,1,1,3624,58,Sold,90,33,6,16282,3805130,347224
3881,273,8,11,2,3529,72,Sold,41,82,56,15361,4648964,120544
3882,246,4,32,1,3166,99,Sold,79,68,19,16969,4530603,240657
3883,534,4,17,5,4767,22,Sold,73,54,19,16682,5725472,275528
3884,1087,2,24,3,4787,196,Sold,77,62,15,17981,7958595,315507
3885,994,3,7,4,4030,109,Sold,57,85,20,16108,7555355,213609
3886,1064,4,36,5,3634,172,Active,65,60,16,15495,7870837,251734
3887,112,4,40,5,3561,25,Active,77,66,20,17812,3977497,271305
3888,272,7,30,5,3106,113,Sold,30,99,50,17303,4645364,103616
3889,418,5,2,5,4471,103,Sold,43,81,36,17240,5250675,159999
3890,38,2,11,2,4663,50,Sold,81,46,16,18486,3668316,282776
3891,835,5,30,2,3546,175,Sold,31,88,54,16806,6928442,112011
3892,388,4,37,2,3602,168,Sold,70,66,15,16043,5135013,279712
3893,121,2,33,2,3167,85,Sold,76,47,12,17748,4016651,160867
3894,793,5,30,4,4520,107,Active,39,91,40,16005,6744374,155361
3895,106,1,1,1,3712,162,Sold,99,19,6,17605,3950045,325162
3896,914,6,16,4,3679,20,Sold,32,82,55,16920,7236273,114777
3897,596,7,30,4,3776,129,Sold,35,84,40,15902,5986048,135626
3898,565,6,20,1,4245,118,Active,43,93,38,16708,5849234,147947
3899,903,4,13,1,4757,133,Active,78,57,23,15065,7189918,259066
3900,670,3,30,5,4911,61,Active,53,78,22,16438,6272277,293230
3901,505,8,40,3,4566,164,Sold,37,86,37,18427,5606660,137309
3902,1038,4,9,3,4894,33,Sold,70,65,22,15091,7746174,406625
3903,139,4,19,5,4271,115,Active,78,64,24,16480,4082808,255679
3904,1082,4,9,5,4426,16,Active,69,51,18,17647,7941944,274748
3905,348,7,24,2,4573,137,Sold,43,81,53,16357,4978397,155601
3906,656,3,36,1,4706,107,Active,52,72,20,17436,6226372,314993
3907,750,8,15,4,4383,150,Active,40,89,39,16524,6571107,141834
3908,989,8,31,2,4168,59,Sold,39,92,45,15111,7539603,127149
3909,877,7,5,4,4146,116,Sold,38,95,57,15441,7089108,126536
3910,368,6,34,2,4628,112,Active,38,97,41,15132,5049054,150354
3911,348,2,27,4,4772,136,Sold,74,58,14,16520,4974347,359013
3912,43,4,4,2,4125,65,Sold,77,51,23,16255,3694419,278629
3913,280,4,18,4,3288,136,Active,65,51,21,17155,4674617,182057
3914,987,6,22,2,4473,79,Sold,40,95,41,15899,7530603,158022
3915,120,5,5,2,4573,38,Sold,32,99,52,15653,4012601,157576
3916,109,2,26,5,4169,51,Sold,75,54,19,16578,3962196,315947
3917,337,2,28,5,4898,31,Sold,83,53,15,15167,4924392,307024
3918,421,3,27,1,4979,147,Sold,55,74,23,16475,5257875,239868
3919,637,1,14,4,3263,109,Sold,94,22,6,18372,6141314,293556
3920,129,3,10,4,4019,37,Active,60,82,18,16647,4044554,231404
3921,605,2,25,2,4816,150,Sold,73,59,14,16522,6014851,370347
3922,344,4,6,1,3118,67,Active,77,57,17,16904,4955895,250573
3923,322,1,24,2,3646,89,Sold,94,27,6,15479,4855535,401807
3924,820,8,3,2,3019,84,Sold,40,93,37,16122,6854185,93492
3925,1006,3,30,4,4867,37,Sold,64,81,19,17304,7603510,327748
3926,736,5,26,4,4314,172,Sold,30,97,46,15196,6523402,147297
3927,422,6,30,5,3536,48,Sold,32,82,47,17623,5263276,123053
3928,1007,2,15,5,4579,128,Sold,81,62,14,16041,7613861,250219
3929,1058,5,20,3,3588,70,Sold,32,97,47,16863,7848334,128336
3930,431,6,34,3,3390,21,Active,35,95,40,17645,5300180,117857
3931,663,5,18,3,4986,80,Sold,43,93,49,17391,6250225,165934
3932,626,3,35,2,3626,92,Sold,59,81,26,16728,6094509,231704
3933,588,1,13,3,4530,37,Active,91,32,5,17870,5951845,410712
3934,648,7,22,2,4977,144,Active,41,93,40,16081,6193069,177978
3935,874,4,9,2,4684,144,Sold,68,68,18,16421,7073357,293584
3936,559,8,12,2,3235,92,Active,32,96,51,16969,5821332,101346
3937,477,7,4,4,4881,185,Active,43,83,41,18388,5486948,167731
3938,460,6,21,3,3591,121,Sold,38,95,59,17139,5413141,117957
3939,618,2,1,2,3009,10,Active,81,52,19,16603,6070207,222392
3940,566,4,1,4,3771,105,Active,67,50,15,16245,5852385,304635
3941,641,3,16,5,3112,53,Sold,54,78,24,15848,6156165,217183
3942,445,7,36,4,4304,142,Sold,44,83,39,17057,5359585,148893
3943,812,4,40,5,4100,38,Active,70,69,22,16657,6818631,240004
3944,164,2,26,1,4528,13,Sold,77,55,17,17345,4181818,265765
3945,227,1,18,2,3073,123,Sold,92,29,9,15128,4451845,238403
3946,178,6,18,4,3096,167,Sold,36,93,53,17254,4242574,102800
3947,815,5,18,4,3075,188,Sold,31,96,54,17452,6837083,109778
3948,1012,1,35,2,3624,71,Sold,95,18,9,17824,7633213,491750
3949,1069,4,34,5,3276,31,Active,70,53,20,17140,7888388,267318
3950,362,2,25,1,4037,159,Sold,82,61,16,15622,5027902,282873
3951,108,3,18,1,3835,162,Active,58,87,19,15121,3961746,197825
3952,1044,4,22,5,3681,10,Active,78,59,17,16270,7767776,285717
3953,450,3,23,5,3589,191,Sold,58,77,22,17149,5379387,219038
3954,653,2,27,4,4235,142,Sold,81,48,13,15754,6215121,253773
3955,40,3,30,5,3350,127,Active,61,86,21,16632,3673267,169944
3956,264,1,15,2,3533,115,Active,99,21,8,17055,4609810,391474
3957,725,2,20,2,4507,17,Sold,74,60,15,16941,6483798,321989
3958,161,4,19,2,3025,39,Active,74,59,16,18280,4175517,176250
3959,1023,4,37,5,4190,86,Sold,69,67,17,17206,7675517,333027
3960,1001,4,18,3,4205,131,Sold,76,54,21,17669,7587308,337561
3961,824,4,25,5,4176,26,Sold,77,63,23,18008,6874437,272735
3962,852,7,38,2,4313,174,Sold,30,85,51,18249,6997749,151654
3963,244,2,28,2,3140,28,Sold,76,46,19,18151,4526552,166872
3964,415,2,29,2,4869,57,Sold,75,53,16,16982,5238523,363052
3965,295,4,16,1,4694,25,Sold,72,64,15,17307,4740324,394197
3966,466,7,17,2,3127,26,Sold,30,89,44,16627,5441044,109751
3967,303,1,12,1,3972,112,Active,89,18,11,15558,4773177,396833
3968,821,8,29,3,4286,151,Active,44,98,35,18496,6859585,150456
3969,1091,3,20,3,3013,150,Active,52,82,20,18092,7974797,185832
3970,702,2,36,3,3558,143,Sold,80,58,17,16642,6395139,201181
3971,795,8,34,5,3196,170,Sold,40,80,44,17067,6754275,111080
3972,430,2,40,5,3968,118,Sold,83,62,12,15405,5298379,286404
3973,898,4,35,2,4847,169,Sold,66,55,16,16370,7171467,369029
3974,692,1,8,1,3319,97,Sold,96,32,9,18327,6362736,266823
3975,173,1,1,4,3688,184,Sold,91,22,6,18451,4225022,323991
3976,527,2,32,3,4845,14,Sold,75,49,16,17171,5694419,271483
3977,656,8,29,5,3058,182,Sold,34,92,53,18119,6224122,102107
3978,329,7,27,5,3966,193,Active,33,83,42,15380,4891989,129791
3979,544,6,26,4,4590,108,Sold,33,90,45,17142,5761926,146017
3980,717,6,2,4,3801,121,Active,30,84,40,15749,6451845,121548
3981,1057,8,27,1,3112,48,Sold,37,86,51,15369,7846534,109312
3982,676,8,8,2,4927,101,Sold,39,87,48,15890,6295679,151880
3983,680,5,10,3,4181,189,Sold,39,86,41,17596,6316381,140808
3984,1044,7,25,4,4717,127,Sold,35,83,45,15845,7769576,167982
3985,64,5,33,5,4827,138,Active,44,94,37,17872,3781278,150149
3986,189,3,4,2,4992,30,Sold,62,77,20,15301,4292529,322140
3987,566,8,36,2,3374,16,Active,30,80,57,15630,5854185,109857
3988,194,3,3,4,3807,133,Sold,61,82,25,16762,4314581,223571
3989,370,2,31,3,3687,146,Sold,80,62,13,15410,5054455,193733
3990,896,2,39,4,4239,195,Active,80,48,17,18460,7164266,270665
3991,513,4,15,4,4660,121,Sold,73,55,17,16105,5635013,366632
3992,398,1,5,4,4156,160,Sold,92,34,11,17154,5180918,448235
3993,475,3,2,2,4330,143,Sold,58,74,19,16873,5479297,263112
3994,378,1,37,1,3845,23,Sold,93,28,9,18207,5090009,385961
3995,34,3,22,4,3657,49,Sold,50,74,22,18262,3654365,257160
3996,744,2,9,4,4951,70,Sold,83,49,13,17496,6551305,347014
3997,575,8,7,4,3937,107,Sold,37,86,49,18012,5896489,126874
3998,383,3,6,3,3513,21,Active,64,82,27,17078,5112511,226406
3999,204,4,28,3,3521,161,Sold,72,60,19,15101,4360036,220430
4000,1007,1,20,1,4468,172,Sold,97,24,11,18451,7611161,502918
4001,773,2,2,5,3975,10,Active,72,52,14,18500,6658865,288300
4002,1057,8,9,1,3706,119,Active,39,84,52,17521,7841584,119318
4003,623,3,16,2,4023,85,Sold,61,71,20,16990,6083708,251756
4004,905,3,38,1,4551,139,Active,59,79,20,15504,7196219,264002
4005,607,8,11,5,3179,120,Sold,43,95,37,17213,6023852,96451
4006,279,4,18,4,3572,80,Sold,71,67,20,17038,4672817,291209
4007,94,6,8,1,4110,15,Sold,34,95,55,15470,3897389,140455
4008,169,4,12,4,4035,46,Sold,72,66,19,17457,4208370,233403
4009,1091,4,30,3,3289,63,Sold,67,61,15,16838,7975247,217901
4010,196,4,36,4,4910,29,Sold,74,57,22,16327,4320432,344903
4011,714,1,12,3,3945,31,Active,95,24,7,18373,6440144,541550
4012,830,2,38,3,3924,30,Active,77,48,17,15348,6905490,241521
4013,32,2,10,5,4516,112,Sold,77,56,18,18371,3648064,264934
4014,286,8,5,4,3257,66,Sold,35,91,50,15822,4698019,114946
4015,923,8,39,5,3838,143,Sold,30,84,37,15227,7269126,131574
4016,529,5,19,1,3020,78,Sold,41,98,52,15506,5699819,91699
4017,11,8,29,1,3111,79,Sold,36,81,49,16072,3550855,105575
4018,309,7,29,2,3680,183,Sold,42,90,48,18417,4799729,117318
4019,1023,4,23,1,4898,27,Sold,66,60,24,15662,7674167,383592
4020,588,4,8,3,3763,40,Sold,79,67,24,16177,5950495,216510
4021,271,6,24,4,4615,184,Active,33,81,48,15851,4639963,159550
4022,135,1,21,5,3022,129,Sold,91,31,5,15413,4067506,386181
4023,1020,6,5,3,4281,100,Active,37,86,45,15773,7660216,152121
4024,1075,5,32,3,3112,97,Sold,34,93,55,18367,7916741,103318
4025,260,8,8,1,3515,166,Active,32,99,41,15038,4590009,120361
4026,839,4,20,5,3147,183,Active,74,63,21,15819,6941944,200938
4027,153,5,18,4,4246,168,Sold,37,96,59,15339,4140414,151336
4028,42,6,36,5,4649,147,Sold,32,88,49,18317,3685868,140195
4029,502,3,35,1,4676,128,Active,63,87,23,16713,5593159,283987
4030,18,7,33,5,4863,49,Sold,37,93,47,16410,3583708,156394
4031,218,7,1,1,3278,131,Sold,35,92,45,16174,4419441,113871
4032,51,2,10,5,4153,42,Active,84,56,16,15237,3729522,300222
4033,91,4,7,3,3892,13,Active,75,60,20,16051,3888388,244842
4034,743,4,40,2,4495,104,Sold,71,61,24,16981,6547704,371570
4035,345,2,31,5,4007,109,Active,82,61,16,18119,4964896,271032
4036,229,7,3,1,3957,70,Sold,40,86,45,15849,4459045,121242
4037,234,6,8,2,4065,124,Active,38,90,38,16705,4479747,124422
4038,17,5,38,1,3760,55,Sold,30,83,35,16261,3576057,127494
4039,201,5,35,3,4629,45,Sold,38,85,51,16055,4340684,143888
4040,323,8,9,5,3245,68,Sold,36,82,49,16322,4859585,115146
4041,21,7,26,3,3280,165,Sold,35,97,59,16811,3597659,100755
4042,939,7,34,1,4472,179,Sold,44,83,46,15014,7336633,149892
4043,535,7,5,1,4157,36,Sold,42,84,51,16512,5727272,130480
4044,16,7,30,3,3385,146,Active,33,88,49,15508,3571557,114372
4045,982,5,6,4,4093,76,Active,30,97,58,16031,7505850,135437
4046,645,2,6,2,3038,72,Sold,74,59,16,17004,6177317,234309
4047,291,4,15,4,3741,173,Sold,72,64,16,15465,4717821,237058
4048,535,8,19,4,4547,168,Sold,41,80,52,18067,5726372,155007
4049,58,4,3,1,3596,197,Active,65,60,21,16342,3756075,196405
4050,1073,2,28,2,4359,109,Active,81,53,14,16362,7905490,265256
4051,430,7,34,1,3577,68,Active,39,96,50,15112,5296129,117726
4052,217,8,39,4,4608,78,Sold,41,95,58,15058,4411341,140996
4053,532,1,21,1,3674,20,Active,97,28,11,18291,5714671,410358
4054,899,8,27,4,4673,129,Sold,30,91,35,18489,7174167,146508
4055,518,6,23,2,3111,141,Active,38,92,44,15387,5655715,109171
4056,200,6,25,4,3955,102,Sold,31,88,46,16523,4337533,122510
4057,749,7,28,2,3932,141,Sold,40,95,48,18037,6569306,118133
4058,139,5,25,3,4085,115,Active,35,80,48,16089,4081458,145761
4059,273,8,36,4,4724,48,Sold,42,83,58,18055,4649864,144167
4060,206,5,28,3,4881,68,Sold,44,82,47,17193,4369486,173656
4061,928,4,15,2,4261,20,Sold,77,63,17,16828,7291179,240480
4062,443,6,30,4,3862,78,Sold,36,91,44,17356,5352835,134637
4063,885,7,4,3,4068,180,Sold,41,84,39,15965,7121512,143763
4064,189,2,37,4,3944,154,Active,77,48,15,17356,4292979,300309
4065,749,7,7,3,3142,136,Sold,37,95,36,15119,6570207,95611
4066,931,5,6,4,3694,97,Sold,42,84,44,15872,7304230,120158
4067,1072,5,33,1,3541,81,Sold,39,88,40,16763,7900540,125189
4068,468,4,22,1,4570,115,Active,72,50,16,15877,5453195,313278
4069,591,1,23,2,4711,173,Sold,95,19,7,17549,5965346,411930
4070,1054,1,30,1,3707,89,Active,97,18,9,15931,7824032,349987
4071,679,4,40,2,3164,104,Sold,74,61,24,18333,6311431,203186
4072,1057,7,35,5,3083,37,Active,43,81,45,18165,7843384,101930
4073,199,8,5,2,3939,101,Sold,42,81,42,15447,4335283,123952
4074,494,1,39,2,4511,136,Active,97,31,9,17346,5558505,402968
4075,253,6,26,3,4384,154,Sold,43,80,51,18063,4558055,149626
4076,131,3,11,1,3438,105,Sold,64,89,19,15798,4053555,179777
4077,373,3,18,4,4983,27,Sold,61,72,23,15574,5068856,336644
4078,813,8,25,5,3928,87,Active,32,94,45,18201,6824932,140080
4079,198,4,4,3,4865,69,Sold,77,54,21,15707,4330783,282656
4080,872,1,1,3,3198,158,Sold,90,32,10,17886,7063906,359471
4081,212,5,21,1,3191,194,Active,30,90,43,16158,4395589,100587
4082,862,4,9,3,4854,172,Sold,66,64,21,15385,7026552,364040
4083,1092,6,10,1,3447,142,Sold,34,94,52,18497,7979747,114413
4084,750,8,25,1,4448,28,Sold,40,87,58,18076,6572007,134098
4085,425,8,20,2,3861,197,Sold,43,80,42,15181,5272277,137529
4086,587,4,8,3,3712,105,Sold,79,65,19,18095,5944644,247342
4087,229,2,21,4,4935,21,Sold,78,54,15,17048,4460396,284582
4088,429,8,23,4,4738,86,Sold,44,96,46,15133,5291629,163622
4089,101,5,24,3,3673,123,Sold,31,82,42,16714,3925742,130061
4090,119,6,9,5,4059,155,Sold,38,90,52,15591,4008100,140977
4091,465,7,28,2,4219,48,Sold,41,92,56,17956,5434743,139489
4092,153,5,27,4,3100,62,Sold,39,95,54,18437,4142664,110509
4093,979,4,36,3,4881,68,Sold,68,65,17,16431,7495049,395927
4094,764,4,19,3,4856,157,Sold,79,51,20,15612,6621512,327139
4095,881,1,36,1,4988,104,Active,89,23,10,18174,7104410,656334
4096,440,5,20,4,4548,109,Active,39,98,44,17659,5335733,140333
4097,438,4,35,5,3044,98,Sold,74,58,22,17424,5330783,231863
4098,700,4,24,3,3696,160,Sold,69,58,18,17957,6389738,244555
4099,824,2,20,3,4234,147,Sold,81,51,14,18347,6877587,286931
4100,811,1,40,3,4795,176,Sold,95,22,9,16781,6815481,582772
4101,1018,1,8,5,4260,94,Sold,94,32,9,18166,7652115,449270
4102,563,2,17,3,4552,139,Active,84,50,16,16553,5837983,315759
4103,587,8,37,3,4352,33,Sold,41,85,36,17556,5945544,150727
4104,817,8,7,1,4892,27,Sold,33,80,39,17620,6842034,152581
4105,471,4,3,3,4882,143,Sold,77,54,19,17170,5463996,316708
4106,369,4,25,1,3116,180,Sold,74,50,15,15174,5053555,239976
4107,1078,3,28,1,4956,156,Active,63,75,27,15458,7924392,338118
4108,1083,1,11,3,3208,177,Sold,98,22,5,16104,7947794,325299
4109,946,5,21,4,3225,24,Active,44,94,49,18398,7359585,110959
4110,926,7,20,3,3346,71,Active,41,93,47,15898,7280828,104174
4111,423,6,36,1,3661,38,Sold,39,93,48,17421,5267326,112144
4112,68,6,38,4,4905,114,Sold,39,86,55,15878,3792529,164563
4113,112,2,21,4,4040,41,Active,82,61,19,18386,3975697,242495
4114,210,7,1,1,3764,121,Sold,41,82,52,18333,4387038,115058
4115,458,4,13,4,3152,94,Sold,72,69,19,16712,5404590,215973
4116,930,6,37,4,4414,96,Active,30,93,38,18403,7297929,142599
4117,166,1,12,5,3981,163,Sold,94,24,10,16016,4193519,385072
4118,98,3,28,2,4516,33,Sold,53,80,21,17030,3912241,223994
4119,1063,1,4,3,4197,189,Sold,95,22,8,16589,7868586,405850
4120,894,2,1,3,4930,97,Sold,74,46,17,16242,7156615,257293
4121,1094,2,28,2,4355,65,Sold,76,47,12,15307,7992349,260122
4122,543,3,30,2,3561,181,Active,51,76,26,15657,5755625,230240
4123,1067,6,16,3,3889,24,Sold,38,87,46,17938,7880738,131417
4124,105,3,31,4,4120,18,Active,57,89,18,18434,3942394,242889
4125,877,1,30,3,3807,113,Active,94,27,8,15923,7087758,410119
4126,456,3,21,1,4792,31,Sold,63,86,24,18475,5398289,234248
4127,876,2,28,1,3217,52,Active,74,52,14,15192,7082808,176171
4128,147,5,39,2,3509,104,Active,33,81,49,18204,4120162,107846
4129,1063,5,22,2,4705,99,Sold,43,99,55,16711,7868136,164487
4130,935,5,36,2,4554,139,Active,43,98,45,18331,7318631,156311
4131,1029,3,29,3,4487,165,Active,57,76,21,17662,7702520,244279
4132,634,3,36,2,3602,35,Sold,55,81,25,16821,6129162,186486
4133,631,2,11,3,3343,81,Sold,81,54,13,17724,6117011,168918
4134,671,5,32,2,3462,130,Active,44,98,47,15166,6277677,105176
4135,115,6,32,1,3264,182,Active,42,96,42,17830,3988298,107719
4136,173,4,38,1,3155,183,Sold,74,57,23,15175,4225472,251482
4137,81,2,27,1,4763,34,Active,78,51,19,15593,3846534,287946
4138,951,3,38,4,4348,64,Active,56,76,27,17105,7378937,240107
4139,61,7,2,4,4018,178,Active,32,88,58,17340,3768226,130143
4140,961,1,1,1,3848,25,Sold,99,23,11,15313,7422592,371111
4141,30,4,21,3,3584,109,Sold,68,58,22,18029,3636363,208331
4142,307,1,8,2,3795,158,Sold,98,33,11,15464,4789378,302699
4143,402,8,37,5,4583,72,Sold,30,94,51,17681,5193519,152431
4144,203,2,39,1,4256,7,Active,84,50,14,17172,4352835,235464
4145,283,6,2,1,4802,59,Sold,39,90,40,16116,4689018,150831
4146,580,2,30,1,3912,148,Sold,77,50,15,17636,5913141,278243
4147,1050,4,39,5,3390,12,Active,70,53,19,15165,7805580,204375
4148,268,4,28,3,3154,182,Active,76,67,20,18014,4627362,188325
4149,106,7,30,1,3099,74,Sold,39,93,50,15406,3945994,101381
4150,385,8,12,5,4579,181,Active,43,96,58,17292,5119711,144852
4151,440,5,12,3,3969,163,Sold,34,99,55,17715,5336183,137843
4152,631,6,26,1,4251,178,Sold,40,87,45,17790,6115661,149312
4153,911,8,3,5,4416,120,Sold,42,90,56,15111,7221422,137055
4154,376,6,39,3,4288,192,Active,32,99,50,15697,5080558,147121
4155,244,1,29,3,3411,61,Sold,98,21,11,17015,4527002,306598
4156,844,4,25,2,3950,196,Sold,75,64,16,16777,6959495,329173
4157,45,1,1,5,4048,99,Active,88,18,7,16191,3701170,476703
4158,445,4,15,3,3410,27,Sold,74,56,23,15054,5358235,187248
4159,718,4,4,4,3279,171,Sold,68,62,22,17806,6452745,183968
4160,499,4,26,4,3405,148,Active,69,58,23,15993,5584608,182481
4161,915,6,4,2,3324,41,Sold,32,91,56,17385,7239873,112757
4162,551,5,20,1,4038,78,Sold,34,96,35,17363,5788478,121665
4163,179,1,11,5,3131,98,Active,99,33,11,17139,4250675,264867
4164,68,2,9,4,4506,116,Sold,81,59,12,15542,3794329,311471
4165,356,2,30,4,4120,89,Sold,79,64,14,18292,5004050,285943
4166,933,6,1,2,3479,161,Sold,35,84,47,16573,7310531,119058
4167,829,2,19,2,3427,92,Active,75,64,18,15386,6900990,255742
4168,269,4,25,1,3090,8,Sold,68,55,19,16190,4630513,234296
4169,423,6,36,3,4025,51,Sold,34,85,36,17794,5264626,122545
4170,509,4,33,2,4604,55,Sold,66,51,23,15548,5621512,382933
4171,637,2,32,1,3445,26,Sold,80,63,15,16952,6141764,199344
4172,1072,7,22,3,3206,53,Sold,41,90,46,16341,7899639,106785
4173,1031,6,21,4,4450,21,Sold,39,87,43,17072,7711071,155047
4174,462,8,6,4,4214,76,Active,38,93,35,15746,5420792,143436
4175,226,6,6,4,4432,39,Sold,38,81,57,18003,4447794,142161
4176,215,5,23,1,4501,21,Sold,35,84,36,15519,4405490,139873
4177,887,3,10,1,3908,121,Sold,58,87,26,18379,7125112,227477
4178,4,3,29,5,4156,94,Active,52,88,27,15161,3520702,284723
4179,185,6,13,4,4614,186,Sold,42,90,58,17562,4276327,152428
4180,145,4,22,1,4129,14,Sold,69,69,20,15290,4109360,314970
4181,605,1,12,5,4384,35,Sold,98,24,9,17205,6017551,479456
4182,919,3,13,4,3389,49,Sold,57,72,27,18379,7259675,227133
4183,200,1,19,5,4191,104,Active,95,33,7,15587,4339333,494318
4184,858,2,29,3,3643,30,Sold,72,50,16,17617,7014851,274911
4185,51,6,26,4,3360,146,Sold,31,96,46,17710,3725922,114361
4186,933,8,27,4,4946,144,Sold,37,82,55,16269,7310981,157965
4187,112,6,7,5,3479,124,Active,36,92,52,15778,3978847,113722
4188,191,1,3,5,3115,23,Sold,99,32,9,18325,4300630,409584
4189,910,8,7,1,4323,123,Sold,30,87,45,16931,7215121,144362
4190,109,2,25,3,3820,112,Sold,77,50,12,16425,3962646,288428
4191,174,3,22,3,3447,77,Sold,58,72,26,16192,4226372,227690
4192,50,6,24,1,3025,148,Sold,33,96,44,16852,3721872,99420
4193,320,7,19,3,3876,166,Active,41,80,51,16185,4848784,119241
4194,521,3,38,3,4202,9,Sold,55,86,27,16394,5668316,287323
4195,804,1,20,3,4078,95,Sold,97,20,11,15166,6789828,465636
4196,393,5,39,2,4696,176,Sold,42,86,47,17640,5153465,146064
4197,833,8,33,1,4919,125,Active,30,93,40,16876,6920792,157054
4198,689,6,27,2,3731,195,Sold,39,86,46,18200,6349684,119146
4199,867,5,34,3,3168,185,Sold,41,83,56,15673,7045004,102326
4200,81,5,20,3,4163,122,Sold,36,89,50,15649,3848334,128362
4201,738,3,30,5,4298,114,Sold,64,71,23,17658,6531053,225614
4202,300,5,8,1,3452,103,Sold,40,98,36,17048,4764626,115255
4203,458,2,14,5,4101,138,Active,83,52,18,17271,5402790,318464
4204,138,7,1,1,4983,129,Active,40,97,41,16863,4077857,172840
4205,658,5,19,3,4373,58,Sold,40,99,54,17976,6233573,143933
4206,145,6,32,5,4201,165,Sold,32,80,36,17635,4107110,138263
4207,746,1,22,1,4891,24,Active,95,21,8,16813,6559855,429784
4208,589,5,15,5,4399,129,Sold,40,93,36,16033,5953645,138428
4209,319,1,30,3,3028,16,Active,97,30,10,15180,4844734,234314
4210,83,7,26,1,3797,22,Sold,43,81,56,17820,3853735,116029
4211,854,7,17,4,3996,10,Active,36,88,57,16009,7004500,126018
4212,1003,4,7,1,3938,162,Active,68,60,17,17806,7595409,230300
4213,164,8,14,4,3043,101,Active,39,84,36,17638,4184518,96116
4214,1011,1,26,4,3079,137,Sold,96,33,10,18407,7631863,417497
4215,848,8,24,4,3777,37,Active,33,97,52,15763,6974797,117669
4216,295,8,6,1,4288,39,Sold,32,86,57,16036,4743024,132233
4217,875,2,24,1,3132,186,Sold,83,46,15,15947,7077407,223800
4218,117,5,15,2,4436,112,Active,43,96,40,15172,4000000,151365
4219,10,3,33,4,3490,90,Sold,55,89,25,18496,3545454,188561
4220,1039,6,40,4,3166,166,Active,35,94,50,15689,7750675,113678
4221,938,3,12,1,3102,117,Sold,52,70,21,15327,7329432,212832
4222,743,3,6,2,4428,193,Sold,57,70,18,15959,6545454,260395
4223,791,2,5,1,3524,60,Sold,80,60,14,15083,6735823,194818
4224,926,5,16,4,4695,120,Sold,36,91,47,15770,7278127,167649
4225,6,8,10,3,3368,28,Sold,42,96,40,15979,3527002,119234
4226,26,1,25,5,3784,68,Sold,94,21,6,17706,3618811,298747
4227,954,6,24,4,3863,7,Sold,39,86,45,16838,7391989,123987
4228,662,3,39,2,4205,186,Sold,50,83,18,18204,6245724,241401
4229,295,7,32,2,3156,12,Sold,33,86,57,16876,4739873,97419
4230,774,6,40,4,3248,116,Active,40,92,58,17292,6662466,99428
4231,361,4,8,2,3532,127,Sold,73,56,17,18275,5020702,253285
4232,856,8,24,4,4135,170,Sold,35,92,58,16778,7010351,143997
4233,307,5,27,4,4389,80,Sold,33,97,39,18416,4791179,145925
4234,433,7,35,2,4521,141,Active,39,92,39,18470,5309180,152737
4235,869,7,26,5,3142,74,Sold,37,98,52,15629,7051755,101059
4236,126,8,11,5,4379,189,Sold,44,88,48,18418,4034203,135653
4237,943,6,38,2,3937,194,Sold,35,99,58,17492,7349234,125535
4238,989,8,1,3,4894,86,Sold,33,80,36,15515,7542304,152566
4239,773,5,21,5,4520,160,Active,33,85,48,17211,6656615,143275
4240,891,1,36,5,4359,182,Sold,90,29,9,16902,7146714,378579
4241,256,1,5,1,3726,108,Sold,99,30,7,15419,4570657,315732
4242,701,2,40,5,4105,23,Sold,74,60,16,16383,6390639,227305
4243,710,8,31,3,3109,128,Sold,32,86,39,17092,6424392,97660
4244,955,5,28,5,4095,192,Sold,32,89,57,15666,7397389,130254
4245,819,3,40,5,4394,58,Active,57,83,18,16086,6851485,247484
4246,455,7,37,1,3916,65,Active,32,86,47,17336,5393339,137804
4247,650,3,22,2,4302,92,Sold,58,76,20,18163,6202970,256427
4248,999,1,9,1,3599,45,Sold,89,27,11,18105,7572457,382682
4249,261,7,26,2,4032,94,Active,41,90,58,15299,4590459,128911
4250,736,8,11,2,3089,86,Active,32,80,38,15809,6522502,103315
4251,493,5,4,4,3105,73,Sold,38,93,36,15386,5554455,104049
4252,680,1,23,1,3243,74,Sold,97,24,10,16312,6314131,350001
4253,321,3,1,1,3916,162,Sold,54,89,27,16231,4854635,197066
4254,826,6,17,2,3672,191,Sold,41,98,42,17559,6885688,118400
4255,926,3,5,3,3169,64,Active,55,79,18,15872,7280378,221962
4256,392,1,12,3,4346,140,Active,99,22,6,17030,5147614,524649
4257,539,6,39,4,4537,143,Sold,32,82,45,16307,5743474,145066
4258,74,8,32,4,3366,45,Active,40,95,53,17671,3818631,121041
4259,171,6,25,1,3500,199,Sold,44,81,54,16148,4217821,108241
4260,186,7,35,4,4220,199,Sold,42,86,35,15816,4280378,141809
4261,785,4,40,5,4606,173,Active,66,51,20,15685,6715571,357596
4262,3,3,35,1,3431,27,Sold,56,86,25,17884,3511701,223306
4263,367,4,36,5,3365,134,Sold,76,68,19,15534,5044104,279763
4264,793,3,19,5,4527,168,Sold,56,82,26,16254,6745724,224742
4265,26,7,8,5,4035,123,Sold,32,92,57,16514,3621062,134987
4266,846,8,3,2,3985,123,Sold,33,96,47,17971,6966246,139395
4267,514,6,14,1,4150,65,Sold,43,86,40,16732,5640414,143374
4268,681,2,25,1,3615,50,Sold,83,59,14,15369,6321782,209465
4269,147,8,3,2,4933,92,Active,42,84,41,15388,4116561,159948
4270,1059,7,11,5,4602,126,Active,42,94,38,18277,7851485,147715
4271,869,2,32,4,4196,19,Sold,79,55,13,16648,7052205,322928
4272,765,7,19,4,4377,77,Sold,39,94,39,17422,6630063,153195
4273,175,3,1,4,3542,117,Sold,64,77,18,16760,4233123,179344
4274,921,7,12,5,3226,41,Sold,35,83,36,16534,7264626,115065
4275,835,5,13,4,3405,164,Sold,30,94,55,15889,6930693,115893
4276,349,7,39,5,4898,38,Active,41,95,39,15091,4981098,163926
4277,290,6,4,3,4479,123,Active,35,96,56,15709,4716021,159766
4278,925,2,23,5,3405,60,Active,79,59,13,16118,7272727,209729
4279,317,6,36,5,3298,109,Active,30,82,54,16894,4835733,102878
4280,78,4,37,4,3573,109,Active,72,53,20,15317,3832133,190046
4281,847,2,25,4,4601,92,Sold,78,64,13,17007,6969846,290584
4282,375,1,8,4,4509,69,Active,91,19,8,16552,5075157,411052
4283,447,7,29,5,3504,184,Active,41,82,48,16545,5368586,122640
4284,584,6,7,2,3142,120,Sold,36,98,46,17838,5933393,105590
4285,926,1,15,3,4835,71,Sold,95,32,6,17588,7276327,422978
4286,983,3,32,3,3477,48,Active,52,78,24,17579,7517551,175118
4287,199,8,31,3,4396,55,Sold,38,85,54,16241,4333933,146985
4288,1093,1,26,4,3333,160,Sold,98,20,9,16840,7981998,405293
4289,366,2,3,3,3745,176,Sold,82,54,17,18101,5039603,213977
4290,790,6,17,3,4588,34,Sold,41,97,58,18241,6734473,143109
4291,747,3,2,5,4823,106,Sold,60,82,23,15248,6562106,242616
4292,62,4,21,3,4424,132,Sold,74,51,18,18087,3773177,351642
4293,337,1,31,1,3972,130,Sold,93,28,10,15718,4926642,312199
4294,97,1,3,2,3148,184,Sold,93,33,6,18206,3905040,370748
4295,239,4,4,5,3540,52,Sold,76,69,21,18499,4500450,227059
4296,969,6,33,1,4515,15,Sold,33,99,54,15988,7457695,149293
4297,217,2,18,4,3729,133,Active,81,51,14,16601,4410891,269999
4298,271,3,14,2,4635,104,Sold,53,73,22,17383,4641764,303122
4299,568,1,17,2,4266,142,Active,88,24,8,17279,5863186,509286
4300,659,4,23,4,4922,24,Sold,74,52,20,16459,6235823,260507
4301,126,1,20,4,3923,15,Sold,95,31,11,16562,4034653,517248
4302,533,4,25,3,3225,126,Sold,75,59,17,15219,5720972,244634
4303,89,8,34,1,3278,13,Sold,33,88,51,16989,3877587,115943
4304,568,5,9,3,3922,89,Sold,43,81,45,17920,5865436,126806
4305,209,3,10,4,3202,178,Sold,58,84,21,16735,4384338,170254
4306,215,7,5,3,3506,65,Active,31,85,49,15795,4404590,122366
4307,775,5,40,1,3752,119,Sold,30,90,37,16073,6663816,118068
4308,603,3,15,4,4453,186,Active,58,82,22,15370,6009000,235133
4309,1077,3,39,3,4089,111,Sold,56,77,22,15863,7922142,281048
4310,316,2,32,5,3993,42,Sold,72,56,18,15026,4829882,257630
4311,756,5,6,3,4094,93,Sold,34,92,49,18066,6597659,128240
4312,979,4,9,4,4517,29,Sold,74,51,24,18236,7497299,289535
4313,416,8,19,4,4333,187,Sold,37,83,36,17938,5240324,135866
4314,1090,1,16,4,4171,137,Sold,94,26,6,16804,7972547,368570
4315,270,7,39,4,3599,49,Active,42,98,59,18370,4638613,118659
4316,927,1,30,2,3602,74,Sold,93,27,11,15688,7287578,358552
4317,514,8,30,1,4249,19,Sold,42,89,51,15933,5642664,132203
4318,207,6,15,4,4986,68,Sold,38,89,42,15427,4372187,171309
4319,717,2,18,2,3773,18,Active,77,54,15,15065,6450045,286781
4320,909,2,13,5,3229,186,Sold,80,61,13,15307,7213321,217378
4321,938,1,7,1,3247,125,Sold,97,27,6,17582,7329882,381092
4322,458,1,5,4,3746,114,Sold,88,33,11,15170,5402340,290765
4323,605,1,39,3,4814,189,Sold,98,22,10,15020,6013501,487273
4324,324,8,22,3,3202,107,Sold,34,90,59,17289,4864986,113018
4325,115,1,26,1,4296,153,Sold,88,32,5,18223,3989198,360810
4326,288,8,39,3,3034,191,Active,31,84,42,17623,4706570,103496
4327,926,3,10,5,4039,148,Sold,57,75,20,18467,7275877,253287
4328,703,6,17,5,3105,19,Sold,33,82,59,15188,6396489,106458
4329,165,8,25,1,4131,80,Sold,42,91,54,16802,4185868,144056
4330,723,2,28,2,4906,19,Sold,74,51,16,18053,6472997,318034
4331,745,8,8,2,4514,105,Sold,39,80,41,17557,6552655,147554
4332,550,2,13,1,4449,100,Active,79,52,15,15944,5783528,294264
4333,100,1,40,2,4347,79,Sold,92,26,7,17707,3917641,504263
4334,362,6,23,2,3931,193,Active,44,87,53,18056,5025652,130564
4335,449,1,3,5,4654,177,Sold,95,28,10,17160,5374887,622647
4336,746,8,5,4,3242,46,Active,38,98,50,15645,6558955,100055
4337,868,6,18,1,4281,45,Active,37,83,42,15459,7045454,145871
4338,74,4,30,2,3088,126,Sold,68,67,16,15275,3816381,218332
4339,296,5,18,1,4392,74,Sold,42,98,42,16913,4750675,156821
4340,647,1,7,2,4309,104,Active,99,29,9,15887,6184968,576070
4341,665,4,21,2,4183,16,Active,79,64,20,16609,6256075,331900
4342,337,1,36,2,4089,182,Sold,94,22,10,15703,4927542,363522
4343,168,2,24,5,3652,115,Sold,77,52,14,15153,4200270,184736
4344,278,2,23,1,3140,110,Active,73,51,19,16399,4668316,188421
4345,557,6,37,2,3176,127,Sold,33,86,57,15914,5815481,105824
4346,491,6,15,3,3082,111,Sold,44,88,58,17018,5544104,93292
4347,142,1,23,3,5000,178,Active,99,34,8,17193,4097209,397162
4348,491,2,15,3,3572,128,Active,77,58,12,16558,5543654,212684
4349,650,6,26,2,4259,166,Sold,36,98,47,15983,6200720,137378
4350,834,5,17,5,3719,193,Sold,39,80,53,15524,6925742,131601
4351,329,8,12,5,4109,151,Sold,41,98,59,15118,4889738,141810
4352,445,5,2,1,4410,197,Active,33,82,58,17028,5360936,145759
4353,362,7,9,5,3118,38,Sold,43,81,45,16668,5023852,94344
4354,372,2,25,5,4527,182,Active,73,45,16,17228,5066606,309868
4355,133,8,25,3,4751,137,Sold,38,92,44,18404,4059405,160137
4356,932,4,38,1,4229,54,Active,72,61,23,16961,7306480,290613
4357,588,3,6,5,3659,29,Sold,54,81,23,16819,5950045,251517
4358,1019,1,6,2,4852,141,Sold,89,24,6,15561,7658865,615428
4359,950,7,35,2,4502,46,Sold,32,83,53,16114,7372187,158696
4360,210,3,25,1,4347,186,Sold,50,70,21,16656,4389288,249121
4361,905,1,28,5,3765,8,Sold,90,21,9,15901,7198469,508162
4362,806,6,7,3,4191,173,Sold,36,99,50,16059,6796579,128647
4363,1062,6,15,5,4112,151,Sold,37,87,46,18274,7864536,137546
4364,450,5,11,1,3370,61,Sold,40,86,50,16695,5377587,110961
4365,799,1,18,2,3104,60,Active,98,34,5,17752,6770927,351730
4366,405,1,33,4,4535,35,Sold,98,20,11,15596,5205220,408082
4367,487,4,6,1,3933,166,Sold,68,60,20,18231,5529252,282289
4368,183,2,9,1,4196,145,Active,74,49,15,15014,4266426,288245
4369,254,3,8,4,3539,87,Active,52,72,26,18124,4563006,244740
4370,41,8,11,2,4518,16,Sold,30,82,40,16172,3679117,138883
4371,642,6,10,3,4005,85,Active,42,88,36,18118,6157515,125749
4372,139,5,17,5,3288,59,Sold,39,83,52,18488,4080558,109333
4373,890,1,2,2,3652,124,Sold,99,30,7,16361,7140414,397739
4374,92,5,9,1,3797,141,Sold,34,91,39,15768,3892439,127253
4375,175,5,2,2,4409,96,Sold,32,86,43,17708,4230873,144236
4376,736,2,15,2,4662,40,Sold,74,54,17,16768,6521602,288419
4377,1039,3,7,4,4585,140,Sold,50,77,21,17075,7751125,258198
4378,1015,7,5,3,3702,103,Active,38,96,39,15061,7641764,113022
4379,810,1,1,5,4001,15,Sold,93,22,5,16629,6812781,312868
4380,610,6,35,5,3898,131,Sold,38,97,51,15550,6035553,120284
4381,631,6,39,1,3962,43,Sold,38,84,54,15834,6116111,118995
4382,128,4,15,4,4053,98,Active,69,64,24,18021,4043204,263723
4383,391,5,4,1,4195,34,Sold,43,80,38,15780,5144914,133837
4384,704,1,15,1,3012,179,Sold,93,26,9,15863,6405040,299867
4385,862,4,2,5,4479,166,Sold,69,59,21,16777,7025202,300957
4386,343,5,11,3,3581,130,Sold,36,94,55,17860,4949594,127348
4387,459,4,20,1,3871,77,Active,70,54,20,15990,5410891,296035
4388,210,2,5,2,4699,25,Sold,84,52,19,16630,4390189,341679
4389,558,7,12,5,3488,119,Sold,30,86,42,16098,5816831,123301
4390,20,8,23,2,3542,152,Sold,35,89,48,18406,3593609,112211
4391,387,1,5,3,4254,197,Sold,94,32,9,16052,5128712,491029
4392,362,6,3,5,4811,180,Sold,37,90,45,15500,5022952,158330
4393,1061,4,26,3,3049,10,Active,65,68,20,16497,7857335,228338
4394,806,8,27,3,3753,29,Sold,33,97,55,17689,6795679,122078
4395,1054,7,7,2,3853,21,Active,36,93,40,15581,7826282,120260
4396,560,7,20,3,3089,68,Active,31,87,49,17310,5828532,103086
4397,657,5,28,4,4747,105,Active,37,93,54,17422,6231323,165385
4398,392,4,14,1,4334,69,Sold,77,57,19,15244,5149414,275651
4399,778,3,28,2,4888,28,Active,50,72,19,18214,6679567,290777
4400,519,8,39,2,4594,177,Active,43,92,49,17240,5658415,142184
4401,710,5,7,3,4818,157,Sold,35,80,42,15456,6425742,147180
4402,550,1,24,5,4404,171,Sold,90,33,9,15534,5783978,335376
4403,344,1,19,4,4300,82,Sold,97,27,10,15349,4958145,477999
4404,852,8,12,5,4244,103,Sold,41,85,35,18189,6998199,139263
4405,192,1,20,5,3434,121,Sold,94,27,10,15028,4301530,396550
4406,977,1,38,2,3751,30,Sold,98,18,5,17300,7490099,498977
4407,535,5,36,5,4697,66,Sold,40,94,36,15208,5731323,146105
4408,293,7,34,4,3611,110,Active,38,93,38,15850,4729972,125981
4409,29,3,26,1,3093,13,Active,52,83,25,17541,3634563,198001
4410,451,5,37,2,3899,184,Sold,31,98,55,15205,5382988,130047
4411,46,3,32,5,4697,42,Active,52,85,20,15942,3705220,237616
4412,256,5,17,5,3315,185,Sold,32,82,39,16371,4570207,112325
4413,555,1,34,4,4238,121,Active,98,21,8,15095,5804680,331200
4414,919,7,25,4,4015,66,Sold,43,97,58,15783,7258775,127035
4415,288,2,4,2,4421,101,Sold,80,46,19,17877,4707020,233254
4416,205,4,14,2,4174,64,Sold,69,56,18,16140,4363186,298447
4417,857,6,31,5,3474,9,Active,41,90,52,15222,7012601,110042
4418,187,4,8,3,4436,103,Sold,79,69,16,16137,4288028,356586
4419,677,2,32,3,4512,173,Sold,76,58,18,17500,6297929,236577
4420,1043,3,31,3,3646,173,Sold,56,79,25,17769,7765976,183817
4421,515,7,38,3,4838,126,Sold,38,94,50,16124,5643564,169853
4422,411,8,14,2,3233,90,Sold,36,91,49,16675,5225022,107258
4423,40,7,11,4,4006,40,Sold,41,88,58,17955,3678217,130572
4424,827,7,31,5,4963,120,Sold,35,93,37,18347,6889288,157813
4425,867,4,30,1,4575,88,Sold,65,53,22,18185,7044104,346815
4426,884,3,26,3,3988,43,Active,53,81,21,18030,7117911,250051
4427,1069,5,9,5,3532,177,Active,35,98,38,15707,7887038,121649
4428,250,8,21,3,4719,152,Sold,33,83,52,16602,4547704,156199
4429,197,7,2,1,3151,180,Sold,44,83,43,17311,4324482,108943
4430,162,3,38,5,3054,162,Active,60,76,22,18326,4176867,180416
4431,519,4,32,5,4829,196,Sold,75,64,15,18310,5658865,337912
4432,393,4,27,3,3202,114,Sold,77,64,22,16601,5159315,178752
4433,854,6,30,1,4295,182,Sold,44,82,47,15169,7002250,129391
4434,291,4,37,2,3345,93,Sold,67,56,23,15583,4720972,215067
4435,370,8,27,5,3391,82,Sold,41,81,56,16961,5054905,112852
4436,432,2,9,2,4908,189,Active,81,45,18,15840,5305580,247446
4437,217,4,30,1,4542,151,Sold,74,63,18,17124,4413141,276322
4438,364,6,31,2,3144,174,Sold,43,83,53,15349,5033303,106563
4439,989,8,18,2,4343,74,Active,33,87,36,15336,7539153,137404
4440,732,8,6,3,3918,60,Active,38,99,58,16037,6508550,140789
4441,558,4,6,4,4535,66,Sold,71,63,23,16285,5815931,299086
4442,105,8,10,3,3046,168,Sold,32,82,57,16864,3945094,96485
4443,1004,6,3,5,4136,60,Sold,34,94,47,16354,7597209,133742
4444,554,5,4,3,3735,30,Active,38,85,43,17819,5800180,116420
4445,985,8,8,5,4727,199,Sold,39,84,37,18141,7524302,155036
4446,995,7,31,5,3631,117,Sold,33,85,38,18030,7558505,113367
4447,85,8,14,3,3788,53,Active,35,81,48,17872,3863636,119890
4448,497,1,13,1,3991,164,Sold,91,24,8,16600,5572907,346758
4449,917,1,29,3,4308,172,Active,91,32,10,17979,7248424,562539
4450,881,6,34,5,4305,33,Sold,36,94,45,15635,7103060,151941
4451,690,7,37,3,4153,54,Sold,40,87,45,15370,6355535,130927
4452,872,1,5,5,3917,122,Sold,97,23,5,15659,7066156,377824
4453,593,2,12,5,3902,55,Sold,73,60,12,15681,5974347,294325
4454,792,5,19,1,3794,10,Sold,43,97,55,18465,6743474,133481
4455,183,2,39,5,4273,80,Sold,74,55,17,17468,4267776,277837
4456,105,7,10,5,4530,115,Sold,31,80,46,17369,3945544,153168
4457,244,5,31,4,3833,195,Active,36,92,56,15035,4524752,115488
4458,1027,2,40,5,4448,167,Active,74,63,12,15484,7692169,341475
4459,396,2,20,2,3008,35,Sold,77,50,19,17654,5171467,217045
4460,1083,8,16,5,3989,13,Active,32,85,35,15230,7945994,132283
4461,699,4,22,2,4708,198,Sold,77,58,24,17118,6386138,254948
4462,978,5,30,1,3047,31,Sold,30,98,44,15400,7491449,92281
4463,506,6,19,1,3157,166,Sold,32,95,56,16645,5612061,110211
4464,681,1,35,1,3580,50,Sold,94,30,5,17378,6320432,318450
4465,1088,4,30,3,3929,196,Active,72,60,23,16529,7964446,280654
4466,303,4,30,3,3243,122,Active,65,57,15,16920,4775877,172369
4467,291,7,30,4,4022,190,Sold,44,92,45,18337,4719621,139748
4468,436,2,18,2,4677,144,Active,81,52,16,16622,5319981,327063
4469,69,7,8,3,3380,103,Sold,30,88,54,16382,3797929,106531
4470,420,8,17,3,4449,32,Sold,39,82,44,15888,5256525,148855
4471,412,8,37,3,4659,113,Sold,33,92,59,16289,5231773,145501
4472,889,2,30,1,3613,131,Sold,75,60,14,15601,7137713,198818
4473,726,6,40,4,4415,175,Active,35,83,54,18320,6488748,136962
4474,735,4,6,5,4040,174,Active,77,58,18,17088,6521152,222083
4475,604,8,4,5,3332,101,Sold,44,87,53,15081,6013051,110496
4476,720,1,3,2,4979,12,Active,99,19,5,15113,6461296,515812
4477,716,2,13,2,4084,120,Active,81,59,17,16864,6444644,256457
4478,17,1,30,2,3811,53,Sold,88,21,8,18040,3577857,388512
4479,961,8,1,3,4237,141,Sold,40,93,59,17359,7423942,150252
4480,723,4,29,5,3956,128,Sold,72,61,22,16597,6474347,271063
4481,91,4,6,2,3501,17,Sold,75,52,15,15921,3885238,206729
4482,873,5,35,2,3831,27,Sold,33,81,36,15391,7067506,120178
4483,1019,1,25,3,4499,114,Sold,97,29,6,17608,7657515,383742
4484,524,1,28,1,3003,48,Sold,98,32,11,18087,5681818,370870
4485,225,4,1,3,4746,91,Sold,66,57,18,16394,4439693,376339
4486,827,8,29,4,3377,169,Sold,41,91,38,17305,6888388,118614
4487,411,8,15,3,4129,75,Sold,38,82,48,15346,5225472,146142
4488,694,3,9,1,3685,32,Sold,52,77,20,16554,6370387,202327
4489,16,7,39,2,3049,7,Sold,31,84,54,17088,3572457,92568
4490,417,3,22,1,4218,119,Sold,61,75,20,16500,5247524,234332
4491,320,5,35,2,4759,50,Sold,36,96,47,17554,4847434,163795
4492,807,5,12,1,3007,186,Sold,32,81,47,17232,6801080,95965
4493,204,6,33,2,3542,75,Sold,35,81,35,16466,4361836,127144
4494,397,2,24,4,4821,51,Sold,84,53,12,16301,5172367,262700
4495,328,1,15,1,4778,126,Sold,91,30,6,16251,4884338,512918
4496,110,1,25,3,4285,18,Sold,95,25,8,17916,3968946,511029
4497,125,4,30,1,3209,77,Active,78,50,24,17909,4030603,195170
4498,49,7,16,1,4515,14,Sold,40,89,57,16997,3717371,141085
4499,171,5,28,4,4601,131,Sold,40,95,55,17550,4215571,162544
4500,650,5,31,1,3930,23,Sold,42,82,49,16132,6201170,126978
4501,325,5,22,5,4092,144,Sold,40,83,39,16465,4869486,135854
4502,1046,4,26,5,4290,113,Active,71,60,17,17648,7782178,301486
4503,97,4,4,1,4437,156,Sold,66,56,21,17448,3906390,259389
4504,361,3,17,3,3712,92,Sold,55,89,20,15647,5019351,228267
4505,983,3,24,1,4205,194,Sold,58,79,20,15456,7509900,253040
4506,405,5,22,1,4498,164,Sold,33,80,57,15944,5202520,154488
4507,437,1,28,4,4003,164,Active,93,20,6,16567,5327182,309552
4508,987,7,12,2,4254,124,Sold,33,82,38,17918,7530153,141463
4509,63,6,1,2,3539,171,Sold,30,99,57,16690,3779927,107904
4510,813,1,15,1,4154,129,Active,88,24,8,18457,6826282,374317
4511,551,8,9,4,4483,62,Sold,30,90,54,16715,5787578,145429
4512,353,8,5,4,3399,94,Active,39,94,53,15277,4995949,108054
4513,823,4,24,4,4114,189,Sold,69,51,16,16494,6871737,220650
4514,823,4,35,5,4263,11,Active,73,69,20,16384,6872637,278566
4515,842,8,9,4,3142,112,Sold,44,89,57,17656,6953645,110391
4516,849,6,16,3,4836,140,Sold,34,97,37,16417,6981098,170111
4517,878,1,36,4,4447,66,Sold,92,31,9,17559,7092709,404432
4518,7,3,15,1,4105,131,Active,57,87,21,15277,3531953,252277
4519,15,6,2,1,4345,40,Sold,41,93,47,16847,3566156,140274
4520,981,5,21,4,4923,45,Sold,41,82,38,15048,7504950,168682
4521,312,3,27,3,3123,44,Sold,62,83,26,18493,4815031,163585
4522,941,4,20,2,3093,140,Sold,72,67,23,17773,7342484,186816
4523,527,2,40,2,4117,164,Sold,80,51,18,18069,5693969,232984
4524,24,8,17,1,3385,111,Sold,39,90,59,17976,3608010,108625
4525,317,8,8,5,3995,112,Sold,41,87,46,18036,4837533,142022
4526,212,4,24,3,3754,158,Active,71,61,20,15529,4392439,296482
4527,340,3,1,1,4672,135,Sold,54,70,26,15999,4941044,317517
4528,548,6,28,3,4431,69,Active,34,86,54,16840,5775877,154908
4529,454,1,26,5,3868,191,Sold,92,23,8,17492,5391989,327765
4530,878,1,37,5,4631,121,Active,94,26,11,16264,7093159,350798
4531,917,7,11,1,4651,121,Active,41,84,46,17938,7246624,148572
4532,381,1,22,4,3656,36,Sold,91,18,11,17165,5096759,475052
4533,928,5,10,4,3848,169,Active,31,89,39,16501,7289828,134357
4534,785,8,14,3,3525,102,Sold,37,95,50,17870,6712421,106018
4535,49,2,13,2,4168,73,Sold,77,53,18,16391,3717821,286648
4536,883,8,30,3,3590,65,Sold,40,94,45,16588,7112511,124846
4537,118,7,16,1,3661,13,Active,39,87,36,16842,4002250,120352
4538,28,8,16,5,3280,127,Sold,40,89,43,18255,3626012,110503
4539,801,8,22,1,3728,84,Sold,36,88,49,15912,6779477,122517
4540,216,5,12,5,3202,120,Sold,42,92,57,18355,4406840,105231
4541,953,2,7,4,4075,173,Sold,76,47,19,17807,7390189,269481
4542,654,7,2,5,3853,42,Active,34,82,56,17726,6217821,120221
4543,797,6,12,5,4301,29,Active,35,80,52,16691,6764176,132626
4544,784,8,40,1,3152,91,Active,36,91,44,16337,6708820,99137
4545,793,1,25,4,3260,103,Active,93,26,6,17604,6747974,290890
4546,348,7,24,1,4456,90,Sold,34,95,39,18470,4973897,143599
4547,326,4,8,2,3209,65,Sold,75,60,19,15725,4875337,267534
4548,225,6,30,4,4539,42,Active,33,93,48,17190,4441494,143514
4549,147,4,16,3,4606,112,Active,76,55,23,16972,4115211,299496
4550,76,2,19,1,3630,41,Active,83,52,18,17503,3827182,242655
4551,341,3,21,1,3841,8,Sold,60,81,24,15066,4944644,261827
4552,652,1,32,1,3702,128,Active,91,25,6,17078,6211521,386415
4553,386,3,35,3,4097,49,Active,57,85,21,15440,5124662,229707
4554,45,2,32,3,4232,171,Sold,80,53,16,16365,3702070,233165
4555,636,4,23,3,4563,127,Sold,67,67,21,16004,6138163,284530
4556,335,4,28,4,3747,35,Active,66,60,19,15249,4918091,260139
4557,716,2,16,2,3224,40,Active,76,52,13,17216,6445094,169152
4558,1031,6,22,1,3078,11,Sold,40,94,58,17891,7709270,106764
4559,116,4,33,1,4994,148,Sold,67,66,18,16860,3991449,378822
4560,187,4,16,3,4344,77,Sold,73,53,18,17202,4286678,240269
4561,590,2,31,3,4449,21,Sold,81,55,19,17260,5959045,291075
4562,194,1,35,1,4135,191,Sold,92,19,9,17400,4315481,516358
4563,1056,7,4,5,3496,59,Active,30,80,46,17063,7835733,112480
4564,79,2,26,4,4974,156,Sold,76,63,17,17902,3841584,287945
4565,202,4,22,4,3870,18,Sold,70,68,17,15609,4349684,220066
4566,892,1,37,1,4695,66,Sold,99,30,9,16099,7153915,379379
4567,1045,2,7,3,4404,110,Active,81,62,13,16415,7776327,223503
4568,1029,2,21,1,4333,27,Sold,77,62,13,17090,7703420,300993
4569,463,7,40,1,3125,31,Active,43,90,59,15694,5428442,94706
4570,252,8,19,5,4873,187,Sold,37,90,54,15010,4554905,173761
4571,213,8,33,5,4511,178,Sold,34,95,58,15481,4397839,160673
4572,231,3,35,3,3049,118,Sold,57,80,26,18162,4465796,202688
4573,383,7,7,4,3031,147,Sold,33,92,43,15302,5113411,106000
4574,99,5,18,3,4252,77,Sold,43,98,36,15031,3913591,148089
4575,112,2,38,4,4409,102,Sold,76,46,17,17781,3978397,265138
4576,124,8,28,3,3877,176,Sold,31,88,56,15933,4027002,120078
4577,160,8,24,5,4509,42,Sold,35,87,46,17022,4169216,148680
4578,379,6,24,4,4022,12,Sold,43,84,36,16188,5090909,124143
4579,996,5,6,3,3401,33,Active,44,96,36,17745,7563906,121164
4580,559,6,37,4,4869,92,Sold,40,87,38,15552,5821782,157804
4581,355,7,40,1,4362,149,Active,43,94,49,17256,5001800,142768
4582,608,1,4,4,4029,17,Active,91,27,9,15543,6027452,538677
4583,574,6,9,5,3972,32,Sold,41,98,42,15552,5891089,130520
4584,1001,3,19,5,4071,115,Sold,52,71,26,16095,7586858,276007
4585,289,2,12,3,3078,20,Active,80,46,17,17386,4710621,199145
4586,274,2,34,4,3996,58,Sold,78,60,15,17830,4655265,290372
4587,961,1,18,1,4099,84,Sold,91,28,5,18119,7420342,371974
4588,251,5,15,4,4648,174,Sold,42,90,56,15031,4554005,149545
4589,1085,3,15,2,4272,63,Active,61,79,20,16350,7951845,259054
4590,317,2,25,3,3437,74,Sold,76,63,15,17100,4837083,251715
4591,804,2,7,4,4882,95,Active,77,52,15,16540,6790279,251493
4592,389,5,21,2,3882,148,Sold,40,90,43,16169,5136363,117974
4593,1020,4,28,3,3595,175,Sold,69,58,23,17644,7662916,201886
4594,947,4,9,1,4374,81,Sold,67,54,21,18242,7360936,319652
4595,120,1,28,2,3474,98,Sold,88,34,9,15369,4014401,395975
4596,1014,8,28,5,4049,192,Active,40,90,52,16797,7638163,145570
4597,639,8,5,4,3329,83,Active,38,84,53,17515,6147164,101821
4598,845,6,7,4,4926,175,Sold,33,80,35,15794,6963096,152026
4599,361,7,12,4,3144,192,Sold,41,95,50,18083,5022502,99583
4600,513,8,15,2,3580,44,Sold,38,89,45,17282,5637713,109297
4601,202,7,38,3,3538,22,Sold,35,89,46,16377,4346534,116053
4602,937,6,16,5,3979,199,Sold,38,84,38,18358,7327632,136193
4603,636,2,26,2,3810,181,Active,73,54,19,18265,6135913,225009
4604,1059,5,37,1,4431,59,Active,35,84,56,15977,7853285,145106
4605,865,5,3,1,4623,108,Active,42,90,49,15752,7036903,151135
4606,137,5,11,2,3653,66,Active,32,86,48,16226,4074707,123464
4607,369,2,18,2,3680,111,Sold,73,52,18,15590,5049954,246080
4608,261,7,8,2,3378,135,Sold,32,90,57,15268,4596759,109582
4609,378,2,17,1,4714,92,Sold,81,53,18,16784,5086858,261740
4610,639,5,2,1,4884,193,Sold,31,83,59,18478,6146714,148581
4611,1081,4,24,1,3179,169,Sold,67,52,19,17611,7937893,170480
4612,525,2,26,3,4703,66,Sold,81,64,18,15967,5687668,303176
4613,680,1,38,4,4539,189,Sold,98,28,9,16565,6315931,364720
4614,778,1,5,3,4699,175,Active,89,32,5,15135,6679117,530858
4615,679,8,32,1,3056,187,Sold,39,90,42,16785,6311881,98354
4616,599,7,6,3,3327,80,Sold,31,91,50,15241,5994599,105745
4617,1024,2,29,4,3383,108,Active,78,62,14,16365,7680018,176566
4618,520,1,24,1,4411,46,Sold,88,34,5,16850,5666516,573011
4619,604,7,31,1,3330,48,Sold,30,92,57,17225,6012151,107159
4620,538,5,40,3,4424,86,Sold,40,94,54,18413,5741224,140595
4621,793,7,38,2,3997,64,Active,38,90,52,17507,6744824,136729
4622,38,3,4,5,3568,93,Sold,59,80,18,17861,3670117,191473
4623,84,4,4,4,4879,115,Sold,75,54,24,17529,3859585,384238
4624,905,3,38,5,3329,136,Sold,61,78,22,16331,7197119,193774
4625,362,1,23,2,3781,78,Active,93,19,8,18276,5027002,351293
4626,502,3,37,3,3850,132,Active,55,80,23,16506,5596759,215711
4627,117,1,27,3,4918,196,Active,94,34,5,18145,4000450,530505
4628,681,4,19,3,3013,55,Sold,76,66,20,18272,6320882,173368
4629,948,7,18,4,4805,49,Sold,42,91,39,17341,7366786,154548
4630,805,3,9,5,4613,133,Sold,53,78,19,15541,6792979,259406
4631,735,5,23,2,4059,15,Sold,35,96,44,17937,6519801,125472
4632,955,7,5,5,4300,174,Sold,41,95,37,15039,7398289,152547
4633,100,5,34,5,3270,56,Sold,36,95,43,15415,3920342,100088
4634,344,3,27,2,3602,117,Sold,63,72,18,15241,4954995,198300
4635,1093,7,40,2,4535,67,Sold,37,91,37,15919,7985598,142172
4636,899,7,31,5,4918,104,Sold,42,91,36,18340,7174617,169927
4637,331,1,18,2,3841,140,Active,92,23,7,16639,4897389,418304
4638,1037,8,2,5,3750,60,Sold,31,90,41,16770,7738523,129968
4639,183,7,35,2,4248,124,Sold,37,92,48,16948,4264626,140745
4640,908,7,33,4,3353,40,Active,39,98,56,15168,7207020,110817
4641,468,3,32,4,4274,115,Active,56,71,20,16487,5453645,210390
4642,20,4,4,2,3436,163,Sold,77,64,15,16317,3594059,281553
4643,231,3,38,1,3221,27,Sold,64,71,20,15934,4465346,201413
4644,287,8,36,4,3309,140,Sold,44,87,40,17351,4703420,110362
4645,499,3,14,5,4754,51,Sold,60,73,22,17796,5581908,247375
4646,387,2,7,1,3897,96,Sold,84,57,15,16574,5128262,287008
4647,791,6,25,3,4450,105,Active,32,89,36,15912,6738073,133749
4648,559,6,3,4,3433,169,Sold,40,88,53,18129,5819531,106011
4649,878,3,30,5,3320,125,Sold,62,77,26,16299,7091359,230041
4650,36,6,27,3,4112,45,Sold,34,91,49,16274,3662016,136897
4651,526,3,38,2,4255,95,Sold,51,89,21,17000,5689018,243549
4652,850,6,13,4,3373,7,Sold,31,94,40,16047,6987848,110297
4653,736,6,32,5,3565,192,Active,36,92,46,18248,6524302,120754
4654,264,7,20,5,3634,155,Active,32,88,35,15347,4608010,126507
4655,488,7,26,5,3629,10,Active,42,87,47,15426,5534203,128728
4656,745,5,15,5,3993,171,Sold,41,99,38,17719,6553555,143508
4657,286,8,19,3,4117,165,Sold,41,80,53,15857,4697569,130295
4658,208,4,13,2,3647,72,Sold,74,57,15,15003,4378937,222906
4659,530,8,37,4,3098,70,Sold,33,95,39,17578,5707470,105821
4660,645,1,33,5,3144,58,Sold,95,21,8,16747,6175067,295332
4661,1077,4,40,2,3326,18,Sold,79,68,22,18039,7922592,268162
4662,207,5,34,1,4071,35,Sold,40,84,46,15970,4372637,142273
4663,439,6,9,3,3994,47,Active,32,87,48,17245,5333483,131147
4664,52,1,1,1,3007,119,Active,89,21,8,15885,3732223,301985
4665,383,4,25,5,3599,46,Active,77,60,17,17605,5112061,235340
4666,332,7,12,3,3739,168,Sold,36,82,55,16150,4905490,119476
4667,695,6,29,4,3445,55,Active,35,91,39,18013,6371737,113203
4668,968,7,20,5,4287,178,Active,40,93,39,18090,7450495,132914
4669,533,2,20,2,3033,103,Active,81,58,13,17716,5721422,190298
4670,526,3,2,2,4642,64,Sold,58,89,23,18421,5690369,294533
4671,137,3,8,3,3935,116,Sold,62,75,18,15721,4072907,272604
4672,596,3,3,5,3317,76,Sold,56,82,26,15770,5982898,199795
4673,372,4,23,3,4613,154,Active,68,55,22,18184,5062556,252435
4674,338,7,23,5,4139,180,Active,40,97,52,18051,4932943,147638
4675,423,4,26,1,4133,71,Active,75,64,19,18217,5266426,297497
4676,423,3,32,3,3864,121,Sold,53,80,23,15564,5266876,262950
4677,598,7,30,2,3287,101,Sold,35,84,59,16515,5989198,107163
4678,51,4,19,4,4845,197,Active,77,61,18,17710,3725472,399298
4679,484,6,10,3,3513,41,Sold,32,88,56,16869,5518451,109795
4680,364,2,9,1,4623,86,Sold,82,61,19,16765,5031953,342263
4681,772,2,33,1,3892,174,Sold,80,53,18,15127,6652115,295913
4682,750,7,24,2,4946,134,Active,33,81,55,16404,6573807,172685
4683,13,4,9,4,4442,139,Sold,76,53,16,17331,3558955,284977
4684,783,5,19,1,4854,84,Sold,37,86,52,16456,6703420,164512
4685,1083,7,1,2,3211,182,Active,44,92,45,15603,7945094,98533
4686,705,5,24,3,4241,98,Sold,39,98,43,15997,6407740,139554
4687,168,1,22,2,3158,97,Sold,91,29,7,16870,4204770,243513
4688,314,7,15,5,4854,72,Active,40,94,53,17964,4820882,171938
4689,115,4,22,1,4207,46,Active,74,63,15,15429,3990549,339311
4690,383,5,9,4,4509,108,Sold,30,98,45,16522,5110711,160764
4691,73,3,27,4,3557,178,Sold,54,86,19,16532,3814131,174845
4692,318,5,24,4,4937,7,Sold,41,98,35,17289,4842934,163523
4693,1005,4,33,4,3050,23,Sold,67,57,23,15797,7602610,167256
4694,1093,7,4,2,3047,181,Sold,31,98,39,15380,7984698,94122
4695,560,6,4,1,4362,160,Sold,42,83,51,17631,5829432,153822
4696,1066,7,20,2,4717,194,Active,38,96,54,16911,7876687,143652
4697,502,3,11,3,3263,112,Active,64,85,19,17242,5595409,182227
4698,396,3,10,4,4010,141,Sold,62,72,20,17584,5170567,221390
4699,979,1,14,5,4886,84,Sold,95,28,5,17994,7495949,619765
4700,194,6,19,3,4037,133,Sold,39,98,42,16964,4315031,136103
4701,414,7,13,5,4415,65,Sold,34,98,36,15773,5236723,138861
4702,761,7,23,4,4107,17,Active,43,82,38,16264,6613411,131794
4703,582,8,32,1,4090,8,Sold,43,96,55,17729,5925292,141040
4704,7,5,12,3,3516,136,Sold,38,94,36,16558,3532853,115740
4705,908,4,20,2,4585,16,Sold,79,53,16,15169,7208820,364439
4706,1068,8,23,5,3621,17,Active,33,83,38,16921,7883438,108746
4707,593,1,27,2,4324,139,Active,95,22,9,16086,5974797,509800
4708,445,6,8,1,3638,165,Sold,33,99,35,18489,5358685,126071
4709,466,7,22,1,3960,60,Sold,31,80,35,18235,5441944,130363
4710,895,3,4,2,4676,35,Sold,64,82,21,16376,7161116,326003
4711,456,3,10,2,3140,11,Active,54,71,19,15287,5396939,197634
4712,878,2,39,4,4090,114,Active,82,52,17,15195,7093609,290239
4713,569,1,3,4,3917,76,Sold,89,22,6,16626,5870387,451229
4714,329,3,23,2,3336,131,Active,52,78,27,16322,4891089,225514
4715,207,8,1,4,4505,138,Active,41,84,41,17193,4375337,142655
4716,472,3,24,1,3698,25,Sold,61,78,23,15431,5467146,246920
4717,405,5,10,3,4431,129,Active,40,98,56,16123,5204770,159046
4718,704,3,10,1,3168,172,Active,59,78,26,15939,6403690,156677
4719,956,1,26,2,4918,194,Sold,93,28,11,17850,7400990,612967
4720,56,6,4,1,4054,161,Sold,43,83,41,18397,3747524,121879
4721,1060,2,33,3,3627,36,Sold,75,57,12,15473,7854635,274719
4722,757,2,8,5,4886,149,Sold,82,57,12,16751,6599909,345700
4723,964,3,20,4,4091,13,Sold,60,87,23,15282,7432943,206383
4724,827,3,5,5,4606,40,Sold,63,80,21,17502,6891989,306384
4725,743,6,10,5,3271,163,Sold,38,82,53,15865,6547254,104129
4726,197,7,2,4,4824,12,Sold,38,96,48,16022,4324032,159250
4727,567,6,29,1,3074,11,Sold,38,90,37,18477,5859585,97538
4728,733,5,25,2,4036,146,Sold,40,91,56,16378,6513051,126521
4729,234,4,5,1,4257,123,Sold,67,50,16,16718,4480648,322693
4730,621,3,15,2,3233,74,Sold,61,77,21,15018,6079207,185403
4731,185,5,26,1,3438,61,Sold,33,82,42,16547,4274977,119409
4732,576,2,19,2,4662,115,Active,72,52,13,17929,5900990,360292
4733,1074,1,15,2,3864,49,Sold,99,25,10,15990,7910891,422055
4734,848,4,28,4,3386,182,Active,67,67,18,18086,6975247,268473
4735,542,4,16,5,4873,182,Active,78,63,21,18406,5753825,276879
4736,875,4,26,2,3743,132,Active,74,61,16,16170,7081008,239844
4737,301,1,25,5,4699,189,Active,91,28,11,17468,4767326,554670
4738,546,7,14,4,4924,85,Sold,31,88,54,15172,5769576,167741
4739,1049,5,26,4,4922,54,Active,43,81,36,16587,7799279,175873
4740,149,1,1,5,3635,20,Sold,94,34,5,15241,4127812,406057
4741,1088,4,21,2,4009,99,Sold,65,56,23,18382,7963096,249634
4742,605,2,32,3,3406,146,Sold,77,53,18,17676,6016201,212175
4743,121,8,11,1,3959,182,Active,44,84,59,18223,4014851,127361
4744,384,8,40,5,3143,112,Sold,41,80,55,17665,5116561,104756
4745,753,3,29,3,4929,12,Sold,60,74,18,17283,6583708,320377
4746,244,2,31,3,4814,87,Sold,83,48,19,17604,4524302,275838
4747,372,4,16,4,4737,145,Active,65,69,22,17689,5064806,299492
4748,225,2,27,3,4021,41,Sold,83,53,16,17897,4441044,313828
4749,359,1,8,4,4818,35,Sold,90,31,7,16795,5013501,514418
4750,22,8,22,2,4471,156,Active,38,87,36,16914,3599909,139620
4751,1035,6,18,3,3904,80,Active,33,96,52,15394,7731773,132275
4752,1054,2,5,5,4137,138,Sold,77,54,19,16562,7828532,214945
4753,531,8,27,4,4173,18,Sold,38,80,47,16075,5711971,136040
4754,143,8,27,3,4784,51,Sold,34,90,38,17426,4098559,146831
4755,962,8,13,2,3406,81,Sold,35,80,50,16962,7425742,114162
4756,404,8,13,3,4513,153,Active,30,84,38,18099,5198919,146185
4757,1037,6,21,4,3029,24,Active,31,80,57,18409,7739423,92039
4758,1055,8,25,3,4891,170,Sold,37,91,36,16411,7831683,147111
4759,393,5,5,5,4004,59,Sold,31,91,39,15989,5154815,130955
4760,180,5,3,3,4345,174,Sold,35,95,57,16476,4252925,145523
4761,773,5,22,3,3914,186,Sold,37,87,35,15667,6657965,132951
4762,503,4,25,4,4497,199,Sold,75,50,23,16109,5602610,296690
4763,232,3,38,5,3305,188,Sold,51,71,26,15634,4472997,196470
4764,785,2,34,1,4717,85,Sold,81,51,15,18046,6713771,330203
4765,761,7,14,5,4532,49,Active,39,91,37,16886,6612061,144290
4766,441,8,1,3,4139,186,Sold,39,95,58,16498,5342034,130072
4767,79,8,5,3,4233,78,Sold,32,86,37,16756,3841134,144870
4768,306,3,33,3,3640,15,Sold,53,74,24,15042,4786228,201219
4769,640,4,16,3,4192,97,Active,71,61,24,18308,6152115,288496
4770,799,3,33,3,3539,199,Active,62,77,26,17739,6771377,240414
4771,128,4,35,1,4326,139,Active,71,56,19,15451,4041854,279654
4772,370,5,1,2,4784,25,Sold,35,87,47,17878,5054005,143568
4773,690,5,31,5,3931,148,Active,31,80,45,15373,6353735,118850
4774,33,4,21,2,4627,177,Sold,76,59,21,17649,3649864,328862
4775,602,4,33,1,3038,167,Active,74,64,18,16289,6007650,246473
4776,957,8,30,1,4984,109,Sold,42,89,44,17102,7407740,151693
4777,684,5,15,3,4494,129,Active,33,97,54,15653,6331683,154962
4778,219,2,32,5,4720,139,Sold,83,48,18,15407,4424842,261069
4779,328,5,31,5,4336,199,Sold,40,87,37,17385,4886138,150095
4780,169,1,8,1,4105,87,Sold,91,24,6,16053,4206570,457851
4781,242,3,15,1,4118,96,Active,56,75,20,17144,4513501,230213
4782,236,4,34,3,4790,99,Sold,68,57,24,15133,4490549,394631
4783,139,3,18,5,4622,49,Active,58,89,19,16453,4084158,268727
4784,1072,7,8,3,4425,132,Sold,40,84,38,15777,7901890,139954
4785,115,8,10,5,3571,29,Active,37,92,51,15991,3990099,117172
4786,330,8,22,3,3381,38,Sold,39,83,37,17669,4892439,113933
4787,334,6,18,3,3737,88,Active,30,82,44,16396,4915391,134285
4788,499,2,12,5,3859,110,Active,77,61,17,16153,5583708,281821
4789,589,5,30,1,3517,101,Sold,43,89,46,18237,5956795,118481
4790,19,6,35,5,3177,136,Sold,34,92,44,17029,3587308,97585
4791,417,7,35,4,4533,155,Sold,34,88,51,16732,5245274,156515
4792,653,8,19,4,3379,134,Active,44,81,41,16293,6214221,120759
4793,1085,6,30,1,3146,9,Active,43,94,45,17237,7953645,107354
4794,458,4,33,3,4461,89,Active,66,65,16,15675,5403690,236935
4795,315,8,7,5,4429,94,Sold,35,88,53,18336,4827632,142844
4796,509,6,3,1,4867,44,Active,31,90,46,17693,5620612,148745
4797,202,5,9,1,3391,82,Active,40,97,54,17121,4350585,118068
4798,334,6,10,4,3876,86,Sold,30,88,55,18440,4913141,127815
4799,918,1,9,3,3833,59,Sold,94,23,7,16837,7252475,465278
4800,13,6,40,5,4443,31,Sold,43,89,38,16163,3556705,159157
4801,172,5,5,4,3546,178,Active,35,91,36,17226,4220522,126996
4802,967,1,3,1,3155,158,Sold,97,23,11,17600,7449144,278058
4803,160,5,40,4,4317,42,Sold,30,99,43,16194,4170117,136702
4804,656,7,9,4,3498,147,Active,34,96,37,16035,6227272,113069
4805,796,8,5,3,3379,17,Sold,38,96,49,17533,6761476,113075
4806,86,5,7,4,3337,82,Sold,37,92,45,17695,3865886,111736
4807,792,5,33,3,3809,76,Active,32,97,55,17269,6740774,123084
4808,505,5,17,2,3932,87,Sold,35,93,55,18301,5607560,120186
4809,762,8,5,5,4940,42,Sold,36,95,41,16627,6617011,167664
4810,827,3,29,3,4492,123,Sold,52,85,22,17832,6890639,283722
4811,954,4,37,3,4324,69,Sold,66,55,21,16011,7393789,357041
4812,6,8,29,3,4514,88,Sold,33,95,59,17535,3526102,162314
4813,143,3,5,5,4623,69,Sold,55,86,21,16294,4100360,268829
4814,40,3,15,5,3385,122,Sold,52,85,26,15482,3676867,179746
4815,90,7,19,2,3926,192,Sold,36,94,41,15667,3883888,127202
4816,869,4,34,4,4802,126,Sold,75,50,18,16088,7053555,268357
4817,842,1,11,4,3619,122,Active,95,25,10,15501,6954095,476631
4818,297,2,31,2,3934,67,Active,78,47,19,18194,4751575,272373
4819,573,2,13,4,4942,22,Sold,77,59,18,15432,5882988,266886
4820,615,3,10,4,4693,147,Sold,60,81,19,15872,6057155,271278
4821,1065,4,36,2,4020,199,Active,66,57,22,16184,7874437,239753
4822,567,7,11,4,4018,61,Sold,42,80,47,16526,5860936,129420
4823,729,8,21,5,3960,90,Sold,41,82,47,17460,6499549,141222
4824,957,3,8,4,4239,143,Sold,61,77,25,18091,7404590,226302
4825,980,8,31,3,3428,121,Sold,34,92,35,17600,7499099,118492
4826,307,2,24,2,3403,187,Sold,76,60,18,15883,4788028,224670
4827,598,7,30,1,3436,57,Active,38,98,45,16199,5989648,104949
4828,463,7,9,4,4883,179,Active,34,86,46,16182,5427092,157701
4829,962,2,24,2,3872,86,Sold,73,54,19,15345,7427992,235707
4830,502,6,5,4,4868,36,Sold,44,92,39,18034,5598559,149808
4831,205,7,16,4,3020,98,Sold,39,98,38,16380,4362736,96900
4832,229,5,1,2,3363,41,Active,30,84,37,18189,4460846,108847
4833,98,3,30,3,4997,147,Active,63,87,24,15539,3910891,318929
4834,807,3,7,4,3040,127,Sold,63,71,18,15783,6801530,165979
4835,158,6,7,2,4725,115,Sold,44,84,51,17151,4162016,162729
4836,26,4,8,5,4605,40,Sold,74,58,23,18435,3621512,374893
4837,308,7,7,5,4784,163,Sold,39,82,43,18091,4797479,163307
4838,970,5,33,2,4568,102,Active,35,94,43,16322,7463996,141142
4839,314,2,22,4,4446,113,Sold,80,49,16,17010,4823132,288414
4840,1006,5,25,1,3902,85,Sold,42,99,39,15212,7603960,129125
4841,795,8,30,4,4706,44,Sold,36,98,56,16241,6756075,166508
4842,828,7,14,5,4008,63,Sold,44,93,55,16280,6899639,139735
4843,94,7,7,1,3720,109,Sold,41,80,56,16754,3897839,129709
4844,965,6,2,5,4554,192,Sold,42,97,58,17148,7440594,143906
4845,751,7,35,5,3565,143,Active,43,85,49,17258,6578307,111570
4846,808,7,35,2,4320,103,Sold,40,80,46,17540,6803330,133842
4847,527,7,25,5,4570,121,Sold,44,81,49,17825,5692619,150015
4848,117,5,13,5,3654,138,Sold,34,89,56,16221,3996849,128270
4849,412,1,12,2,4507,65,Sold,89,25,10,16066,5231323,412774
4850,890,7,10,1,3904,87,Active,36,85,51,18274,7142664,126833
4851,745,2,36,3,4919,102,Sold,76,60,17,16835,6553105,377758
4852,239,3,28,3,3191,8,Sold,64,87,27,16266,4502700,201763
4853,1080,5,29,2,4024,48,Sold,42,97,35,15844,7932943,129034
4854,749,2,38,4,4408,13,Sold,77,63,19,16521,6567506,343847
4855,945,8,32,5,3147,12,Active,30,96,56,15762,7355085,97135
4856,1022,7,38,4,3383,117,Active,37,96,48,15824,7668766,111544
4857,694,2,8,5,4201,33,Sold,84,63,16,17566,6367236,225469
4858,231,5,26,3,3906,150,Sold,38,90,38,15710,4468496,127687
4859,136,7,32,4,4904,189,Sold,31,81,55,18125,4069756,171885
4860,725,4,16,5,4770,193,Sold,67,66,20,17472,6482898,372749
4861,915,7,8,5,3312,11,Sold,39,80,46,17836,7241674,112310
4862,399,4,3,3,3836,151,Sold,69,61,22,16526,5184518,268976
4863,513,8,1,2,3741,94,Sold,30,83,44,15545,5633663,122944
4864,372,6,9,3,3578,10,Active,40,81,37,16657,5066156,107576
4865,757,6,8,1,3454,163,Active,39,90,45,17741,6601710,123860
4866,73,5,38,5,3872,51,Sold,40,84,56,18465,3809630,128806
4867,280,1,5,1,3286,30,Active,97,20,10,16396,4678667,398789
4868,829,7,23,4,4908,39,Active,30,93,36,16591,6903690,163878
4869,189,3,18,3,4671,199,Sold,61,72,22,18259,4292079,300872
4870,406,7,1,4,4066,49,Active,41,98,41,15005,5206570,129356
4871,925,3,8,1,4875,177,Sold,58,75,25,17168,7274527,255918
4872,467,6,40,2,4863,92,Sold,34,87,59,18045,5443294,155558
4873,915,3,37,4,3714,34,Sold,62,79,23,16002,7240324,257579
4874,647,1,34,1,3441,77,Sold,93,22,10,16112,6185868,311780
4875,665,5,24,5,4420,185,Active,42,80,59,16517,6254275,139478
4876,140,3,28,5,3122,49,Sold,64,84,23,15418,4088208,213245
4877,1006,1,33,2,4387,46,Active,89,27,6,16503,7605760,457400
4878,629,2,25,1,4347,117,Sold,75,61,19,17491,6104860,282381
4879,34,6,26,2,3810,31,Sold,44,82,43,17664,3654815,119985
4880,760,7,34,1,4177,48,Active,30,82,39,17765,6607560,141007
4881,855,6,3,3,4453,188,Sold,34,88,42,15507,7006300,154947
4882,940,6,14,3,4121,38,Sold,43,81,40,16970,7339333,146716
4883,859,4,22,1,4784,116,Sold,65,62,16,16417,7018001,315775
4884,453,4,1,3,4965,150,Active,70,51,21,16464,5388388,312256
4885,28,3,2,3,3548,14,Active,51,86,20,16478,3626462,229706
4886,264,3,12,5,3695,72,Active,51,87,23,15471,4608460,216391
4887,936,7,22,3,4112,126,Active,33,91,39,15437,7323132,125580
4888,464,4,23,4,3132,19,Active,68,57,20,17349,5432943,205998
4889,304,3,26,3,4329,20,Active,50,74,18,17978,4780828,214441
4890,308,5,2,4,4227,98,Sold,39,83,58,18144,4795229,133810
4891,116,7,18,3,3101,35,Sold,33,83,46,15568,3991899,93898
4892,59,4,16,2,4720,138,Sold,74,50,20,15551,3756975,370676
4893,809,5,18,2,4640,169,Sold,30,85,45,18324,6809630,154401
4894,1029,7,26,4,4051,154,Sold,33,92,59,17666,7701170,127242
4895,427,2,30,3,4720,139,Active,73,51,17,17917,5284878,322034
4896,555,1,6,4,3668,141,Sold,94,33,8,15517,5801530,276586
4897,478,4,2,3,4452,164,Active,79,65,21,17039,5491899,372472
4898,114,6,3,2,3287,139,Sold,42,89,53,15979,3986048,101831
4899,1095,5,9,5,4155,112,Active,35,89,40,18009,7993699,142408
4900,386,2,39,5,4017,137,Active,84,54,12,17903,5123762,291223
4901,700,5,20,3,3478,51,Sold,38,88,49,17311,6388838,105849
4902,442,2,7,1,4822,50,Sold,75,62,16,16883,5347434,329979
4903,934,1,19,2,4469,57,Sold,91,30,11,16243,7315481,387552
4904,467,5,38,3,4519,152,Active,42,91,44,17141,5445094,149362
4905,675,1,26,2,3352,31,Sold,98,33,5,15869,6292079,373195
4906,969,2,6,4,3385,187,Active,78,63,13,18266,7456345,251243
4907,922,5,26,2,3160,33,Sold,34,92,36,16940,7266426,102643
4908,730,7,6,3,4802,159,Sold,42,86,51,15266,6502700,169914
4909,740,5,17,1,3290,131,Sold,31,98,51,16945,6536453,99687
4910,470,5,15,3,3107,75,Sold,41,82,49,15332,5459495,100064
4911,914,2,9,1,3246,103,Active,75,45,17,15480,7235823,238036
4912,931,1,7,3,4670,56,Sold,97,26,9,16500,7305130,358528
4913,172,1,3,4,4145,98,Sold,91,34,7,17100,4222322,378604
4914,709,2,40,2,4296,39,Active,76,62,16,15353,6419891,257729
4915,722,4,27,1,3783,99,Sold,77,60,18,16924,6466246,224691
4916,938,1,28,3,4536,178,Active,99,26,8,17728,7332583,357425
4917,991,4,21,4,4525,102,Active,67,53,23,17799,7548604,250771
4918,872,6,7,2,3284,85,Active,42,93,57,18289,7066606,100589
4919,1041,6,6,1,3092,56,Active,41,94,48,18484,7759675,99389
4920,407,7,13,2,3724,47,Sold,44,83,39,15954,5209720,118632
4921,630,6,2,2,4827,117,Active,35,85,49,18251,6110261,162593
4922,166,5,36,1,4522,189,Active,42,84,42,15985,4192619,158994
4923,398,2,5,3,3348,98,Sold,83,49,16,15209,5180468,187394
4924,383,6,2,4,4822,100,Sold,35,85,58,15046,5111611,169223
4925,666,2,14,5,4201,194,Sold,75,61,18,15518,6256975,257005
4926,975,7,21,3,3929,20,Sold,33,97,50,16523,7482448,124589
4927,391,8,20,1,3071,193,Sold,30,89,41,18138,5145364,102406
4928,498,6,28,2,3219,42,Sold,37,84,55,15202,5579657,98019
4929,478,2,13,5,4832,127,Sold,84,48,18,18329,5493699,255479
4930,360,4,24,4,3253,98,Active,68,60,22,17521,5018001,206988
4931,1043,2,11,4,3922,191,Active,84,46,14,18306,7766426,205971
4932,1068,8,19,4,4425,168,Sold,37,83,50,15022,7883888,145202
4933,308,6,18,1,3869,139,Sold,31,88,47,18200,4797029,124798
4934,503,3,15,3,4910,16,Sold,54,79,19,16113,5601710,287121
4935,189,1,8,5,3265,79,Active,99,34,5,15253,4294779,282749
4936,272,5,20,3,3379,75,Sold,37,93,51,15846,4643114,113960
4937,257,1,4,3,3400,195,Active,96,20,8,16181,4576507,261468
4938,635,8,31,1,3486,22,Sold,37,94,42,16093,6132313,125175
4939,688,1,10,4,4924,158,Active,90,34,6,17413,6346534,565718
4940,20,6,37,5,4602,96,Sold,38,91,41,17395,3590009,159110
4941,752,7,22,5,3159,196,Sold,40,83,48,17044,6581458,96457
4942,5,6,15,3,4419,52,Active,38,92,53,15657,3522952,144272
4943,944,3,3,2,4308,19,Sold,63,84,18,16496,7352385,288588
4944,319,4,32,5,3514,42,Sold,70,52,22,17501,4846534,274575
4945,401,8,24,5,4213,100,Sold,31,97,39,15022,5192169,139206
4946,827,5,19,1,4985,22,Sold,36,90,51,17917,6888838,161614
4947,694,5,6,1,3017,189,Sold,32,91,37,16009,6368586,100563
4948,373,4,13,3,3425,145,Sold,76,67,19,15957,5070657,267717
4949,29,1,12,4,3305,183,Sold,93,33,5,17776,3633663,394369
4950,718,8,19,3,4874,72,Sold,33,82,44,18068,6453195,166067
4951,617,3,27,1,4412,67,Sold,64,70,23,17484,6062106,249995
4952,390,4,2,1,3217,53,Sold,72,68,17,15662,5141764,268584
4953,204,1,5,2,4694,68,Sold,88,29,9,17843,4357785,605467
4954,428,7,6,5,3678,106,Active,31,94,50,16479,5289828,120182
4955,424,4,1,2,3268,71,Sold,72,50,20,18114,5269126,200108
4956,293,3,6,4,3333,93,Sold,61,79,18,15661,4732223,165039
4957,147,1,16,4,3086,187,Active,90,28,10,17090,4117911,360090
4958,1055,4,35,5,3831,53,Sold,74,69,20,16870,7830333,263785
4959,239,4,37,4,3875,12,Sold,68,50,18,17365,4498649,253700
4960,919,6,30,1,3234,161,Sold,38,94,46,15385,7257875,102938
4961,914,2,3,4,4531,59,Sold,82,51,12,16480,7236723,288701
4962,861,4,12,5,4389,59,Sold,79,57,23,16101,7023852,319873
4963,942,3,30,3,4741,39,Sold,64,73,20,17960,7345184,331430
4964,569,5,30,4,3011,16,Sold,44,93,35,17340,5869486,97472
4965,756,6,13,4,4507,134,Sold,32,91,50,16932,6598109,160711
4966,111,6,27,1,3343,50,Active,33,80,36,16461,3972097,117032
4967,426,4,23,3,3303,185,Sold,74,51,15,15707,5283528,255857
4968,293,2,10,2,3022,92,Sold,79,52,17,17206,4728622,223995
4969,737,8,5,5,4649,151,Sold,35,98,45,17433,6527452,166843
4970,575,6,36,2,4160,53,Sold,36,99,36,15190,5897389,126539
4971,348,4,15,2,4385,34,Sold,69,61,15,16548,4972547,295670
4972,1056,7,30,1,4762,177,Sold,40,95,58,16390,7838433,169946
4973,1051,1,26,3,4743,90,Sold,89,18,5,17011,7810531,456478
4974,736,3,8,4,4331,27,Sold,50,87,26,16390,6525202,270088
4975,271,3,17,5,3931,91,Sold,61,73,26,17256,4640414,276415
4976,661,6,10,3,4320,65,Sold,30,84,35,18282,6243024,133402
4977,591,7,32,5,3032,75,Active,30,96,46,16081,5965796,96842
4978,1044,8,1,5,3745,161,Sold,37,92,54,17662,7768676,116964
4979,686,3,3,3,3274,17,Active,59,73,27,17288,6340234,180086
4980,746,7,28,5,4986,8,Sold,38,91,47,16413,6557155,178200
4981,475,4,34,5,4172,39,Sold,76,52,21,16316,5478847,254265
4982,1052,5,31,3,4476,94,Sold,40,98,50,17516,7813681,151119
4983,603,7,32,2,3910,158,Active,41,88,42,15803,6008550,131673
4984,189,4,28,4,4350,69,Sold,79,64,24,15301,4293429,316787
4985,786,7,27,2,3772,146,Sold,38,87,37,15304,6719621,129508
4986,189,7,7,5,4469,76,Active,37,82,41,17504,4294329,143687
4987,537,1,6,1,3180,79,Sold,91,29,6,18275,5736273,326785
4988,1052,8,1,2,4699,35,Active,36,98,40,16600,7813231,160602
4989,514,1,25,5,3038,44,Active,95,20,6,18187,5641764,296714
4990,829,7,32,5,4649,158,Sold,30,97,39,18364,6902790,153333
4991,767,2,19,4,3884,120,Active,84,63,19,16783,6638613,235698
4992,400,3,23,2,3410,15,Active,55,86,19,18435,5186768,170882
4993,193,4,6,5,4326,27,Active,79,62,15,17296,4307830,282879
4994,316,6,40,3,3666,69,Sold,44,99,54,17449,4830783,112458
4995,337,2,16,4,4750,63,Sold,81,64,13,16460,4924842,268328
4996,815,2,24,3,4582,144,Sold,77,52,14,16290,6835283,338689
4997,1080,4,25,5,4761,29,Sold,65,54,23,15093,7935193,333603
4998,149,1,28,2,3824,109,Sold,94,34,5,16231,4123762,408700
4999,860,1,19,4,4984,166,Sold,93,22,9,15272,7018451,539406
5000,841,1,23,2,3700,170,Sold,98,22,9,16627,6949594,352000
5001,332,1,5,4,4234,91,Sold,93,33,7,16480,4902340,562307
5002,275,2,37,2,4290,63,Active,75,45,15,15995,4659765,273261
5003,1018,6,10,4,4527,19,Active,44,98,47,15889,7655715,156109
5004,832,8,14,2,4236,69,Sold,35,83,49,16517,6914491,138831
5005,843,5,12,5,4795,149,Sold,43,80,50,16882,6956795,148655
5006,850,6,31,5,4362,65,Active,33,95,45,16268,6984698,137386
5007,272,5,16,4,3891,31,Active,43,97,54,17316,4647614,136317
5008,820,5,36,5,3695,34,Sold,38,83,43,18375,6851935,113769
5009,20,5,39,3,3815,79,Active,41,82,43,16909,3590909,128298
5010,483,8,35,2,3961,82,Sold,33,83,47,15853,5514401,140655
5011,559,1,2,4,4899,151,Sold,92,30,10,17206,5819981,376770
5012,46,4,7,3,4007,101,Sold,65,55,23,17705,3707920,217506
5013,994,6,1,4,3649,70,Sold,42,80,37,18246,7554455,127956
5014,677,2,28,1,3415,173,Sold,78,54,16,15879,6298829,231238
5015,1047,8,23,1,3341,176,Active,33,81,49,17146,7786228,110681
5016,772,7,9,1,3810,124,Sold,41,99,35,17392,6654365,126721
5017,192,3,8,1,4144,120,Sold,64,75,20,15405,4301980,262405
5018,130,3,18,2,3870,46,Sold,59,71,27,16010,4046804,192745
5019,741,5,13,2,3059,197,Sold,34,99,52,16457,6540504,94382
5020,550,5,20,2,3716,85,Active,31,91,44,17117,5784878,131821
5021,473,4,34,3,4412,132,Sold,66,53,16,16341,5473897,331957
5022,753,3,23,2,4174,106,Active,50,87,23,17373,6582808,261366
5023,991,1,6,4,3082,124,Active,99,24,10,15144,7547704,330976
5024,603,3,13,2,3311,97,Active,63,87,25,17778,6010351,222934
5025,916,8,17,4,4244,114,Sold,33,94,43,15016,7245274,132362
5026,880,5,21,5,4164,177,Active,36,84,52,16475,7100360,130883
5027,782,4,29,4,3370,126,Active,69,59,19,18496,6696219,216285
5028,833,1,27,3,3186,76,Sold,96,25,7,15382,6919891,347704
5029,751,3,17,3,3334,69,Sold,62,81,26,15838,6576057,174851
5030,75,1,21,5,3824,62,Sold,88,32,6,15415,3822232,305184
5031,743,4,14,3,3307,106,Sold,79,51,17,15651,6546804,270357
5032,46,2,7,2,4914,141,Sold,84,61,14,16469,3703870,346209
5033,580,7,9,4,3201,41,Sold,43,96,46,16157,5919441,111875
5034,977,6,11,1,3121,37,Active,44,87,38,17104,7490999,107125
5035,201,7,8,2,3191,101,Sold,37,95,53,15485,4342934,107664
5036,681,2,17,3,4997,160,Sold,83,49,12,17953,6319981,302330
5037,238,2,25,2,3094,33,Active,81,59,14,15243,4494599,224749
5038,725,7,18,5,4763,58,Sold,30,90,43,18497,6481098,151702
5039,397,8,7,5,3678,79,Sold,30,83,44,16164,5175067,118336
5040,108,2,4,5,3468,73,Sold,72,52,16,15077,3959495,223747
5041,765,8,30,4,3007,193,Active,41,98,48,16613,6628262,91924
5042,471,4,32,3,3818,134,Sold,73,54,22,16216,5462646,264160
5043,1073,5,34,2,4379,23,Active,30,95,47,16482,7903690,143333
5044,242,7,23,5,4403,122,Sold,43,93,46,18425,4514401,132662
5045,560,6,10,2,3283,109,Sold,44,96,44,17282,5828082,100289
5046,573,2,1,3,3294,164,Sold,81,59,18,17992,5885238,197736
5047,399,1,11,4,4486,118,Active,95,24,10,15848,5184068,597827
5048,593,2,25,5,3288,142,Sold,83,52,13,16745,5972547,233889
5049,394,4,7,1,4963,9,Sold,67,58,19,16449,5162466,321406
5050,23,1,33,3,3595,164,Sold,88,32,11,15614,3605760,271746
5051,659,8,6,4,4262,106,Sold,34,84,47,16157,6237173,144328
5052,618,4,23,3,3714,125,Sold,77,59,16,16417,6067056,272615
5053,947,3,33,4,3371,20,Sold,57,74,25,16810,7365436,184655
5054,988,2,2,1,4552,127,Sold,82,46,17,15581,7535553,282927
5055,924,6,10,4,3419,157,Sold,32,98,44,18028,7271377,122140
5056,256,4,39,2,4820,134,Sold,70,61,17,16670,4572007,271911
5057,227,4,28,2,4837,136,Sold,71,63,20,15564,4451395,356654
5058,634,2,14,2,4424,159,Sold,73,61,15,17916,6126912,291917
5059,470,4,22,4,4843,117,Sold,71,68,20,16559,5460846,388607
5060,1011,8,21,5,3298,152,Sold,39,87,45,18071,7630963,116274
5061,130,4,24,1,3201,58,Sold,77,62,15,15643,4047254,268503
5062,529,5,28,2,4759,51,Sold,39,93,54,17717,5701170,149842
5063,764,4,1,2,3217,152,Sold,79,68,24,15307,6624212,241584
5064,144,4,19,2,3894,153,Sold,68,52,18,15293,4104860,280730
5065,589,1,36,5,3020,39,Sold,98,32,10,17401,5954995,377304
5066,153,2,16,2,3179,52,Sold,83,45,16,15829,4142214,165180
5067,922,1,35,3,3105,24,Sold,97,34,8,17371,7267776,355554
5068,433,5,12,1,4905,118,Active,37,99,41,15905,5307830,170488
5069,1011,3,22,4,3012,47,Sold,56,75,27,16015,7632313,202830
5070,748,7,15,3,4843,44,Sold,42,94,52,16742,6565706,151470
5071,449,5,1,3,4527,16,Sold,40,93,36,15754,5373537,162012
5072,666,5,5,3,3940,120,Sold,35,90,36,16311,6256525,130178
5073,700,8,40,3,4084,146,Sold,34,93,48,17932,6387488,139289
5074,198,1,20,4,3442,195,Sold,88,23,8,15311,4326732,460333
5075,89,8,32,5,3264,149,Active,32,89,45,18353,3880288,99663
5076,1039,5,23,5,4406,64,Active,35,83,37,17517,7749774,134180
5077,1062,2,35,3,4406,8,Sold,81,47,15,16068,7861386,343012
5078,527,3,13,3,4597,44,Sold,57,80,21,15595,5691269,260506
5079,676,2,7,1,4132,148,Sold,78,48,19,15237,6294779,238334
5080,187,5,16,4,3228,183,Active,43,90,37,15657,4287128,110139
5081,264,4,30,1,3550,64,Active,79,68,23,15473,4612061,191357
5082,435,7,24,2,4684,199,Active,30,98,57,17638,5317281,157542
5083,638,1,28,2,4898,99,Active,92,31,8,18274,6143114,380342
5084,1048,7,31,4,4412,195,Sold,31,85,46,15972,7792979,133560
5085,770,4,14,5,3064,23,Sold,73,63,18,16873,6643564,215563
5086,302,6,13,3,4655,87,Active,30,86,35,17769,4772277,161072
5087,786,2,9,5,4769,188,Sold,75,46,12,16434,6721422,266703
5088,747,8,3,3,3014,14,Sold,32,88,45,16487,6560306,96171
5089,727,2,15,3,3222,86,Active,81,63,13,15739,6492349,248924
5090,1036,6,40,5,4612,39,Sold,44,88,41,15921,7735823,146247
5091,1062,5,18,2,4695,87,Sold,40,84,52,16618,7864086,161555
5092,417,1,4,5,3321,196,Sold,95,30,11,15049,5244824,449697
5093,340,7,29,4,4010,19,Sold,30,98,42,15690,4942844,127061
5094,586,8,20,4,3080,177,Sold,30,97,47,18029,5941944,93435
5095,683,1,18,2,4482,13,Sold,94,22,5,16529,6328982,578850
5096,1052,2,6,4,3664,51,Active,73,46,12,15800,7812331,203963
5097,318,1,10,1,4502,78,Active,99,24,5,17846,4838433,576830
5098,716,1,19,1,3570,112,Sold,96,26,10,15605,6447794,470330
5099,347,4,29,2,3493,88,Sold,70,53,22,17578,4968946,216929
5100,592,6,22,1,4609,29,Sold,30,91,46,18072,5968496,164265
5101,99,7,32,3,3233,121,Active,34,94,51,16457,3916741,114726
5102,565,5,3,4,3014,124,Sold,43,96,56,17861,5848334,92530
5103,654,8,5,1,3043,181,Active,43,81,48,16456,6217371,97431
5104,957,5,5,2,4088,9,Sold,37,97,53,17095,7409090,141216
5105,571,7,40,4,4402,27,Sold,30,91,58,15317,5874887,139482
5106,385,8,13,5,4291,40,Sold,36,98,41,16429,5119261,134128
5107,231,4,6,2,4400,85,Sold,74,62,24,15559,4467146,258135
5108,124,2,12,1,4568,191,Sold,84,53,15,16908,4027902,354141
5109,1080,8,4,1,4468,17,Active,40,98,38,16902,7930693,155951
5110,443,2,40,2,3411,189,Active,81,51,12,17106,5353285,237710
5111,311,7,21,3,4185,80,Sold,38,97,45,16562,4813231,150007
5112,761,6,13,2,3957,88,Active,34,91,59,17071,6611611,136018
5113,106,1,15,5,4289,128,Active,99,24,5,15298,3948694,407466
5114,823,7,21,3,4670,184,Sold,38,87,50,16735,6867236,153223
5115,885,6,35,4,4810,121,Sold,44,86,59,17238,7118811,168427
5116,351,5,30,1,4396,156,Sold,34,92,50,16297,4986498,148286
5117,360,8,14,2,3101,139,Sold,33,81,48,16050,5016651,95331
5118,263,2,12,1,4899,91,Sold,82,53,17,15953,4607560,311806
5119,533,1,40,5,3096,182,Sold,88,34,7,15376,5717371,280753
5120,777,4,28,4,4008,68,Sold,73,51,15,16525,6675967,270642
5121,419,1,16,4,4229,34,Active,96,30,6,17070,5252475,581361
5122,650,2,14,3,4456,167,Sold,82,47,12,16395,6203420,252655
5123,718,2,40,5,4702,8,Sold,83,52,18,15475,6453645,346295
5124,441,1,29,2,4478,110,Sold,96,30,10,17276,5341134,588756
5125,166,3,37,5,3726,130,Sold,57,84,18,18437,4190369,241898
5126,427,4,33,4,3027,120,Sold,75,51,16,15015,5286678,164215
5127,651,5,39,1,4176,162,Sold,44,81,56,16756,6205670,143613
5128,569,2,23,4,4360,21,Sold,76,63,19,16257,5867236,275327
5129,1064,4,35,3,3338,56,Sold,72,53,19,18043,7869936,269013
5130,616,4,35,5,3711,102,Sold,74,65,22,15049,6061206,262251
5131,148,2,27,2,4048,110,Sold,83,57,14,18215,4122412,208757
5132,643,5,27,3,4697,15,Sold,38,87,53,16282,6164266,164827
5133,635,8,4,3,4735,123,Sold,41,83,38,17258,6131863,148196
5134,372,6,19,1,3953,65,Sold,44,94,59,17796,5065256,122345
5135,226,7,12,2,4248,187,Sold,33,90,51,15532,4444644,151492
5136,60,6,35,5,4793,42,Active,41,84,47,16218,3760576,163269
5137,871,6,34,1,4709,82,Active,43,85,53,15027,7063006,168488
5138,32,1,26,3,4856,189,Active,91,31,8,15543,3645814,562689
5139,333,4,5,1,3525,74,Active,68,68,15,17887,4910441,241951
5140,1078,5,24,5,4007,197,Active,40,95,40,15347,7926192,143539
5141,252,4,5,3,3458,161,Active,65,63,23,16264,4556705,211088
5142,917,3,15,1,3927,23,Sold,55,86,24,18238,7247974,230015
5143,483,8,7,2,4472,188,Active,40,96,43,17788,5515751,141914
5144,947,2,18,2,3504,25,Sold,73,62,16,17466,7361836,251324
5145,425,3,13,1,4088,128,Sold,62,85,24,16753,5273627,206676
5146,632,7,17,4,3565,198,Active,34,82,38,17039,6121962,121431
5147,985,7,36,4,3298,181,Sold,30,98,48,15160,7522952,109777
5148,481,8,15,4,3715,80,Active,37,90,52,18173,5504500,114162
5149,462,1,13,4,3322,7,Sold,88,18,7,15637,5421242,329293
5150,707,3,8,5,4695,40,Sold,56,71,23,16245,6415391,263551
5151,83,5,34,4,4241,111,Active,30,91,55,18471,3855085,138307
5152,496,2,30,5,3550,62,Active,81,63,12,15106,5569756,233023
5153,354,1,24,3,4636,199,Sold,99,20,5,18435,5000450,425005
5154,474,3,35,1,4047,155,Active,56,79,25,15923,5477497,230919
5155,1006,7,40,4,4681,188,Sold,42,85,50,15659,7607110,145823
5156,269,7,38,2,4455,192,Sold,41,96,51,17276,4632313,150837
5157,1010,3,15,1,3125,9,Sold,58,76,21,16474,7626012,152190
5158,665,6,10,5,4657,10,Sold,39,95,49,15998,6253825,167494
5159,440,2,21,3,3929,48,Active,80,60,15,15234,5336633,259265
5160,322,5,17,4,3571,63,Sold,43,81,35,15062,4858235,122528
5161,1062,4,7,2,4160,130,Active,66,56,23,18126,7863186,273451
5162,590,4,28,2,3918,114,Sold,67,57,19,16474,5960846,213415
5163,192,5,11,5,4134,166,Sold,42,95,47,18251,4304230,133231
5164,1,8,17,5,3025,81,Sold,38,99,55,15311,3501800,100642
5165,565,2,27,5,4617,107,Sold,83,63,18,15567,5850135,260323
5166,761,5,19,1,3043,57,Sold,42,94,44,17496,6614311,97735
5167,167,1,24,3,4108,181,Active,91,31,5,16605,4198919,350104
5168,473,4,2,4,3808,92,Sold,67,54,22,17554,5473447,243969
5169,993,5,14,2,4043,82,Sold,33,92,38,16001,7553105,122867
5170,468,2,39,2,3402,144,Sold,79,49,19,16185,5450045,207553
5171,770,7,39,3,4405,139,Sold,41,96,39,16491,6646714,139947
5172,256,5,25,1,3308,122,Sold,34,80,46,17012,4569756,103229
5173,1055,4,17,3,4692,176,Active,71,62,24,16305,7830783,333202
5174,612,8,20,3,4922,155,Sold,42,90,46,16037,6042304,176631
5175,511,7,5,3,3903,20,Sold,33,83,48,15805,5629612,131929
5176,866,6,18,5,4014,26,Sold,32,81,56,17127,7039153,131258
5177,173,1,13,2,3334,95,Sold,92,21,6,16033,4224572,373691
5178,685,2,33,5,4672,147,Sold,78,62,14,15201,6337533,248145
5179,664,2,28,1,3258,194,Active,72,46,14,17818,6251575,183424
5180,391,4,20,2,3658,172,Active,68,55,15,17076,5143114,221274
5181,957,8,4,4,4483,38,Active,33,98,47,16645,7406840,136427
5182,773,3,40,2,4364,110,Active,54,77,18,15032,6655265,279394
5183,270,6,17,2,4591,81,Active,38,93,48,17371,4636813,152238
5184,1053,4,14,5,4572,45,Sold,79,66,24,18339,7818631,250415
5185,736,4,40,1,3049,197,Sold,78,69,15,15910,6524752,253203
5186,723,8,9,3,3052,36,Sold,40,98,40,16050,6473897,108871
5187,761,4,11,1,4822,8,Sold,76,56,22,18426,6615661,259129
5188,741,8,37,3,3617,138,Active,40,88,52,15610,6540054,120945
5189,327,1,35,1,4481,180,Sold,91,32,8,16613,4876687,538101
5190,1023,2,3,1,4149,128,Active,74,53,14,15909,7678667,282530
5191,713,5,18,3,3784,24,Sold,41,98,48,18427,6436093,131433
5192,348,1,1,5,4208,27,Active,95,25,11,17967,4975247,411395
5193,222,8,39,2,3016,104,Active,42,96,46,15717,4430243,92181
5194,622,4,24,1,3865,100,Sold,66,56,16,17074,6082808,274432
5195,584,5,35,1,3378,30,Sold,44,89,35,17400,5933843,118379
5196,120,5,24,1,4675,97,Sold,31,87,53,16158,4012151,153144
5197,1024,1,18,2,3355,156,Active,98,24,8,17036,7679567,315362
5198,544,7,12,2,3656,156,Active,31,99,39,16748,5758325,112151
5199,626,4,11,2,3313,145,Sold,67,68,20,15500,6091359,259530
5200,17,3,26,5,4465,169,Sold,51,78,24,17895,3576507,282288
5201,275,8,5,4,4483,101,Sold,35,96,46,15990,4661566,138856
5202,963,6,36,4,3069,56,Sold,36,80,48,15513,7429342,105973
5203,988,8,37,4,3034,174,Sold,37,85,54,16617,7536903,93120
5204,270,6,15,2,3788,199,Sold,42,82,45,16149,4633663,135376
5205,1060,2,10,2,4375,185,Sold,72,49,18,15648,7855985,340611
5206,265,6,24,4,4900,181,Sold,42,83,59,17212,4614761,159172
5207,510,5,32,5,3283,191,Sold,44,81,50,18442,5627362,106297
5208,556,2,39,1,4355,83,Sold,83,64,16,18153,5806480,231174
5209,39,4,12,4,3572,55,Active,79,61,16,17940,3672367,291472
5210,532,1,17,1,4149,98,Sold,94,18,10,18333,5714221,437989
5211,195,8,14,3,4525,9,Active,35,86,52,16841,4317281,146574
5212,880,7,10,3,3723,180,Active,35,88,49,16405,7101710,133283
5213,703,6,8,3,3015,199,Sold,43,93,36,17206,6396939,108450
5214,4,6,10,1,3041,82,Sold,34,94,57,15235,3518451,91577
5215,560,4,17,3,3853,134,Sold,78,62,23,15361,5830333,288927
5216,757,3,36,1,4075,142,Active,64,78,25,15081,6600360,229269
5217,503,6,18,4,4171,92,Sold,42,81,54,17143,5601260,147111
5218,207,5,7,1,4909,188,Sold,42,91,35,17462,4371287,166543
5219,722,7,34,3,4986,117,Sold,41,93,57,17646,6466696,160749
5220,929,3,9,2,3645,148,Sold,60,87,20,15247,7295679,198673
5221,751,3,38,3,3080,175,Sold,62,87,26,16003,6578757,155281
5222,1065,3,17,1,4129,118,Active,58,73,24,15984,7875337,271695
5223,1071,1,12,2,4480,74,Sold,98,28,11,17921,7893789,389144
5224,1007,5,4,3,3408,80,Active,30,93,42,18453,7612061,105403
5225,422,8,24,4,3755,80,Active,32,93,57,15300,5263726,113499
5226,490,4,13,4,4575,136,Sold,66,65,23,15492,5539153,263342
5227,138,2,20,2,4522,115,Active,81,55,12,16408,4078757,261728
5228,771,1,21,1,4830,100,Sold,89,18,9,15765,6650315,639987
5229,314,7,28,2,4024,20,Sold,43,95,50,16112,4824032,127553
5230,397,2,40,1,3339,186,Sold,78,55,17,16600,5178217,254775
5231,4,8,38,5,4006,89,Active,41,87,38,16397,3513501,140018
5232,374,5,7,4,4091,111,Sold,32,98,47,17577,5073357,131665
5233,371,1,34,1,3183,42,Sold,96,23,9,15718,5061206,350560
5234,787,1,8,3,3228,67,Sold,99,21,9,15919,6725022,332177
5235,978,3,15,4,4353,124,Sold,53,70,24,16265,7493249,288733
5236,567,8,4,5,4712,27,Sold,41,98,45,18113,5858235,149549
5237,965,5,40,3,3503,73,Sold,39,90,35,16361,7441944,115571
5238,89,5,35,5,3783,7,Sold,40,91,57,15596,3881188,117273
5239,181,4,20,5,3467,108,Active,65,53,23,17172,4256525,213094
5240,420,5,8,4,4764,52,Sold,33,93,52,17409,5257425,147493
5241,91,6,24,2,3302,175,Sold,30,83,52,17194,3889288,104376
5242,157,8,4,3,4687,20,Sold,30,93,36,17260,4157065,144585
5243,35,8,23,1,3497,48,Active,36,87,49,17828,3656615,105791
5244,600,3,39,3,4625,12,Sold,61,82,24,15578,5998649,283035
5245,1028,4,26,1,3840,153,Sold,77,66,17,16107,7698019,268572
5246,143,6,9,2,3164,140,Sold,36,83,43,18100,4097659,101362
5247,360,7,8,2,4756,173,Sold,32,87,52,16289,5015751,142842
5248,851,8,23,4,4148,197,Sold,30,91,48,16387,6989648,128920
5249,250,8,29,1,3775,179,Sold,34,96,59,17905,4550855,130547
5250,171,7,16,4,4974,133,Active,44,95,35,16243,4217371,152761
5251,198,1,37,4,4519,49,Active,96,21,8,17197,4327632,522351
5252,441,8,1,1,3653,108,Sold,32,99,47,16167,5342484,124604
5253,651,4,10,3,4243,45,Sold,72,58,16,17000,6208370,320414
5254,17,6,8,4,4186,79,Active,39,93,47,15946,3580108,138649
5255,868,3,8,4,3398,87,Active,60,88,26,17012,7049504,207664
5256,651,3,26,2,3703,177,Sold,60,70,20,18289,6207920,227666
5257,55,6,36,5,3715,120,Active,33,83,47,18053,3743474,124921
5258,218,2,3,1,4568,29,Sold,74,46,19,17774,4416741,293604
5259,864,5,22,1,4575,23,Sold,41,91,46,15530,7034203,144003
5260,912,2,23,2,4677,74,Active,81,54,19,16726,7226372,290644
5261,697,4,13,1,3843,46,Sold,65,66,17,16901,6379387,276717
5262,391,4,5,4,4017,193,Active,73,66,20,17475,5143564,300930
5263,473,7,38,2,3250,45,Sold,44,88,41,17009,5472097,114257
5264,1053,4,7,1,4951,192,Sold,71,64,17,15058,7818181,310631
5265,838,1,11,3,3573,32,Active,97,33,5,16787,6939693,454343
5266,271,1,18,5,4691,66,Active,94,21,6,16363,4639513,471258
5267,956,2,19,2,4214,101,Active,83,52,19,16607,7399639,271157
5268,390,1,36,5,3172,197,Active,89,25,5,17055,5139513,340030
5269,953,4,29,1,4262,81,Active,72,62,21,17349,7386138,229707
5270,423,4,39,2,4480,104,Sold,65,50,17,15846,5268226,368825
5271,580,8,21,2,4355,109,Active,33,98,54,16692,5916291,142896
5272,958,6,8,5,4727,170,Active,44,95,41,17291,7412241,145062
5273,874,6,17,4,4543,111,Sold,39,81,43,16025,7072457,144949
5274,633,7,2,1,4847,153,Sold,34,91,36,15196,6125562,166824
5275,1003,8,25,1,3855,191,Sold,42,92,38,17754,7594059,133522
5276,1039,2,12,3,3887,123,Sold,75,62,19,18060,7752925,268694
5277,120,2,9,3,3656,11,Sold,81,57,16,17853,4013951,230246
5278,465,4,33,3,4392,127,Sold,65,50,21,17894,5435643,324826
5279,385,2,33,5,3743,143,Active,74,45,16,16611,5121962,267324
5280,4,8,6,3,3863,171,Sold,42,88,35,15571,3514401,128074
5281,808,8,28,5,3326,139,Active,43,96,50,15106,6808280,102507
5282,236,1,23,3,4203,46,Sold,91,32,9,17224,4487398,536702
5283,28,5,5,2,4864,41,Sold,34,82,36,18035,3629612,169559
5284,116,2,34,5,4310,34,Sold,74,46,19,16611,3992349,283260
5285,882,1,7,2,4526,78,Sold,88,19,8,15601,7109360,615129
5286,826,6,20,1,4340,44,Sold,35,97,56,15771,6884788,146683
5287,1032,5,6,2,4400,29,Sold,34,96,44,17170,7715121,153393
5288,1034,3,31,5,4100,107,Sold,56,71,18,15564,7728622,231581
5289,671,2,22,5,3964,38,Sold,84,59,18,15096,6277227,246480
5290,207,1,40,2,3877,147,Active,98,20,5,17633,4373987,437645
5291,202,5,37,3,3413,105,Sold,43,85,54,16120,4347884,102492
5292,871,4,2,3,4208,132,Active,73,65,17,15913,7060756,321439
5293,608,5,40,1,3402,113,Sold,36,80,46,18309,6029252,113538
5294,318,7,25,5,3802,38,Sold,40,83,50,16493,4839333,126561
5295,354,6,4,5,3468,75,Active,35,83,43,16480,4997299,107508
5296,187,2,22,2,3690,58,Active,82,50,16,18281,4284878,265429
5297,624,2,31,3,4580,72,Active,77,50,14,18358,6086408,325114
5298,545,4,19,3,4949,26,Sold,68,56,15,15552,5764626,293132
5299,17,7,7,4,4985,179,Sold,30,88,46,16806,3575607,175881
5300,832,2,13,4,3808,86,Sold,78,50,19,18499,6918541,253403
5301,309,3,10,5,4765,11,Sold,59,85,24,17295,4803780,234621
5302,915,4,3,5,4244,22,Sold,73,52,24,16601,7241224,327026
5303,450,5,10,4,3011,154,Active,44,89,38,17256,5378937,100333
5304,259,4,9,3,3853,115,Sold,69,59,21,15522,4585508,256359
5305,884,7,22,2,4064,55,Sold,31,98,59,15635,7116111,138794
5306,863,7,20,5,3337,93,Sold,37,83,35,17202,7031953,101385
5307,842,1,36,1,3822,144,Active,90,22,6,16048,6952745,423143
5308,1053,1,35,1,3050,50,Sold,97,34,6,17799,7817731,244214
5309,490,4,25,2,3354,66,Sold,76,59,19,15667,5542754,280633
5310,794,4,22,2,3631,193,Sold,67,57,16,16862,6751125,259368
5311,572,2,17,2,4036,140,Sold,80,56,19,18237,5879387,228841
5312,144,5,10,1,3440,145,Sold,38,90,54,16660,4105310,110004
5313,785,7,18,1,3328,109,Sold,41,84,42,17226,6710621,110097
5314,1082,5,38,1,4413,178,Sold,37,89,55,18335,7942844,146626
5315,295,5,33,1,4199,131,Active,40,84,47,17743,4744824,133789
5316,892,5,15,3,4408,122,Sold,32,87,42,15310,7153465,156616
5317,690,2,14,4,3729,140,Active,75,45,17,16593,6352385,204574
5318,917,1,8,5,3564,68,Sold,92,32,5,15327,7247524,275925
5319,824,2,2,1,3293,55,Sold,83,56,14,16482,6873987,232944
5320,454,4,7,2,3398,133,Active,70,61,24,18000,5389288,257400
5321,685,3,20,2,3165,142,Sold,53,85,21,17074,6336633,172490
5322,240,4,20,4,3585,43,Sold,75,54,18,15232,4505400,239758
5323,987,2,32,3,4891,114,Active,84,53,14,15927,7531953,373087
5324,604,2,37,1,4751,46,Sold,79,62,15,16776,6011251,361916
5325,689,4,4,4,4926,52,Sold,66,69,22,15873,6349234,314752
5326,304,5,28,3,4414,27,Active,32,85,36,16796,4778577,132800
5327,1077,4,12,1,4476,129,Sold,70,64,22,18294,7920792,349336
5328,650,4,27,4,4144,158,Active,65,52,22,16993,6204770,287846
5329,284,6,12,1,4173,94,Active,37,88,58,17917,4691269,127961
5330,229,2,23,4,3298,169,Active,73,57,19,18255,4458595,218310
5331,110,8,33,2,4662,46,Sold,33,86,46,16135,3967596,159823
5332,625,3,35,5,3721,58,Sold,61,71,25,17790,6088658,212305
5333,600,8,5,1,4255,32,Sold,40,97,56,15782,5997749,142560
5334,952,8,14,4,4861,185,Sold,42,86,57,16667,7384338,146734
5335,132,7,11,4,4915,77,Sold,35,83,48,17184,4054455,169558
5336,826,8,36,3,4199,178,Sold,38,95,50,17984,6882538,139499
5337,595,1,15,5,4169,168,Active,92,27,6,15232,5980648,468398
5338,431,7,4,3,4933,52,Sold,43,95,35,18071,5301530,166538
5339,16,2,24,5,3581,34,Sold,72,48,16,18327,3571107,200245
5340,793,2,27,5,3189,163,Sold,77,61,16,16631,6748424,213676
5341,280,5,3,5,3324,34,Active,40,87,39,18196,4678217,117590
5342,866,8,25,2,3496,194,Active,35,92,44,15019,7038253,117794
5343,366,8,26,3,3523,94,Sold,42,83,45,16268,5040954,118598
5344,550,1,3,2,3861,27,Active,99,21,9,16667,5786228,343214
5345,524,8,8,2,3940,125,Sold,42,96,51,16412,5682718,130288
5346,294,6,31,2,4892,26,Active,31,87,45,18304,4735823,169880
5347,172,5,6,4,4242,23,Sold,42,98,56,17907,4219171,130730
5348,1061,2,36,2,3482,97,Sold,72,46,19,16531,7859585,270181
5349,627,4,12,2,4415,175,Sold,75,54,17,15080,6098559,317054
5350,253,6,21,5,3217,78,Active,37,80,37,16434,4560756,100988
5351,623,3,27,1,3288,60,Sold,54,71,19,15371,6084158,223437
5352,1016,2,6,5,4198,28,Active,82,58,18,15820,7645814,292167
5353,634,5,18,5,3873,53,Active,42,87,49,15809,6130063,134695
5354,348,2,17,5,3552,191,Active,80,51,13,18312,4977047,194715
5355,778,8,16,4,3154,50,Sold,44,82,43,15177,6678217,95181
5356,874,5,25,5,3766,94,Sold,40,87,47,17258,7075157,126538
5357,815,4,8,3,4067,170,Sold,67,54,15,17691,6836633,274840
5358,764,1,24,5,3595,151,Sold,88,23,6,16323,6625562,369153
5359,989,5,11,4,3700,39,Sold,44,80,40,16784,7542754,118444
5360,672,5,1,1,3388,97,Sold,41,88,44,18177,6284428,119644
5361,753,2,28,1,4324,56,Active,77,59,18,17128,6584608,241551
5362,954,1,32,3,4537,76,Sold,97,33,8,15862,7393339,599122
5363,229,4,35,4,4398,93,Active,70,67,15,18258,4458145,278506
5364,257,5,3,1,3779,40,Sold,39,90,36,18077,4577407,124813
5365,67,3,16,3,4867,157,Sold,54,73,25,16283,3790279,329321
5366,697,5,27,1,3294,191,Active,36,99,55,15055,6377587,103049
5367,442,2,39,1,3314,169,Active,80,47,18,16566,5346534,223239
5368,740,7,36,4,4656,153,Sold,36,93,42,16588,6535553,164943
5369,72,1,20,1,3408,161,Sold,92,24,5,17962,3804230,358871
5370,531,8,27,5,3755,67,Sold,31,91,53,15369,5712421,132319
5371,312,1,37,2,3661,10,Sold,99,24,5,16538,4814131,418352
5372,995,2,40,3,4226,43,Sold,77,52,17,15977,7558055,325781
5373,1033,7,28,4,3211,139,Active,36,85,38,15455,7717371,105937
5374,986,5,15,1,3717,131,Sold,33,97,37,16000,7527002,118966
5375,185,4,36,4,3890,116,Active,78,62,22,16876,4272727,293172
5376,1027,8,21,5,4719,117,Sold,37,89,58,16873,7695769,156690
5377,827,3,29,4,4211,142,Active,61,84,18,16340,6889738,261769
5378,1045,7,26,2,4345,193,Sold,41,82,43,17757,7777677,142151
5379,331,7,36,5,3119,49,Active,41,97,35,15917,4896039,96215
5380,861,6,20,1,3393,108,Sold,33,82,57,17320,7021602,118999
5381,840,3,33,4,4228,94,Active,57,88,19,17472,6945544,289872
5382,1088,7,38,3,3119,132,Sold,43,84,40,16344,7962196,103501
5383,600,8,27,4,3582,91,Sold,35,87,50,17625,5997299,119230
5384,964,6,38,4,3443,130,Sold,31,95,37,15169,7436543,123679
5385,432,4,29,2,3016,15,Sold,66,51,24,16765,5305130,159860
5386,851,2,39,5,3939,26,Sold,74,48,13,15528,6992799,280925
5387,267,6,5,4,4318,147,Active,33,83,35,16272,4622862,133452
5388,1053,2,21,4,3585,39,Sold,72,49,18,17797,7817281,261048
5389,811,8,3,1,4278,192,Sold,42,92,49,17745,6814581,146787
5390,165,4,18,2,4530,47,Active,69,56,23,16691,4189468,252586
5391,1064,6,26,4,4671,46,Active,32,91,51,17889,7871737,149743
5392,1065,2,18,5,3541,76,Sold,79,50,19,15651,7874887,254206
5393,17,6,28,4,4989,47,Active,38,87,38,18065,3578757,159967
5394,395,1,31,5,4539,105,Active,98,28,7,16455,5166966,350853
5395,566,4,18,4,3314,199,Sold,76,69,15,15835,5855535,253983
5396,796,3,11,1,3857,62,Active,61,79,21,16995,6759225,247243
5397,1023,8,27,4,4678,92,Sold,39,99,37,15171,7673267,148779
5398,1,1,21,5,4121,159,Active,93,21,6,18184,3503600,373826
5399,258,4,8,4,3779,90,Active,68,60,24,16822,4580108,225922
5400,872,5,27,3,4100,185,Active,36,87,56,16518,7064806,145361
5401,256,7,22,1,3480,117,Sold,35,98,55,17690,4571557,104623
5402,177,6,26,3,4513,17,Sold,33,93,46,15682,4238073,153731
5403,435,2,35,2,3428,78,Active,74,47,12,17246,5314131,253551
5404,675,6,8,1,4408,28,Sold,30,83,57,17343,6293429,136295
5405,464,4,28,1,4769,143,Active,77,57,16,16381,5431143,335449
5406,225,4,6,5,4781,14,Sold,65,65,18,17622,4442844,381039
5407,363,8,22,4,3529,47,Sold,39,84,45,17938,5030153,117826
5408,454,1,31,3,3801,159,Sold,99,22,7,15240,5390189,418452
5409,578,1,2,5,4608,79,Sold,94,25,5,16353,5909540,471110
5410,471,3,5,1,3482,71,Active,63,89,25,17061,5465346,219149
5411,788,1,31,4,3240,186,Active,88,29,8,15251,6728622,245705
5412,745,6,4,4,3560,176,Active,42,88,52,16181,6555355,112147
5413,506,8,9,2,4947,97,Active,43,90,59,17940,5612961,159996
5414,425,2,1,3,4244,168,Sold,72,63,13,16709,5271377,256309
5415,27,6,37,3,3031,69,Sold,35,91,42,15138,3622862,95458
5416,1045,6,39,3,3472,68,Sold,33,88,40,15996,7773627,113062
5417,329,7,6,1,3105,24,Sold,36,93,47,17461,4890189,98609
5418,905,7,33,5,3027,52,Sold,34,88,35,15547,7198919,97881
5419,1023,7,37,1,4096,9,Sold,33,94,55,16834,7677317,137855
5420,777,1,33,1,4105,97,Sold,99,24,7,15573,6675517,543676
5421,433,6,19,5,4837,65,Sold,40,82,42,17536,5308280,150644
5422,553,4,38,5,4451,16,Active,70,61,22,15700,5796579,333972
5423,705,2,24,3,4074,150,Sold,76,60,14,16044,6408640,308850
5424,351,2,32,3,4467,46,Sold,75,60,13,16800,4986048,249126
5425,764,4,8,3,4040,36,Sold,70,61,23,17156,6621962,277243
5426,38,2,21,4,3746,20,Sold,76,45,19,16455,3668766,208329
5427,185,4,11,2,3265,81,Active,75,54,18,17940,4275877,241612
5428,410,4,31,4,3661,117,Sold,79,64,24,17024,5220972,235768
5429,14,1,17,1,4763,196,Active,98,34,9,17922,3561206,392304
5430,183,8,1,3,3768,63,Sold,35,87,52,17032,4265976,116484
5431,442,6,12,4,4158,20,Active,30,88,50,17273,5348784,146087
5432,720,6,33,1,4752,47,Sold,32,89,45,18090,6457245,160646
5433,112,3,6,5,4663,122,Active,55,77,24,15005,3975247,294657
5434,643,4,17,1,4183,195,Active,68,60,17,16376,6167416,257629
5435,476,8,31,2,3105,95,Active,40,91,49,17537,5483348,106160
5436,585,7,18,5,3770,37,Active,36,98,44,17759,5935643,115829
5437,260,6,39,4,3279,10,Sold,38,98,48,18459,4587308,100587
5438,270,8,19,1,3645,88,Sold,33,88,42,17848,4637713,119221
5439,177,6,3,1,3602,154,Sold,34,81,44,16006,4238973,128678
5440,648,1,6,4,4035,122,Active,96,22,5,17168,6188118,550767
5441,134,7,12,1,3443,116,Sold,30,80,36,15059,4063906,111980
5442,270,5,10,3,3941,50,Sold,31,96,39,15941,4634563,130873
5443,818,3,36,5,3689,193,Sold,54,89,25,16256,6845634,222485
5444,1026,1,22,1,3073,9,Sold,96,24,7,16322,7687668,360125
5445,765,4,35,5,3296,68,Active,76,58,22,16746,6629612,267901
5446,283,8,9,2,3420,30,Sold,32,87,50,15972,4688568,118736
5447,285,3,38,1,3009,94,Sold,58,87,26,18500,4695769,169679
5448,570,7,32,2,4275,109,Active,36,92,40,15703,5872637,149984
5449,573,4,25,5,4825,80,Active,68,63,15,17181,5883438,258294
5450,900,5,27,2,4092,174,Sold,40,95,37,17962,7178667,145176
5451,111,5,17,3,4706,197,Sold,39,91,41,17895,3973897,162150
5452,1021,5,23,5,4317,180,Sold,39,95,52,16471,7667416,130477
5453,237,7,1,1,3110,20,Active,42,89,48,18283,4491449,110498
5454,282,6,26,3,3450,162,Active,32,93,45,17854,4681818,103852
5455,291,1,8,5,3251,65,Sold,92,26,6,16335,4718271,424125
5456,598,4,9,2,4654,93,Sold,78,63,15,16113,5991449,385772
5457,525,1,22,1,3362,189,Sold,94,30,11,18159,5685868,281996
5458,280,3,8,5,4810,149,Sold,59,84,21,16272,4676417,232712
5459,357,5,18,1,3533,136,Sold,43,99,42,17213,5007650,122588
5460,894,4,9,1,4012,143,Sold,70,65,18,17238,7157065,237029
5461,56,3,40,5,3980,101,Sold,64,89,27,16496,3748424,265584
5462,822,8,34,4,3396,180,Active,43,97,48,16702,6864536,105337
5463,241,4,2,2,3856,29,Active,67,69,16,18469,4510351,237624
5464,550,1,36,5,3648,27,Sold,94,23,5,15470,5783078,317805
5465,297,4,29,2,3525,96,Active,76,51,21,18470,4752475,198264
5466,309,2,31,5,4818,105,Sold,79,64,17,16394,4804230,332660
5467,590,7,27,3,3339,176,Sold,37,85,37,16974,5957245,100177
5468,259,4,8,4,4732,91,Active,78,69,24,16154,4583258,360571
5469,1020,2,4,5,4026,167,Sold,80,62,15,16156,7664266,285382
5470,802,5,33,5,4709,162,Active,34,92,40,17069,6781728,159588
5471,196,5,8,3,4689,50,Sold,37,94,44,15174,4317731,150686
5472,80,5,7,3,3388,153,Sold,42,94,51,15580,3844284,117259
5473,504,6,1,2,4272,175,Active,40,83,42,16320,5605760,148785
5474,239,6,23,5,4079,174,Sold,34,90,42,16899,4498199,145367
5475,185,1,4,1,3661,54,Sold,96,21,9,18087,4274077,500202
5476,270,1,14,4,4181,170,Sold,97,23,8,17272,4636363,504594
5477,764,8,28,2,4925,126,Sold,39,88,54,15492,6625112,163796
5478,128,7,9,4,3899,181,Sold,40,89,56,16985,4040954,133112
5479,580,4,25,5,4365,111,Sold,74,55,15,15646,5914941,364521
5480,109,2,6,5,3856,196,Active,78,46,16,17094,3963546,216670
5481,579,4,17,2,4040,197,Sold,66,67,24,16023,5911341,308902
5482,290,1,27,1,4427,89,Sold,96,27,6,18004,4715121,519110
5483,1073,5,10,3,3686,118,Active,40,97,36,17986,7908190,130779
5484,490,2,15,3,3262,87,Sold,77,64,12,15177,5541854,228486
5485,986,3,7,4,4938,24,Active,60,82,21,18440,7525652,247374
5486,146,2,14,3,4836,30,Sold,75,51,14,18429,4112511,298845
5487,67,1,1,2,3162,199,Sold,96,19,9,17396,3789378,248762
5488,89,4,6,4,4563,198,Sold,65,53,18,16470,3878487,381407
5489,713,3,21,5,3655,189,Sold,59,84,18,16663,6437443,225522
5490,431,2,19,4,4991,63,Sold,79,56,12,18331,5301080,334864
5491,1053,8,20,2,4875,99,Sold,40,90,42,16010,7816381,146533
5492,827,1,30,5,3773,179,Active,96,25,7,16153,6887488,421161
5493,645,3,5,1,3996,137,Sold,60,70,24,17470,6172367,202895
5494,877,2,40,2,4040,58,Sold,84,50,18,15552,7086408,253479
5495,25,8,35,3,4020,132,Sold,41,82,41,15216,3614311,142035
5496,994,7,32,2,3786,127,Sold,39,89,57,17851,7556255,122227
5497,621,8,35,4,3447,86,Active,41,92,56,15177,6078307,117308
5498,312,6,8,2,4205,107,Sold,42,90,44,18431,4816831,131541
5499,143,4,1,4,4984,153,Sold,73,59,22,17861,4099009,344048
5500,720,1,33,5,3660,87,Active,99,26,5,16107,6462646,494256
5501,46,4,3,4,4769,40,Active,75,63,17,16664,3706120,378279
5502,50,6,16,5,4333,159,Sold,36,80,45,17069,3719171,144358
5503,720,2,16,5,3092,25,Sold,72,53,13,15091,6459495,207713
5504,687,8,14,1,3068,175,Active,40,83,41,17061,6342934,100219
5505,615,3,9,2,3510,97,Sold,62,89,25,17067,6055355,222820
5506,861,8,28,4,3135,71,Sold,42,96,57,18024,7022952,103267
5507,210,8,2,5,3417,23,Active,32,95,55,18125,4386138,122117
5508,344,4,40,3,4257,169,Sold,79,50,22,17837,4959495,251936
5509,157,8,39,4,3654,67,Sold,42,84,36,16664,4155715,116424
5510,500,3,1,1,4691,195,Sold,57,86,20,15690,5587308,289656
5511,803,4,11,1,3596,29,Active,79,51,16,16289,6786228,251984
5512,835,1,13,2,4167,171,Sold,91,26,10,17707,6926642,485924
5513,591,6,15,3,4276,65,Sold,39,80,42,17681,5962196,153885
5514,475,1,2,3,3659,138,Active,90,30,9,16285,5479747,386637
5515,430,3,26,4,3136,193,Active,62,87,25,17119,5297479,202992
5516,792,3,6,5,3712,45,Active,54,74,19,17884,6741674,259816
5517,574,4,8,5,4646,70,Active,72,69,16,15383,5887038,298991
5518,168,4,4,3,3087,58,Sold,73,51,17,17626,4202520,216717
5519,980,1,12,2,3700,15,Sold,98,27,6,16041,7499549,287740
5520,508,3,37,5,3650,17,Sold,58,80,20,15391,5618811,224688
5521,509,8,34,1,3967,83,Active,34,95,42,16962,5621062,139599
5522,849,5,10,3,3762,117,Sold,32,91,46,16422,6981998,113372
5523,704,8,5,4,3548,85,Active,30,98,46,17692,6404140,122307
5524,860,3,31,1,4725,109,Active,50,88,24,17650,7018901,315978
5525,360,4,11,1,3281,126,Active,71,65,24,17109,5015301,198194
5526,279,5,25,2,3224,198,Sold,39,85,58,17319,4673717,105412
5527,250,7,23,3,3068,7,Sold,35,90,56,16826,4547254,99820
5528,281,6,37,3,3604,150,Active,44,83,59,17788,4681368,127935
5529,301,6,18,5,3426,126,Active,31,87,46,16450,4766876,117985
5530,27,6,32,5,4015,19,Sold,31,93,55,16429,3625112,123373
5531,705,7,39,1,3306,129,Sold,43,91,53,17478,6407290,103729
5532,31,2,11,4,3259,177,Sold,74,47,18,17057,3640864,169409
5533,1022,7,11,2,3521,180,Active,43,96,57,15078,7670567,121573
5534,513,8,29,3,4354,28,Sold,35,89,57,18397,5632313,151397
5535,838,8,4,2,4897,192,Sold,42,81,37,16285,6941494,160063
5536,491,5,26,1,3956,95,Sold,31,87,55,16572,5546804,137226
5537,139,5,36,5,3601,81,Active,38,85,46,15483,4083258,110378
5538,30,3,9,5,3274,92,Sold,58,80,27,15024,3635913,178179
5539,311,1,17,1,3589,83,Sold,88,32,5,15847,4812781,294074
5540,466,5,20,3,3086,188,Active,31,83,43,17427,5437443,108893
5541,426,4,26,2,4013,57,Active,77,52,24,16036,5281728,289913
5542,783,7,36,4,3039,48,Sold,42,87,54,15183,6707020,100852
5543,875,4,20,4,3516,196,Sold,74,52,24,17146,7078307,270326
5544,165,8,40,5,3823,144,Sold,44,88,40,15768,4189918,135457
5545,1083,6,15,4,4235,78,Sold,34,94,35,16171,7944644,128244
5546,687,4,7,1,3864,192,Active,79,60,16,15455,6345634,316421
5547,775,7,31,5,4859,177,Sold,32,92,37,17273,6666966,151883
5548,225,5,36,4,4552,10,Sold,32,98,48,17648,4440144,159630
5549,837,8,36,2,3152,110,Sold,35,96,38,16495,6933843,107679
5550,20,1,1,1,4534,60,Sold,97,25,5,16592,3595409,593399
5551,990,5,37,4,4788,107,Sold,38,92,46,16072,7543654,172090
5552,736,5,27,3,4650,84,Sold,31,97,42,16982,6525652,165912
5553,931,6,23,3,3216,136,Sold,40,86,44,16964,7301530,111943
5554,1052,8,20,5,4355,135,Sold,37,81,49,17199,7815481,154768
5555,207,5,6,5,4043,48,Active,35,93,47,17453,4373087,124840
5556,889,3,9,5,4905,110,Sold,52,86,22,17035,7134113,326791
5557,1019,6,27,3,3780,87,Sold,35,84,49,16041,7657965,128059
5558,858,3,33,5,3631,42,Active,52,88,21,16186,7015301,181922
5559,268,4,31,4,3886,192,Sold,75,51,20,17518,4626462,323459
5560,536,7,13,2,4709,9,Active,37,99,35,15739,5733573,167772
5561,280,1,23,1,3321,172,Sold,90,34,6,15274,4677317,388731
5562,554,8,24,2,4759,29,Sold,42,86,49,17879,5798379,153459
5563,513,1,4,1,3101,101,Sold,91,24,10,15591,5636363,264709
5564,974,7,4,2,4288,77,Active,42,94,45,18286,7479297,144420
5565,342,8,40,5,4168,182,Sold,38,96,55,17334,4946444,133043
5566,637,5,38,2,3771,9,Sold,43,98,43,18123,6142664,122271
5567,471,1,18,1,3619,119,Sold,91,33,11,17210,5463546,377869
5568,530,8,36,1,3542,146,Sold,32,99,57,16957,5707920,111268
5569,241,7,38,1,4601,73,Sold,38,85,36,15876,4512151,163602
5570,575,8,33,2,3726,152,Sold,31,82,41,17096,5895139,112943
5571,763,7,22,1,4751,151,Sold,43,88,39,16582,6621062,158189
5572,132,2,6,1,3644,71,Sold,77,56,12,17251,4057605,266130
5573,1091,5,17,5,3352,17,Active,32,93,54,17643,7975697,118788
5574,522,7,9,1,4282,194,Sold,31,94,37,15338,5674617,139251
5575,926,2,28,2,4052,85,Active,78,55,19,17769,7281278,291083
5576,316,8,15,4,3815,123,Sold,40,88,40,17066,4832133,119966
5577,193,2,5,1,3417,159,Sold,74,64,17,16555,4306030,226436
5578,194,7,33,4,4315,113,Sold,35,91,35,17906,4312781,146261
5579,913,1,11,3,4093,93,Active,88,19,8,16994,7230873,438115
5580,447,6,17,5,4841,105,Sold,41,87,49,18291,5368136,150594
5581,728,6,23,1,4926,120,Sold,44,96,46,16419,6495499,156509
5582,54,8,21,4,4770,14,Sold,40,90,48,18317,3742574,164393
5583,601,2,35,5,3262,141,Active,75,64,19,16787,6002250,245749
5584,1025,1,31,2,3596,59,Sold,97,25,10,18279,7684518,325519
5585,517,7,24,5,3593,78,Sold,41,99,39,16723,5652115,119359
5586,706,6,38,4,3329,150,Active,30,87,44,16824,6412691,103479
5587,292,5,26,2,3508,48,Sold,41,96,59,15621,4728172,117602
5588,1002,3,14,1,4746,29,Sold,62,82,26,15292,7589558,257545
5589,581,7,40,4,3717,59,Sold,32,93,37,17245,5923492,128214
5590,766,5,36,2,4112,46,Sold,30,85,50,17326,6633663,125071
5591,201,5,27,5,3975,67,Sold,34,89,41,18345,4344284,134617
5592,1019,2,38,3,3551,142,Active,75,57,14,17561,7657065,202942
5593,984,1,25,5,4193,171,Active,99,33,11,17859,7519801,446974
5594,850,1,4,1,4888,100,Sold,96,19,8,16711,6983798,367492
5595,880,7,35,3,3206,126,Active,44,80,51,17091,7099459,110979
5596,819,1,30,2,3583,52,Sold,90,28,8,15344,6849234,282331
5597,908,3,18,5,4137,185,Sold,53,73,26,18425,7206570,249478
5598,826,3,32,5,4070,22,Sold,50,88,26,16549,6886138,226110
5599,298,2,39,3,4812,165,Sold,74,48,15,15204,4757875,284967
5600,711,1,29,3,4937,98,Sold,96,23,6,18305,6428442,416041
5601,6,7,34,2,3135,87,Sold,34,80,48,18400,3529252,99361
5602,992,6,35,5,4587,163,Sold,43,98,50,15722,7550855,138298
5603,34,3,9,1,3546,31,Sold,61,74,20,16031,3653015,198871
5604,511,1,12,5,4333,120,Active,95,27,9,18144,5628712,439919
5605,659,4,26,5,3392,158,Sold,67,56,21,16622,6236273,244611
5606,850,3,26,5,3629,183,Sold,60,89,24,17317,6985148,239862
5607,107,2,7,5,3118,125,Sold,74,63,16,15686,3956345,176049
5608,179,7,3,5,3057,39,Sold,41,92,49,16889,4250225,102061
5609,939,8,32,1,3689,94,Sold,41,95,45,18316,7335283,119878
5610,125,5,36,5,3829,123,Active,36,92,58,17730,4031953,130760
5611,727,1,3,2,3540,15,Active,88,24,8,16267,6491899,348424
5612,261,6,19,4,3429,196,Active,35,93,37,17684,4598559,117039
5613,648,1,19,3,3494,29,Active,96,20,9,15571,6190819,282586
5614,808,7,2,5,4086,115,Sold,44,97,45,18257,6806480,129134
5615,830,7,27,1,3949,110,Sold,38,84,44,17473,6907740,122364
5616,71,7,28,1,3925,60,Sold,38,98,41,18347,3802880,130930
5617,511,3,6,5,3300,146,Active,57,85,22,15581,5627812,176331
5618,758,8,18,2,3472,187,Sold,36,93,50,17985,6603060,105896
5619,50,2,7,3,3733,147,Sold,84,58,13,16871,3718721,273947
5620,343,2,37,1,4777,46,Active,84,60,19,15747,4949144,252331
5621,242,2,19,3,4555,59,Active,78,60,12,18314,4516651,304361
5622,1077,1,2,4,3406,19,Sold,97,20,7,18107,7919441,458907
5623,54,2,30,1,4455,191,Sold,84,60,18,17274,3739423,273031
5624,701,7,11,1,4093,191,Sold,40,94,51,17901,6391539,136567
5625,890,7,2,1,3475,100,Active,39,98,50,17830,7139963,106022
5626,1073,1,22,2,3384,31,Sold,98,27,5,17890,7906840,318443
5627,1079,3,8,1,3564,98,Active,51,83,27,15621,7927542,222519
5628,580,2,27,1,3203,157,Sold,72,51,14,16963,5915841,242622
5629,837,1,10,4,3753,126,Sold,96,34,9,15358,6936993,311555
5630,257,7,10,1,3249,70,Active,37,83,52,18367,4579207,113280
5631,188,5,12,1,3575,169,Sold,42,90,41,16203,4290729,108537
5632,717,5,11,1,3570,61,Sold,38,91,46,16724,6449144,124886
5633,841,5,36,1,3561,55,Sold,43,82,57,16683,6950495,119756
5634,497,1,23,1,4130,21,Sold,88,21,7,17282,5576057,344948
5635,412,3,16,3,3466,12,Sold,61,78,25,16146,5226822,192066
5636,913,8,5,4,4838,28,Active,41,87,43,17446,7230423,164211
5637,670,5,28,3,4292,122,Sold,35,86,54,15108,6273177,131490
5638,916,8,12,4,4160,90,Sold,31,90,49,15058,7243924,143653
5639,1075,2,36,4,4284,8,Active,75,55,13,15968,7916291,296845
5640,62,5,10,5,4711,36,Sold,41,96,45,17307,3770027,145136
5641,406,1,22,4,4834,116,Sold,95,33,8,17366,5207470,654644
5642,1001,5,16,3,3998,10,Active,30,89,50,17014,7583708,129487
5643,156,1,29,5,3338,184,Active,88,19,7,18412,4153015,439706
5644,151,4,4,5,4793,76,Sold,73,54,17,17315,4133213,309240
5645,899,1,27,2,4232,50,Sold,91,30,9,17254,7173267,509723
5646,655,3,25,2,4511,164,Sold,58,81,23,17091,6223222,293179
5647,563,2,17,5,3670,121,Sold,72,53,14,17224,5839333,258164
5648,124,6,18,5,3789,101,Sold,39,98,44,17232,4028802,120104
5649,440,6,25,4,4967,121,Sold,37,84,56,15946,5338433,173517
5650,619,1,19,5,3210,98,Active,94,20,5,18402,6072457,241424
5651,826,4,3,5,3474,78,Sold,76,56,23,15525,6883438,256579
5652,680,7,3,5,3829,99,Sold,38,93,51,16302,6312781,123110
5653,107,5,8,1,4783,31,Sold,35,83,57,16330,3958145,161331
5654,1044,3,13,2,3551,165,Active,57,80,18,15687,7770927,226253
5655,198,3,24,3,4836,62,Active,51,72,18,15702,4330333,318959
5656,494,8,3,4,3734,20,Active,38,95,57,15799,5556255,118517
5657,967,1,38,2,3406,197,Sold,92,31,11,17451,7447794,283166
5658,986,7,5,3,4373,143,Sold,32,94,48,16886,7527902,141650
5659,56,6,23,5,4690,113,Sold,33,86,38,18397,3749324,161674
5660,185,4,4,4,3794,84,Sold,69,61,24,17564,4274527,247786
5661,598,2,10,2,3031,43,Sold,73,59,18,16000,5992349,230060
5662,999,5,5,1,3674,193,Sold,38,96,46,15271,7577857,122315
5663,47,2,28,3,4497,65,Active,83,64,18,18202,3708370,246884
5664,931,3,26,4,3536,21,Active,61,75,24,15122,7302430,213642
5665,527,8,12,1,3036,182,Sold,35,97,35,18084,5694869,92726
5666,66,6,22,2,4195,190,Sold,30,85,50,16367,3786228,143259
5667,960,2,17,5,4410,138,Sold,84,55,13,17635,7415391,287560
5668,1034,2,39,2,4621,35,Active,80,50,15,16594,7726822,255153
5669,899,6,13,1,4775,141,Active,30,82,42,18088,7172817,168309
5670,224,8,7,2,4865,76,Sold,32,96,37,15610,4437443,151798
5671,957,5,37,1,3690,123,Sold,35,83,59,18477,7405040,124471
5672,648,8,19,1,3978,102,Active,37,92,57,17670,6193519,127932
5673,200,6,27,1,4841,30,Sold,40,96,49,17238,4338433,162241
5674,434,2,4,2,3274,116,Active,73,61,16,15138,5310981,167421
5675,939,3,11,5,3140,141,Sold,52,84,27,18012,7333933,169992
5676,25,8,31,2,3151,137,Sold,31,97,41,16450,3616111,99893
5677,559,5,39,2,3275,145,Active,33,94,52,17327,5820882,107092
5678,1049,1,39,3,4311,12,Sold,98,26,10,16679,7801080,590941
5679,569,4,36,4,3005,101,Active,79,60,17,17665,5868586,188673
5680,308,3,21,3,4732,191,Sold,58,75,23,16591,4796579,259601
5681,307,6,8,2,3297,33,Sold,33,93,51,16901,4788478,116246
5682,837,3,20,5,4310,148,Active,53,81,26,17465,6933393,230699
5683,373,3,8,1,3331,52,Sold,50,76,27,18259,5068406,222788
5684,721,7,27,5,4612,148,Sold,33,97,48,17596,6463996,163422
5685,332,6,13,2,4274,138,Sold,31,96,47,16247,4900990,150770
5686,397,1,2,5,4999,183,Sold,88,23,6,15141,5174617,686900
5687,145,6,8,2,4251,80,Active,33,93,44,16289,4108010,141652
5688,140,8,20,3,3993,197,Active,30,83,45,15834,4085958,131897
5689,628,5,22,5,3632,15,Active,33,81,48,17298,6101710,124338
5690,643,7,31,5,3461,102,Sold,42,94,42,15541,6166516,113521
5691,581,5,13,4,3656,20,Sold,38,87,48,15002,5921692,126673
5692,789,7,14,2,3662,196,Sold,33,80,35,15773,6731323,127379
5693,575,7,30,4,3642,44,Sold,40,84,55,17887,5893339,113230
5694,118,4,25,4,3065,152,Sold,70,64,21,16919,4000900,195809
5695,17,7,34,5,4994,186,Sold,40,98,55,18416,3581008,159798
5696,22,4,7,5,3677,199,Sold,72,57,16,17746,3601260,278470
5697,250,2,19,1,3172,117,Active,79,60,18,17042,4546354,189782
5698,950,5,34,2,4208,153,Sold,41,92,41,16827,7371287,130440
5699,140,6,26,3,4430,182,Active,30,95,57,17505,4086408,133529
5700,203,8,20,2,4440,170,Active,30,96,47,18333,4352385,154228
5701,247,8,5,5,3396,40,Sold,37,92,55,16709,4536453,102940
5702,546,2,15,3,3879,56,Sold,78,61,15,18121,5767326,246571
5703,177,7,18,2,3474,166,Active,35,89,37,15247,4240774,114864
5704,633,2,38,3,4843,103,Sold,74,55,14,16921,6126012,329762
5705,896,2,22,1,4742,135,Sold,80,63,15,16432,7162916,239169
5706,154,2,7,4,3395,12,Active,79,49,17,16223,4144914,171669
5707,742,1,39,5,4253,189,Sold,91,28,9,15092,6543654,319166
5708,199,2,27,5,4482,188,Active,78,47,13,15872,4334383,238053
5709,168,7,32,2,4207,18,Sold,32,80,47,15251,4202070,128945
5710,410,7,29,2,4070,75,Active,41,91,37,16131,5223222,130614
5711,951,6,24,5,4022,104,Sold,39,81,53,15011,7377137,120748
5712,822,2,36,4,4479,31,Sold,73,48,16,17900,6862736,253395
5713,456,3,25,1,4047,108,Sold,62,72,26,15473,5397839,201197
5714,933,1,9,4,3946,93,Sold,90,28,7,18104,7310081,317229
5715,370,6,23,3,4875,164,Sold,34,99,54,15751,5057155,168675
5716,428,8,11,1,4665,69,Sold,43,90,58,18116,5287578,139987
5717,709,2,23,2,4476,71,Sold,74,54,17,15756,6419441,286500
5718,415,1,24,5,3604,9,Sold,88,20,7,16988,5239423,372194
5719,597,8,30,1,3616,143,Sold,34,83,44,17493,5986948,124087
5720,1070,1,21,5,4230,99,Sold,99,30,11,16298,7889738,381546
5721,688,1,20,2,4279,144,Sold,88,25,8,16651,6347434,375236
5722,477,5,38,3,4336,117,Active,42,91,59,17067,5487398,146739
5723,572,1,26,3,4697,167,Active,91,21,8,15742,5880288,526968
5724,585,4,3,5,4664,14,Sold,69,68,23,15770,5936543,391515
5725,69,4,12,1,4374,94,Active,67,63,22,16118,3797029,274567
5726,669,3,6,2,4884,194,Sold,59,89,23,17701,6268676,286585
5727,161,5,25,3,3741,34,Sold,37,82,43,18187,4174167,122578
5728,135,8,5,1,3830,165,Sold,43,92,48,16368,4066606,136471
5729,622,3,5,4,4019,189,Sold,56,77,21,18338,6080558,241912
5730,67,1,33,5,4143,95,Sold,93,33,7,16371,3791629,331854
5731,96,3,26,4,3854,87,Sold,63,86,26,16459,3902340,229415
5732,1003,5,12,5,3646,43,Sold,32,84,53,16622,7594509,122440
5733,452,2,13,2,4408,199,Active,81,53,19,17173,5384788,298587
5734,83,5,8,3,4165,100,Sold,33,93,54,16622,3857335,135529
5735,436,7,27,4,3242,36,Sold,39,92,58,17921,5322682,105702
5736,1041,7,13,4,3420,87,Sold,33,89,59,15284,7758325,113667
5737,408,6,30,2,4217,164,Active,43,98,47,16710,5215121,141607
5738,765,7,25,5,3172,39,Active,35,91,46,17357,6629162,95731
5739,908,5,32,1,4606,118,Active,43,88,54,17738,7205220,164683
5740,950,2,34,3,4922,175,Active,75,52,14,17973,7375787,297931
5741,599,1,15,5,3255,111,Sold,95,23,9,17968,5993249,327917
5742,97,3,9,5,4151,117,Sold,57,70,26,17388,3908640,203512
5743,30,8,8,5,3778,14,Active,44,97,35,18429,3636813,121040
5744,143,5,38,4,4338,57,Sold,37,86,57,18374,4100810,146711
5745,395,1,35,3,4259,154,Sold,98,24,10,17847,5165616,462634
5746,1082,2,9,5,4771,131,Sold,72,53,14,18422,7940144,285037
5747,854,7,5,2,3546,53,Sold,42,94,45,18310,7004050,125940
5748,1002,8,8,5,3611,146,Active,43,96,51,17230,7593609,120398
5749,559,5,29,4,3178,113,Sold,38,99,36,15581,5824032,100488
5750,457,7,34,3,4831,60,Active,41,90,42,16920,5400540,164979
5751,334,3,19,4,4148,60,Active,57,74,25,16251,4916291,209192
5752,1009,3,23,3,4524,37,Sold,58,74,27,18209,7624662,251404
5753,591,2,28,5,4212,126,Sold,83,63,19,15076,5963996,217910
5754,13,4,13,5,4498,58,Sold,74,53,17,16474,3556255,320669
5755,808,2,9,2,4688,187,Sold,78,54,15,15762,6805130,279776
5756,352,4,2,1,3762,186,Sold,78,69,16,16287,4990549,227328
5757,132,3,9,4,3754,48,Sold,62,84,24,18318,4055355,252317
5758,638,2,25,5,4116,34,Active,72,59,18,16515,6144914,219225
5759,1070,5,28,5,4378,17,Active,32,95,53,17462,7891539,140753
5760,1026,8,22,1,4774,105,Sold,38,91,51,15528,7686318,159098
5761,524,5,6,2,4734,144,Sold,44,95,35,16594,5683168,142134
5762,956,3,23,2,3163,160,Sold,62,74,21,18161,7403240,182098
5763,918,3,34,3,3511,67,Sold,60,82,27,18249,7253825,227400
5764,539,5,26,2,3622,131,Sold,36,82,46,17948,5744824,123981
5765,1090,2,21,1,3648,23,Sold,82,54,12,17302,7972097,197751
5766,118,8,26,3,4473,61,Active,36,80,49,17921,4003600,153290
5767,87,1,33,2,3201,110,Active,88,32,10,16828,3873087,354367
5768,911,2,16,4,3346,113,Sold,76,49,16,15091,7222772,259722
5769,871,6,40,1,3579,90,Sold,43,94,38,15458,7063456,125573
5770,695,2,14,5,4068,15,Active,84,57,15,18402,6372637,205904
5771,403,4,23,4,3742,12,Active,78,50,20,16990,5197569,222164
5772,153,4,27,5,4349,199,Active,77,59,18,16841,4137263,272891
5773,673,5,16,4,3205,13,Active,41,99,39,17369,6286228,109803
5774,1067,5,26,4,3015,149,Active,41,87,42,15239,7878487,103873
5775,495,1,33,4,4076,14,Sold,96,29,7,17605,5564356,435867
5776,194,3,13,4,4907,102,Sold,50,75,21,16815,4311431,288642
5777,1050,6,11,2,4827,136,Sold,33,96,58,18489,7806930,164881
5778,156,4,28,5,3104,130,Active,74,59,18,15457,4152565,218681
5779,317,8,29,2,4185,62,Active,34,98,59,17105,4833483,136724
5780,1006,4,3,4,4191,167,Sold,67,56,22,15417,7606660,260586
5781,178,7,8,3,4568,100,Sold,44,84,54,16962,4244374,156290
5782,969,6,38,2,4386,120,Sold,34,93,44,15770,7454995,151817
5783,392,8,10,2,4051,156,Sold,39,96,51,16708,5148964,135992
5784,832,1,18,1,4396,195,Active,96,18,9,15214,6913591,350713
5785,744,5,28,5,4361,133,Active,30,88,41,16899,6552205,132330
5786,890,1,3,2,4482,138,Sold,91,19,8,17893,7139513,458811
5787,109,6,40,2,4073,107,Sold,34,82,53,16671,3964446,130662
5788,369,3,25,2,3566,168,Sold,51,84,26,18282,5050405,217760
5789,208,3,9,4,4852,132,Active,52,80,21,15441,4376237,297222
5790,565,3,14,5,3093,42,Active,53,88,22,17347,5849684,153324
5791,931,3,25,5,3032,78,Sold,64,82,18,15580,7300180,176778
5792,1092,2,34,5,4316,147,Active,80,56,13,16755,7978847,297866
5793,852,7,28,1,3128,43,Sold,32,82,36,16287,6998649,98682
5794,99,4,20,2,3673,83,Sold,67,67,19,16789,3914491,301886
5795,9,7,22,3,3380,157,Sold,35,98,55,15537,3540954,107146
5796,441,4,5,1,4620,177,Active,74,60,17,16007,5344284,246495
5797,32,7,15,4,4394,59,Sold,36,86,54,16181,3646714,157859
5798,278,2,33,5,4057,110,Sold,81,55,14,17458,4667866,291930
5799,870,2,17,4,3917,161,Sold,72,58,17,15937,7055805,298494
5800,637,6,36,1,4323,98,Sold,37,92,40,17370,6140864,138258
5801,1027,7,1,2,3065,170,Active,36,96,36,16313,7695319,108679
5802,866,7,21,1,3730,54,Active,31,98,35,17338,7037803,129670
5803,1035,4,31,5,3910,125,Sold,71,63,23,15926,7732673,219384
5804,457,4,7,2,4066,74,Active,74,69,15,16980,5401440,248132
5805,669,3,4,5,3599,51,Sold,63,75,25,15342,6269126,184015
5806,218,8,13,2,3152,20,Active,38,89,45,16425,4415841,100221
5807,1036,6,34,3,4247,168,Sold,31,91,41,16816,7737173,139225
5808,649,7,35,1,3560,138,Sold,44,84,55,17579,6198919,110139
5809,692,7,13,1,3767,25,Sold,40,92,36,18363,6360036,132011
5810,41,8,21,1,3848,16,Active,44,94,52,17004,3684968,138282
5811,318,3,24,3,4514,22,Sold,62,89,18,18242,4838883,247165
5812,627,2,14,3,4844,177,Sold,81,52,15,17102,6095409,304101
5813,982,1,21,5,4945,50,Active,99,18,7,17276,7506750,387737
5814,670,7,18,1,4147,66,Sold,43,90,55,15056,6271827,135939
5815,608,6,40,4,3112,185,Active,31,97,53,16230,6026552,111758
5816,410,6,5,4,3849,55,Sold,32,96,47,16071,5220522,126139
5817,527,7,37,3,3100,153,Active,30,99,50,18355,5693519,100998
5818,223,2,27,5,4854,43,Sold,76,57,13,17350,4434293,262405
5819,1050,3,35,5,4772,199,Sold,52,85,19,17508,7801530,300399
5820,210,1,13,5,4492,180,Sold,98,23,6,17739,4388388,499555
5821,781,5,40,4,3268,60,Active,33,81,55,16200,6690819,103112
5822,1031,8,8,4,3801,104,Active,34,84,48,16264,7711971,124718
5823,334,6,34,5,4885,106,Sold,30,93,55,15999,4915841,155187
5824,1065,1,24,5,3782,89,Sold,88,21,10,17659,7873987,316137
5825,874,2,9,5,3127,195,Sold,75,56,18,18255,7076957,192483
5826,742,5,28,2,4263,39,Sold,32,84,55,16017,6544554,151260
5827,176,5,11,1,3356,94,Sold,38,95,40,16547,4237173,111641
5828,1044,7,12,4,3526,94,Active,31,86,53,16566,7766876,121633
5829,1037,7,40,3,3226,167,Sold,43,84,46,15134,7743024,112110
5830,803,7,27,4,4945,63,Sold,31,93,38,16005,6785328,172501
5831,202,4,40,3,3059,74,Sold,68,52,15,18247,4346084,167610
5832,846,8,8,4,3225,129,Sold,42,91,53,17056,6965346,101265
5833,90,7,6,5,3726,15,Active,40,93,53,15195,3883438,129821
5834,132,6,23,5,4971,146,Sold,40,98,40,16630,4057155,150532
5835,1095,3,21,3,3349,172,Active,56,74,25,16434,7995499,182100
5836,783,6,14,2,4276,172,Sold,44,91,56,15448,6699819,142023
5837,345,5,38,5,4269,51,Sold,32,99,44,17356,4960396,150090
5838,32,3,21,5,4097,141,Sold,53,75,27,15600,3642664,240143
5839,1041,3,10,1,3356,127,Sold,51,76,23,15447,7757875,236005
5840,1023,7,1,5,3806,98,Active,31,96,49,16258,7677767,128666
5841,217,1,4,3,3217,11,Active,89,33,6,15245,4412241,361350
5842,701,8,32,4,3299,163,Active,32,86,40,17678,6392439,115175
5843,499,6,18,1,4628,21,Sold,40,88,50,16719,5582808,148290
5844,471,2,39,5,3834,152,Active,76,61,18,16364,5465796,273393
5845,62,1,27,3,3398,177,Sold,92,25,5,17350,3774977,388595
5846,107,4,33,4,4389,124,Active,78,60,20,18123,3954995,309688
5847,84,7,37,3,4942,67,Sold,39,81,46,17969,3859135,153805
5848,38,3,15,1,3816,154,Sold,52,85,23,16031,3669666,248596
5849,650,2,27,2,3083,180,Active,76,64,15,17499,6202520,202568
5850,102,3,39,5,4806,162,Active,61,79,20,16437,3929792,299248
5851,840,3,3,4,3349,21,Sold,53,73,23,17816,6944644,171651
5852,933,5,38,5,4255,95,Sold,36,98,53,17848,7312781,128569
5853,1045,2,26,1,3950,131,Active,72,46,16,15306,7771827,223224
5854,525,5,31,2,3703,111,Sold,35,99,52,15175,5686768,120296
5855,1094,2,25,3,3449,56,Sold,74,49,19,15850,7990099,223815
5856,850,7,36,4,3729,79,Sold,32,95,50,17230,6984248,127718
5857,83,5,12,1,4917,138,Sold,39,92,37,18049,3853285,166785
5858,731,6,16,1,4890,49,Sold,40,88,48,15779,6506750,149184
5859,961,5,2,4,3736,127,Active,37,80,47,16555,7419891,133495
5860,562,6,34,4,3985,60,Sold,32,91,35,16584,5837083,125894
5861,633,5,28,2,4220,18,Sold,44,86,48,17166,6123762,136281
5862,1024,1,13,5,4576,180,Sold,98,19,6,16037,7680468,395412
5863,645,3,2,3,4679,97,Sold,62,82,24,16865,6171017,319160
5864,1004,5,15,5,4282,23,Sold,34,90,47,15668,7599909,132065
5865,911,8,24,3,4070,67,Sold,34,86,43,18155,7221872,129507
5866,1012,3,2,3,3326,133,Sold,52,89,26,18320,7635463,227786
5867,391,1,28,1,4918,151,Sold,99,31,6,17800,5146714,494972
5868,845,7,35,5,4768,150,Sold,32,81,48,16992,6960846,151928
5869,160,4,34,4,3933,119,Sold,65,55,19,17871,4168316,321287
5870,735,8,35,1,4113,61,Sold,38,90,52,15733,6518901,124254
5871,418,1,29,3,3018,36,Active,92,18,7,17836,5251125,373002
5872,736,7,2,3,3447,111,Active,34,88,55,17066,6522052,108842
5873,652,6,38,1,4991,29,Sold,43,88,55,17379,6213321,179147
5874,606,4,12,3,3586,158,Sold,73,63,21,16551,6019801,216630
5875,963,7,39,5,4073,115,Sold,40,95,54,16735,7430243,129807
5876,181,8,22,4,3539,130,Active,31,80,51,17724,4258325,108032
5877,672,4,33,2,3677,52,Sold,70,61,19,18441,6279927,255498
5878,1014,3,9,2,3345,76,Active,53,75,23,16432,7638613,160785
5879,204,1,36,4,4865,143,Sold,88,26,7,15714,4358685,614583
5880,392,4,1,2,3992,116,Sold,76,50,20,15066,5152115,314929
5881,759,4,33,3,4645,124,Sold,68,50,17,15681,6604860,272216
5882,1045,6,7,3,4222,137,Sold,34,88,57,16861,7772727,149400
5883,889,3,24,2,3175,125,Sold,56,72,23,18085,7136363,189738
5884,702,5,23,1,4838,82,Sold,30,95,44,17254,6394689,158415
5885,388,1,8,1,4674,46,Sold,89,31,5,16348,5134563,452922
5886,266,1,32,1,3835,132,Sold,98,34,6,16510,4621962,378323
5887,785,2,2,5,4517,88,Sold,76,46,12,16769,6716921,274162
5888,649,4,35,3,4541,8,Active,77,56,15,18377,6197569,376406
5889,178,6,8,5,4474,58,Sold,42,89,40,17233,4243474,141897
5890,928,1,32,3,3546,130,Sold,93,22,11,15149,7288478,349077
5891,960,5,19,5,4309,102,Sold,42,97,45,16121,7417191,151194
5892,471,4,26,1,3549,199,Active,69,59,20,17101,5464896,262007
5893,186,7,35,4,3076,126,Sold,37,95,45,17829,4279027,108626
5894,393,4,35,5,3627,144,Sold,76,64,20,15694,5157515,226368
5895,272,5,16,3,4143,165,Sold,31,97,37,17903,4648064,144640
5896,1033,2,15,2,4269,41,Sold,78,56,18,15807,7721872,285000
5897,1095,7,23,4,4720,106,Sold,32,89,47,15727,7996849,149388
5898,2,3,19,2,3147,80,Sold,55,75,26,16610,3509900,189223
5899,997,1,8,2,4405,38,Sold,99,23,11,18221,7569306,565382
5900,774,8,34,5,3384,139,Sold,41,84,48,16686,6662916,102386
5901,381,2,17,2,4074,64,Active,83,53,15,17085,5099009,207611
5902,298,6,40,4,3345,80,Active,30,83,55,15620,4756975,106170
5903,253,5,10,3,3450,84,Sold,32,87,41,16555,4558505,122206
5904,1055,5,23,5,4508,124,Sold,44,86,44,15477,7829432,147276
5905,282,7,34,1,3191,197,Sold,39,92,36,16377,4682268,99546
5906,382,1,7,4,3927,104,Sold,91,21,9,18427,5102610,344840
5907,533,6,32,1,4362,49,Sold,41,80,41,15159,5722772,152679
5908,713,7,13,2,4230,168,Sold,41,84,54,16589,6434743,134692
5909,432,3,20,1,3193,15,Active,58,78,26,15164,5304230,197046
5910,450,1,23,5,4760,113,Sold,88,31,11,17129,5377137,574520
5911,1080,4,39,1,4110,84,Sold,79,53,20,15318,7929792,286290
5912,1023,7,25,4,3716,121,Sold,43,81,44,15533,7672817,117485
5913,447,5,33,5,3142,151,Sold,35,81,49,15036,5369486,99746
5914,1002,6,7,4,3403,32,Sold,33,98,46,15379,7592709,107923
5915,777,4,1,3,4749,112,Sold,74,50,15,15155,6676867,274321
5916,758,3,31,4,3283,135,Active,61,89,19,15327,6602610,159937
5917,834,1,27,1,4323,15,Sold,99,18,5,15728,6925292,476697
5918,82,1,27,3,4340,110,Sold,97,22,11,15084,3851935,481295
5919,801,2,6,2,3522,146,Active,78,53,14,17422,6779927,204086
5920,390,4,32,5,4634,14,Active,65,56,18,15922,5138613,356607
5921,258,2,23,5,4615,84,Sold,72,50,15,17858,4581908,341438
5922,295,6,7,2,4430,108,Active,32,95,42,16743,4741674,137862
5923,433,1,5,1,3241,102,Sold,94,32,5,15471,5309630,318550
5924,1061,3,15,3,3586,155,Active,55,81,27,15183,7860936,207529
5925,1066,1,38,2,4939,145,Active,95,33,6,15781,7876237,621079
5926,213,3,7,4,4622,197,Sold,60,76,27,16678,4398739,296178
5927,828,2,33,2,3517,132,Sold,82,48,13,17061,6900090,245087
5928,595,2,27,4,3651,61,Active,82,50,12,16096,5978397,250264
5929,547,8,4,4,4626,33,Sold,35,82,43,16077,5771827,159773
5930,784,5,32,2,3156,184,Active,39,82,35,17974,6707920,109456
5931,731,4,39,3,3937,199,Sold,72,53,22,18195,6505400,256299
5932,765,4,25,2,3676,138,Sold,67,68,20,15764,6626912,218349
5933,927,5,15,3,3520,100,Active,43,99,57,17137,7283978,122686
5934,483,5,24,3,4196,62,Sold,36,98,42,15945,5516651,127709
5935,514,8,21,1,3904,115,Sold,38,87,44,18047,5639063,121719
5936,1092,6,37,3,4652,142,Active,41,80,50,17428,7980648,166644
5937,533,2,13,5,3174,149,Sold,74,63,15,17413,5718271,199527
5938,937,4,39,5,3211,131,Sold,73,68,17,15301,7324482,197382
5939,961,8,29,5,4092,93,Sold,43,89,41,17850,7421692,123889
5940,623,1,8,5,3737,86,Sold,94,29,9,16186,6085058,436369
5941,917,4,1,1,3971,192,Active,65,63,17,15342,7251125,245267
5942,808,3,19,5,4518,165,Active,59,88,25,15371,6805580,269822
5943,850,6,13,4,4961,66,Sold,38,98,37,18139,6982448,167999
5944,1071,3,33,3,3696,36,Sold,56,71,25,17131,7895139,239300
5945,937,2,32,4,4709,177,Sold,80,58,16,18386,7325382,341273
5946,234,3,14,1,3988,170,Active,51,73,21,16004,4480198,196056
5947,374,2,37,3,3240,153,Sold,72,56,14,16786,5073807,226365
5948,648,7,36,1,4914,17,Sold,40,90,49,15008,6192169,156167
5949,440,7,18,3,4706,64,Sold,40,96,42,16938,5339333,153670
5950,327,2,25,3,4767,61,Sold,83,51,15,15478,4875787,323399
5951,909,4,37,5,3801,17,Active,66,57,23,16111,7211521,239875
5952,678,2,39,1,3919,152,Sold,73,52,15,17104,6304680,282768
5953,640,2,34,1,3424,15,Sold,81,60,17,17953,6154815,226517
5954,556,2,6,3,3224,11,Active,81,45,14,16611,5808730,202453
5955,544,5,27,1,3786,124,Sold,31,95,46,15445,5758775,118668
5956,472,3,38,3,4293,171,Sold,64,81,26,16891,5468046,272059
5957,352,3,29,1,3855,17,Sold,54,79,19,18368,4991899,256416
5958,374,2,30,1,3413,171,Sold,75,64,16,15721,5072007,253589
5959,504,2,1,3,4272,107,Sold,81,50,12,17074,5603960,301576
5960,484,1,27,1,4538,46,Active,98,25,5,17485,5520252,520225
5961,795,2,29,5,3277,108,Sold,79,64,15,16086,6755625,255733
5962,658,5,2,5,4963,23,Sold,39,89,46,18402,6232223,153386
5963,546,6,17,4,3031,56,Sold,40,86,44,15412,5767776,104424
5964,1038,6,37,1,3405,129,Sold,40,83,54,17475,7747074,116955
5965,967,2,15,2,3679,186,Sold,77,53,16,15724,7446444,199081
5966,610,5,15,2,3705,117,Sold,42,82,39,17559,6034203,120472
5967,275,7,5,5,4847,111,Active,36,98,44,15133,4660666,172291
5968,85,5,26,2,4958,116,Sold,43,98,56,17305,3864986,149385
5969,302,1,27,3,4957,21,Active,91,22,7,18080,4769576,402570
5970,997,6,35,2,4732,96,Sold,40,90,38,18465,7568406,164560
5971,285,7,35,5,4826,73,Active,35,89,55,15309,4693069,173089
5972,468,1,28,3,3247,133,Sold,92,30,10,16003,5450945,422459
5973,961,3,27,2,4674,149,Active,61,86,22,18331,7422142,285032
5974,908,6,18,4,3115,101,Sold,35,96,42,15482,7210171,104801
5975,360,6,24,1,4899,88,Active,40,91,50,16227,5017101,150233
5976,39,7,12,1,3078,65,Active,43,86,55,16774,3670567,97671
5977,43,6,12,1,3689,19,Active,39,97,36,17632,3692169,112610
5978,786,4,21,4,3454,193,Sold,76,58,24,15325,6718271,283874
5979,231,8,6,2,4437,12,Active,35,99,45,15752,4464896,144043
5980,366,2,28,4,4745,192,Sold,84,46,12,15055,5039153,307066
5981,52,7,29,2,4001,156,Sold,35,89,59,17343,3731773,135962
5982,357,2,13,1,3212,48,Sold,76,47,17,16594,5009000,177102
5983,313,8,4,2,3152,182,Sold,44,83,40,15903,4819981,111972
5984,755,8,18,5,3992,159,Sold,42,98,41,15508,6592259,132958
5985,1042,1,1,2,3960,9,Active,93,25,5,17952,7762376,389951
5986,231,4,21,2,4739,190,Active,78,52,15,16710,4466246,388987
5987,341,6,26,5,3867,107,Sold,36,98,45,17331,4943294,138354
5988,816,2,40,4,4365,120,Sold,80,62,18,16005,6839783,296200
5989,314,4,37,3,3420,31,Sold,72,66,16,16250,4821332,260383
5990,1047,8,30,5,4002,14,Sold,32,87,44,17780,7788028,136212
5991,971,6,25,1,4517,36,Sold,40,86,40,16172,7466696,146604
5992,907,8,32,5,3498,119,Sold,39,93,48,16317,7203420,112824
5993,552,1,23,1,3347,13,Active,90,26,7,17254,5792979,261861
5994,721,5,13,5,4373,163,Active,36,95,35,15496,6463546,151988
5995,264,1,22,4,4486,180,Sold,89,24,11,16021,4610711,348742
5996,814,4,32,2,3486,48,Sold,66,63,24,16697,6832583,205367
5997,183,4,3,1,4967,116,Sold,76,57,15,15033,4265526,295397
5998,434,6,14,5,3588,15,Active,36,99,57,16892,5312781,108372
5999,1033,5,7,2,4667,23,Active,37,96,43,15291,7719621,145517
6000,880,8,8,2,4491,65,Sold,37,87,50,18258,7099909,152865
6001,303,8,6,4,4028,168,Sold,37,88,37,18400,4776327,128074
6002,507,2,27,4,4915,39,Sold,84,62,14,17955,5614761,321453
6003,611,5,6,2,3921,93,Sold,31,93,54,16143,6036903,121990
6004,40,1,15,2,3945,58,Sold,96,33,7,18102,3674617,412045
6005,434,7,9,3,3340,155,Sold,34,83,47,16203,5313231,109218
6006,1005,4,7,2,3740,70,Sold,65,62,20,17202,7601260,310285
6007,514,3,26,3,3986,105,Sold,61,73,23,16609,5643114,279428
6008,47,8,10,2,3468,147,Sold,39,89,35,17424,3711071,106544
6009,405,1,5,4,3333,156,Active,88,23,7,17133,5203420,453321
6010,714,6,35,1,4491,125,Sold,39,87,58,17904,6438343,150341
6011,608,4,39,1,3065,44,Active,70,61,15,18481,6025652,239052
6012,650,5,24,2,4271,145,Sold,38,82,45,15607,6200270,147589
6013,551,6,13,1,3749,150,Active,34,83,46,18047,5789828,118828
6014,983,1,15,1,4596,184,Active,89,24,6,18259,7510801,621437
6015,298,7,3,4,3619,89,Sold,37,97,46,17099,4757425,109135
6016,367,8,24,3,4623,99,Sold,44,92,55,15005,5044554,154297
6017,699,8,2,1,4979,110,Sold,40,89,53,16954,6384338,165731
6018,970,5,10,2,3772,199,Sold,42,80,35,15294,7463546,123789
6019,874,8,24,5,4678,163,Active,44,84,35,17022,7072007,142062
6020,1042,3,17,3,4801,73,Active,59,84,27,17931,7760576,307740
6021,728,5,1,4,3669,165,Active,40,95,47,18417,6497299,131805
6022,437,1,33,4,4905,90,Sold,90,22,9,16546,5326282,473394
6023,147,8,2,4,4930,55,Active,31,87,41,15253,4120612,159436
6024,434,5,31,4,3113,41,Sold,42,96,48,16512,5310081,102106
6025,807,8,37,3,4564,58,Active,31,88,40,16124,6799729,156390
6026,547,5,15,3,3494,26,Sold,30,96,52,15727,5772727,121731
6027,345,3,5,1,4415,63,Sold,52,70,20,15712,4961746,231629
6028,871,1,10,5,4836,41,Active,94,24,8,16152,7061206,596327
6029,481,8,22,5,3357,114,Active,32,91,54,18236,5504950,105007
6030,407,7,10,3,3166,76,Active,39,88,52,16092,5211971,106131
6031,52,2,11,5,3387,199,Sold,73,56,15,16118,3731323,215923
6032,773,6,40,3,3559,166,Sold,35,80,56,16953,6657515,117867
6033,14,8,15,4,3070,51,Sold,35,80,52,18047,3559405,95471
6034,78,2,23,3,3956,77,Sold,73,55,18,15041,3834833,209972
6035,761,8,23,1,4821,97,Sold,35,95,44,16233,6612961,161079
6036,184,4,34,3,3217,177,Sold,74,54,20,17584,4271827,258237
6037,5,8,10,4,4580,87,Sold,35,98,37,15604,3523402,156654
6038,1094,5,12,2,3714,187,Sold,42,97,55,16556,7991449,120943
6039,677,5,34,2,3076,20,Sold,31,82,56,17256,6299729,106263
6040,852,1,13,1,3312,110,Sold,98,22,8,16164,6996399,408129
6041,1019,7,22,4,4883,192,Sold,43,80,54,16369,7656165,166559
6042,244,8,28,1,4772,161,Sold,43,89,50,16689,4523402,163040
6043,666,3,29,3,3002,9,Active,54,80,20,16713,6258325,208219
6044,800,7,26,4,3970,124,Sold,37,98,56,18058,6777227,127477
6045,798,4,12,2,3894,102,Sold,75,61,17,16253,6769126,315757
6046,1078,7,21,1,3290,169,Active,44,97,42,16355,7924842,116571
6047,204,3,14,2,3017,168,Sold,58,88,24,17733,4356885,163459
6048,667,1,4,1,3481,94,Active,97,29,6,16830,6261476,322471
6049,926,3,8,2,3987,76,Sold,62,86,21,17893,7282178,275160
6050,530,2,13,1,3634,168,Sold,74,49,18,17190,5705670,232229
6051,217,3,13,4,3728,180,Sold,53,72,25,16001,4414491,196874
6052,478,2,39,5,4633,195,Sold,83,54,13,18484,5495499,300934
6053,952,8,18,5,3180,17,Active,43,88,41,15893,7381638,103744
6054,217,4,12,4,3031,98,Active,73,67,16,17981,4411791,180864
6055,599,1,37,3,4756,191,Active,96,19,7,15055,5995949,386413
6056,901,7,21,3,3334,125,Sold,41,94,53,18493,7181818,110682
6057,740,4,40,3,4090,23,Active,79,58,23,18261,6534653,266216
6058,895,2,12,2,4297,60,Active,82,55,18,15561,7159765,300140
6059,970,4,23,2,5000,35,Active,74,54,18,16698,7461296,418180
6060,280,3,1,4,4197,106,Sold,54,87,19,17981,4676867,230546
6061,384,6,4,4,3045,15,Sold,34,92,51,18397,5117911,101910
6062,447,3,24,3,4314,61,Sold,60,83,19,15146,5367686,268352
6063,716,4,14,4,3329,86,Sold,71,50,18,16776,6446894,246418
6064,573,8,25,3,4201,94,Sold,39,84,47,15013,5883888,136138
6065,348,7,26,4,4920,175,Active,31,89,38,15756,4974797,171629
6066,458,8,7,1,3077,36,Sold,37,98,56,17241,5406390,100119
6067,473,4,6,4,4788,18,Active,65,60,16,17464,5471647,371056
6068,446,1,23,4,4332,135,Sold,89,33,5,17444,5363636,451145
6069,853,8,29,5,4596,52,Sold,43,99,48,16972,7000450,156963
6070,137,5,2,3,3076,86,Active,44,99,46,18094,4074257,99164
6071,108,8,26,3,4612,87,Sold,35,82,48,17899,3958595,158810
6072,861,1,38,2,3850,154,Active,89,27,9,15648,7022502,457621
6073,657,5,4,5,4339,8,Active,42,83,38,17971,6228622,151943
6074,25,2,29,3,3770,142,Active,82,45,16,18010,3617011,285688
6075,10,4,1,2,3706,86,Sold,71,59,24,15573,3544554,248888
6076,672,3,31,5,3910,37,Sold,53,71,21,15965,6285328,275226
6077,26,3,12,5,3379,182,Active,52,84,24,15663,3620612,165068
6078,446,8,4,4,3764,158,Sold,42,98,50,15189,5362736,124483
6079,764,8,40,2,3423,195,Sold,34,95,44,18340,6622862,115889
6080,183,4,4,3,3413,69,Sold,67,62,21,16573,4266876,255060
6081,1093,6,20,1,4860,57,Active,39,86,40,17115,7981548,151622
6082,1008,1,23,5,4602,144,Active,89,32,10,18208,7620162,423234
6083,962,7,3,3,4350,72,Active,36,96,49,17141,7424842,155217
6084,950,8,2,1,3010,196,Active,32,93,53,15413,7370837,106127
6085,384,3,35,4,4232,126,Sold,56,83,26,15671,5116111,210165
6086,461,1,25,2,4769,65,Sold,93,26,7,18083,5419441,441896
6087,30,3,37,4,4087,18,Sold,62,87,22,15067,3638613,199459
6088,937,8,36,5,3556,169,Sold,32,80,45,17138,7326732,107185
6089,570,2,29,3,4866,36,Sold,84,64,17,16632,5871287,344149
6090,241,1,17,5,4189,144,Sold,99,19,7,17830,4510801,495119
6091,763,5,40,3,4235,61,Sold,33,94,49,17053,6620162,143600
6092,547,7,9,3,4265,149,Active,42,96,47,17746,5773177,152986
6093,940,5,28,3,3901,89,Sold,32,96,59,16250,7340234,122413
6094,513,6,21,4,3354,192,Sold,38,88,45,16381,5634113,119047
6095,613,1,37,1,3435,147,Sold,90,30,6,17881,6047704,416614
6096,793,1,26,2,3882,179,Active,93,33,8,16654,6747524,411463
6097,119,4,1,3,3926,84,Active,67,64,21,16532,4005850,255528
6098,999,1,11,3,3266,159,Sold,91,20,11,17151,7574257,289743
6099,451,3,18,2,4106,162,Active,55,85,26,15036,5382538,206364
6100,1049,5,33,2,3751,162,Sold,32,86,58,17840,7797479,117129
6101,804,1,21,2,4581,193,Sold,97,33,7,16519,6789378,462990
6102,241,1,21,5,4854,135,Active,93,28,10,18057,4512601,467295
6103,310,5,27,5,3729,144,Sold,32,89,43,17083,4805130,116099
6104,962,4,31,5,3507,30,Sold,65,53,16,15150,7428442,231166
6105,514,5,16,3,3299,90,Sold,31,92,47,16477,5639963,104235
6106,854,7,26,2,4170,169,Sold,38,92,44,15534,7003600,125417
6107,428,8,32,5,4028,13,Sold,44,85,43,17149,5290279,140867
6108,642,6,21,4,4457,45,Sold,36,98,45,15978,6161116,137721
6109,141,6,38,5,4018,21,Sold,34,98,55,15676,4093609,135503
6110,313,4,22,2,3298,60,Sold,76,63,20,15813,4819081,198170
6111,368,2,24,4,4491,129,Sold,80,47,18,17897,5045904,259267
6112,295,1,26,4,3758,161,Sold,90,22,9,16969,4743924,372559
6113,1090,2,7,2,4121,67,Sold,84,48,16,17273,7973897,209637
6114,818,8,3,2,3182,124,Sold,36,88,43,15048,6846984,102149
6115,388,7,18,1,3833,183,Active,30,98,38,18225,5133663,128865
6116,628,1,31,5,4588,134,Active,94,29,5,17947,6102610,441308
6117,751,7,18,3,3514,59,Active,35,89,47,15319,6577857,123138
6118,759,5,15,2,4610,179,Active,35,88,52,15299,6606210,152176
6119,378,4,39,4,4491,11,Sold,74,67,21,18235,5089558,276268
6120,25,6,23,4,3722,80,Active,34,98,47,15930,3617461,114340
6121,674,1,29,4,3216,60,Active,93,33,5,17611,6288028,256307
6122,401,4,36,5,4621,74,Sold,66,67,24,17267,5189918,359440
6123,366,7,39,1,3118,112,Active,33,86,38,16849,5038253,97038
6124,973,4,12,4,3492,73,Sold,74,61,16,16861,7472547,288293
6125,1096,5,24,2,3891,149,Active,35,84,43,16230,7998649,124800
6126,245,2,12,4,3890,48,Sold,72,59,18,15449,4529702,220988
6127,100,6,15,3,4768,100,Sold,34,82,50,15191,3918541,169121
6128,231,5,21,5,3179,116,Sold,35,83,49,15656,4468046,109161
6129,1074,7,39,4,3259,65,Active,43,84,38,17920,7910441,106269
6130,440,5,14,2,3384,166,Sold,35,82,49,17814,5335283,113540
6131,434,1,25,3,4549,162,Sold,92,19,10,18081,5310531,440252
6132,1052,8,30,3,3580,57,Sold,37,80,36,15733,7811881,109763
6133,955,2,39,3,3106,199,Active,75,63,12,18276,7396039,217185
6134,1035,2,34,1,3059,165,Sold,80,50,14,17117,7733573,181479
6135,468,1,18,1,3498,143,Sold,93,27,6,17777,5452295,424946
6136,147,2,2,3,4419,133,Active,76,58,15,16674,4119261,306855
6137,71,7,20,5,4910,45,Sold,34,83,50,16143,3802430,167441
6138,645,6,23,3,3323,112,Sold,39,90,47,16283,6174167,118392
6139,327,1,36,1,3625,180,Sold,94,30,6,18450,4877137,389488
6140,296,4,35,4,3114,80,Active,68,51,18,15433,4747524,189294
6141,170,5,15,5,3511,68,Sold,43,92,51,15593,4211521,105435
6142,835,3,35,3,4717,142,Sold,58,71,20,15297,6929342,248605
6143,193,1,25,1,4271,193,Active,94,34,6,15895,4306480,407443
6144,719,3,15,2,4007,40,Active,55,70,20,15954,6456345,252217
6145,777,5,17,5,4056,63,Sold,38,81,56,17456,6676417,143874
6146,1055,6,30,4,4739,90,Sold,37,99,35,17020,7831233,147724
6147,702,8,14,3,3447,21,Sold,43,89,51,15161,6393339,123603
6148,791,7,25,4,3328,190,Sold,32,99,42,15475,6738523,103288
6149,745,3,22,1,3599,199,Active,56,84,23,18346,6554905,247070
6150,54,4,8,5,4948,180,Sold,66,65,15,17095,3741224,333770
6151,997,1,27,4,4115,160,Active,97,33,9,16883,7566606,454430
6152,1022,6,28,3,3430,27,Active,42,90,37,16626,7671467,109863
6153,205,2,33,1,3799,174,Active,77,46,17,15317,4365886,192895
6154,786,8,3,5,4720,106,Sold,41,94,53,18004,6720072,142308
6155,248,5,28,1,3721,90,Sold,40,89,53,16340,4539153,125524
6156,903,4,3,2,3232,33,Sold,69,59,21,15348,7191719,177542
6157,444,7,32,3,4701,132,Active,34,87,39,17663,5357785,158424
6158,41,4,2,1,4371,67,Sold,69,69,16,18226,3682718,282915
6159,409,2,40,1,4502,14,Active,75,63,12,17428,5220072,233128
6160,48,1,38,5,4400,59,Sold,93,23,6,17960,3715121,471427
6161,799,3,16,5,3701,61,Sold,53,88,18,17632,6774077,211626
6162,1034,5,9,3,3852,133,Active,34,90,39,16549,7725472,125398
6163,484,5,2,1,3030,30,Sold,36,92,37,15463,5519801,98560
6164,331,3,13,3,4455,26,Sold,64,84,20,17095,4899189,268227
6165,293,6,8,5,3135,79,Active,42,93,54,17166,4729522,100702
6166,1038,6,38,4,3378,140,Active,41,88,41,17182,7748424,107914
6167,288,4,13,4,3371,133,Sold,65,56,22,17909,4706120,228490
6168,111,7,35,5,3024,196,Sold,36,87,49,16047,3972547,106941
6169,729,1,28,2,3805,151,Sold,89,25,7,16107,6500900,349156
6170,973,6,7,1,3471,21,Sold,36,99,38,17557,7476147,118632
6171,73,5,27,4,4064,122,Active,39,99,55,16353,3809180,122115
6172,61,7,4,5,4291,56,Active,40,88,35,16496,3768676,140934
6173,110,4,36,5,4640,51,Sold,78,68,15,16508,3966246,284184
6174,522,4,12,4,3314,107,Active,77,67,19,15764,5675967,237606
6175,767,8,32,3,3342,158,Sold,44,86,38,18376,6636813,101216
6176,988,5,19,1,3088,195,Sold,38,87,43,15425,7536453,94616
6177,350,3,8,5,3561,54,Sold,61,86,20,17016,4983348,178130
6178,486,2,23,5,3219,172,Sold,84,53,19,16569,5527452,201391
6179,98,7,7,5,3600,11,Active,31,85,54,16061,3911791,121226
6180,249,4,37,2,4591,148,Sold,69,62,23,18325,4545454,364064
6181,292,8,37,2,4855,32,Active,34,94,44,17846,4722322,154865
6182,267,6,38,1,4705,165,Sold,31,93,53,18075,4623762,160732
6183,851,5,10,1,3567,24,Sold,40,95,37,16450,6991899,116042
6184,888,5,39,3,4132,164,Sold,37,93,58,18012,7132313,131753
6185,387,5,28,5,4286,27,Sold,34,98,49,18196,5126912,153173
6186,307,4,8,2,3183,117,Active,70,65,16,16954,4790279,242874
6187,383,7,28,4,3635,84,Active,39,89,48,15562,5111161,124644
6188,1035,6,12,2,3839,156,Active,33,88,50,15609,7730873,123908
6189,727,4,18,3,4444,195,Active,68,52,20,16806,6492799,283285
6190,298,6,8,5,3950,30,Active,42,91,47,17044,4755625,137405
6191,18,6,36,4,4345,97,Active,31,80,54,17301,3584608,152014
6192,301,6,11,1,3670,183,Sold,34,82,40,15122,4768676,114702
6193,60,6,5,3,4622,163,Active,30,81,56,18477,3765526,149050
6194,73,4,19,4,3726,127,Active,78,66,16,15900,3810531,203466
6195,502,6,38,3,3537,145,Active,44,98,51,17678,5599009,124573
6196,648,2,24,4,4793,164,Sold,76,53,16,17399,6191269,288230
6197,135,3,37,2,4582,70,Sold,50,71,18,15395,4066156,302735
6198,683,4,26,5,4672,17,Active,69,61,24,15482,6326282,265017
6199,196,3,6,3,3934,142,Active,52,78,27,16688,4319081,202189
6200,619,6,13,1,4217,120,Sold,43,85,56,15308,6072007,135138
6201,515,4,9,4,4973,35,Sold,77,57,18,18251,5644914,315388
6202,975,7,39,2,4911,148,Sold,37,84,53,16228,7483348,154166
6203,952,1,13,5,3239,128,Sold,93,25,9,17938,7382088,262942
6204,244,5,11,1,4675,138,Active,38,93,58,16340,4523852,166355
6205,236,3,25,2,3065,12,Sold,52,77,19,15324,4488748,184969
6206,769,4,26,2,4869,162,Sold,71,66,15,16527,6640864,307088
6207,584,5,6,5,4865,55,Active,30,90,52,17159,5935193,174293
6208,648,2,3,2,4119,50,Sold,73,59,14,17089,6192619,279265
6209,755,6,18,2,3770,103,Sold,42,87,55,15732,6594509,117730
6210,460,1,23,5,3917,193,Active,92,23,9,16303,5415391,395255
6211,929,7,30,3,3388,199,Sold,33,90,37,17655,7296579,105604
6212,902,7,35,1,3597,164,Sold,31,90,57,17680,7188118,114744
6213,196,3,2,4,3432,195,Sold,52,83,22,17515,4318181,237110
6214,445,5,4,1,3479,102,Sold,36,92,48,17799,5361386,110430
6215,962,2,7,4,4653,30,Active,80,54,13,17741,7427542,260451
6216,878,4,24,2,4557,93,Sold,74,52,18,17996,7094059,306502
6217,804,5,17,4,4740,147,Active,34,87,52,16275,6791179,162544
6218,275,2,18,3,3342,40,Sold,84,64,15,17428,4658415,256585
6219,679,8,26,3,3499,167,Active,42,91,55,17921,6307830,110316
6220,782,2,7,4,3149,167,Sold,83,53,15,18068,6697569,166936
6221,800,4,24,1,4722,112,Sold,77,66,15,15607,6775877,374865
6222,1096,2,12,1,4724,7,Sold,79,50,15,17659,8000000,264094
6223,512,2,19,2,3690,192,Active,80,59,14,18354,5630963,243391
6224,630,3,23,5,3782,167,Active,52,86,23,17372,6112511,192852
6225,588,1,27,3,4555,89,Sold,89,22,7,15985,5951395,548775
6226,663,6,2,2,3698,185,Sold,34,94,48,16923,6250675,125177
6227,382,5,6,1,3943,57,Active,37,91,50,18481,5100810,135884
6228,328,6,13,4,3764,80,Active,38,88,58,16170,4882088,129128
6229,390,7,6,2,3733,163,Active,42,83,43,18241,5142214,126160
6230,542,8,27,3,4955,15,Sold,43,91,58,15890,5751125,174079
6231,983,5,8,1,3946,137,Active,42,89,36,15979,7509450,136137
6232,894,7,13,3,4112,150,Active,33,97,35,16051,7157515,135852
6233,280,7,12,2,3740,135,Sold,30,94,47,16677,4677767,121580
6234,227,7,30,2,4540,132,Sold,36,83,43,18275,4450945,151890
6235,368,5,2,5,4378,128,Sold,33,80,57,17274,5048154,152494
6236,926,7,5,2,4219,82,Sold,36,94,46,17510,7276777,135582
6237,730,3,34,5,4225,105,Active,62,83,18,17337,6503150,251905
6238,357,3,36,1,4183,74,Sold,51,73,23,17163,5008100,204719
6239,365,3,35,1,4204,149,Active,57,83,19,17626,5035553,284755
6240,42,3,22,5,4692,180,Sold,63,82,24,15354,3686768,249990
6241,451,2,17,5,4941,28,Sold,74,51,18,16315,5383888,378313
6242,876,5,16,4,3382,120,Sold,43,85,36,17448,7084608,116882
6243,91,4,34,1,3065,35,Sold,67,66,21,18400,3889738,172155
6244,7,5,30,2,3521,61,Sold,34,97,45,16390,3531503,118179
6245,158,8,12,1,4333,171,Sold,42,83,37,16495,4159315,132824
6246,520,7,15,3,3087,46,Active,35,94,50,16631,5664716,100278
6247,613,1,31,5,3105,143,Sold,93,31,11,15787,6046804,420223
6248,204,1,40,1,4814,190,Sold,92,23,10,17009,4357335,487767
6249,138,7,15,5,3070,149,Sold,43,80,45,17379,4076957,98700
6250,1046,4,19,2,4108,180,Active,67,52,18,16563,7784428,284598
6251,250,5,4,2,4661,135,Sold,33,82,35,15511,4549954,166109
6252,140,6,21,2,4397,136,Sold,35,97,49,15512,4085508,146235
6253,301,1,20,5,4522,68,Sold,96,28,5,17796,4768226,549095
6254,136,8,29,3,3092,18,Sold,31,83,43,17665,4070657,98084
6255,1090,1,33,5,3178,8,Active,88,27,5,16606,7971197,387589
6256,307,3,34,3,4329,172,Sold,56,86,27,15878,4792979,215356
6257,425,7,19,2,3875,143,Sold,42,93,40,17370,5270477,123884
6258,60,4,11,4,3873,123,Sold,65,54,21,17220,3765976,283988
6259,668,5,30,1,4957,85,Sold,36,85,51,15931,6265976,158227
6260,257,8,14,3,4484,199,Sold,43,94,51,17399,4575157,150734
6261,83,7,33,2,3897,95,Active,43,94,52,16627,3854185,132654
6262,964,8,13,3,3060,170,Active,31,83,46,16617,7436993,102951
6263,783,7,40,2,3260,15,Sold,44,86,54,16941,6702070,100258
6264,189,7,18,5,3085,193,Sold,34,93,46,17974,4293879,100188
6265,621,4,36,1,3424,106,Active,69,54,19,15969,6080108,264631
6266,107,4,10,4,4254,139,Active,73,50,17,16309,3952745,315677
6267,469,6,17,5,3465,147,Sold,38,97,40,16355,5455445,120922
6268,1035,8,11,3,4113,8,Sold,41,86,43,17786,7733123,130793
6269,772,6,5,5,3570,131,Sold,43,99,35,16676,6654815,122922
6270,110,2,16,1,4017,71,Active,74,64,12,17026,3970747,286758
6271,631,6,8,2,4477,29,Sold,30,80,54,16166,6120162,140023
6272,8,7,39,3,4927,134,Active,33,94,53,16708,3536453,174928
6273,1087,7,8,3,3277,23,Sold,43,95,50,15464,7960846,113142
6274,21,1,20,2,4272,60,Sold,89,30,5,16121,3598109,513922
6275,416,5,31,5,4749,41,Sold,34,83,46,18003,5241224,162701
6276,517,5,16,2,3301,77,Sold,32,94,45,15239,5649864,102760
6277,215,7,12,4,3795,198,Active,42,80,36,17624,4401890,136392
6278,702,2,24,4,3403,184,Sold,80,52,15,15244,6394239,255599
6279,78,6,38,3,3679,8,Sold,36,83,40,16819,3835733,124821
6280,507,8,1,4,4720,7,Sold,30,85,52,16748,5615661,144168
6281,324,8,11,4,3999,95,Sold,34,82,40,15475,4866336,142252
6282,978,6,4,4,3345,73,Sold,40,87,47,16280,7494149,102136
6283,325,5,26,3,3094,180,Active,32,86,48,18179,4870387,105456
6284,836,8,29,3,3762,196,Active,34,82,49,15146,6932493,129593
6285,882,6,31,4,3897,70,Sold,33,96,35,17314,7108010,123340
6286,621,5,17,4,4285,9,Sold,31,96,55,17972,6078757,142408
6287,136,2,10,4,3650,37,Sold,80,56,12,18288,4072457,271780
6288,920,5,29,3,4145,189,Sold,41,97,46,15375,7262376,145067
6289,376,1,14,5,3232,180,Sold,99,22,9,17248,5079657,426042
6290,820,5,17,3,4224,139,Active,38,97,49,16643,6855985,149192
6291,613,6,15,3,4003,99,Sold,32,98,49,16320,6049504,129857
6292,951,2,34,3,3194,54,Sold,72,62,14,17749,7379387,179356
6293,205,3,33,2,4830,160,Sold,57,73,23,16664,4365436,281206
6294,961,1,15,5,3356,71,Active,98,21,5,17420,7420792,289665
6295,304,3,23,4,3860,172,Sold,61,80,23,17039,4779927,270608
6296,258,8,39,4,4392,42,Active,30,97,50,16255,4580558,136363
6297,392,7,14,3,4629,140,Sold,31,86,56,15332,5149864,152266
6298,11,8,21,4,4230,136,Sold,44,90,59,17248,3548154,151341
6299,889,5,3,1,4206,174,Active,40,83,59,15132,7136813,136283
6300,954,2,40,5,4117,156,Sold,79,64,15,15468,7392439,261700
6301,78,5,11,2,4104,70,Sold,44,93,57,15335,3837083,135514
6302,698,3,13,5,4220,122,Active,53,72,22,16895,6382538,271971
6303,901,1,34,3,4977,55,Sold,91,32,6,18024,7182718,549548
6304,72,1,19,2,3137,143,Sold,93,29,10,18136,3806030,324711
6305,802,7,31,2,4065,64,Sold,44,85,42,18280,6780828,139543
6306,255,2,30,5,4708,122,Active,81,45,16,15680,4565256,250162
6307,652,5,27,3,3359,96,Sold,37,85,51,16982,6210621,104519
6308,479,7,11,2,4927,80,Sold,33,89,49,18061,5500450,148608
6309,786,8,23,5,4290,132,Sold,33,92,45,16043,6721872,148254
6310,521,8,2,3,4265,7,Active,37,82,37,16142,5671917,136608
6311,362,8,25,5,3714,189,Sold,42,82,39,17894,5026102,132709
6312,82,6,2,5,4584,83,Sold,38,85,47,16683,3852385,142434
6313,142,8,17,4,3902,199,Sold,44,85,41,18451,4096309,130850
6314,142,7,10,2,4642,118,Sold,33,99,54,16071,4095409,159369
6315,685,2,6,5,4071,137,Sold,72,63,12,17964,6335733,296506
6316,1059,7,22,3,3670,73,Sold,35,98,36,16979,7851935,131914
6317,574,8,1,3,3656,56,Sold,38,93,56,17014,5886588,114031
6318,1035,5,12,4,3663,150,Sold,42,87,52,15766,7734023,117363
6319,671,7,4,4,4630,95,Sold,43,80,49,17829,6278577,152308
6320,121,4,12,4,4928,95,Active,73,61,24,17612,4017551,349169
6321,845,3,37,1,4822,72,Sold,58,89,18,15219,6962646,248645
6322,576,1,6,5,4046,22,Active,96,24,8,15477,5899189,378321
6323,20,7,37,4,3084,177,Active,36,92,48,15788,3591359,105528
6324,760,7,28,4,4515,88,Sold,43,90,47,15184,6608460,155596
6325,63,7,13,4,3381,54,Sold,33,98,36,16570,3780378,120986
6326,544,3,32,1,3470,98,Active,59,89,19,16125,5759225,189334
6327,988,1,23,2,3789,41,Sold,93,32,8,18409,7535103,479375
6328,20,7,2,3,3128,12,Sold,43,89,57,17055,3590459,102442
6329,914,5,20,5,3377,186,Sold,44,83,48,17652,7234923,109165
6330,502,1,29,5,4578,83,Sold,89,23,9,16187,5595859,348683
6331,187,5,27,1,3452,133,Active,32,80,41,18400,4289378,121932
6332,371,5,20,3,4901,64,Active,43,80,54,17812,5058955,148304
6333,672,5,3,4,3746,16,Sold,32,97,36,15041,6282178,126270
6334,696,2,12,1,3090,92,Sold,76,55,16,15158,6373987,158262
6335,249,8,3,3,4716,98,Active,41,90,48,15250,4545004,142197
6336,77,8,15,1,3825,65,Active,32,92,38,15968,3829432,114819
6337,771,7,39,3,4482,48,Sold,33,87,48,17380,6649864,147404
6338,706,8,38,5,4294,115,Sold,32,80,58,17410,6411791,144433
6339,925,1,28,4,4439,47,Sold,91,27,10,15038,7274977,333746
6340,487,2,3,2,4249,64,Sold,79,46,13,18383,5531053,227094
6341,1071,1,19,3,4188,20,Sold,97,27,6,15109,7895589,378197
6342,905,7,27,2,4358,181,Active,40,88,55,18211,7197569,137033
6343,455,7,35,5,4492,154,Sold,35,99,44,18203,5395139,159798
6344,978,4,25,3,4829,193,Active,74,60,19,16495,7493699,347748
6345,890,8,3,4,3976,98,Sold,43,92,36,17654,7142214,139295
6346,162,7,34,1,3286,68,Sold,42,82,45,17192,4177317,116896
6347,10,6,36,5,3727,79,Active,38,88,39,16193,3545904,127508
6348,885,4,2,3,3070,107,Sold,77,58,24,18331,7121962,217242
6349,219,8,33,1,4068,158,Sold,33,86,56,17513,4420792,139744
6350,318,5,18,2,3749,131,Active,38,87,36,15242,4841584,114967
6351,684,1,21,1,3669,97,Sold,93,28,5,16140,6334383,387767
6352,540,2,25,1,4222,163,Active,80,48,19,17504,5745724,265040
6353,524,4,27,5,4505,165,Sold,71,55,17,17635,5680918,355809
6354,373,7,13,2,3530,69,Active,38,90,39,15748,5070207,107686
6355,307,8,18,5,3832,77,Sold,40,86,44,15222,4792529,127230
6356,323,6,29,1,3562,183,Active,32,98,44,17349,4860486,125240
6357,429,1,27,1,3002,35,Sold,93,20,7,15419,5292979,326107
6358,232,6,14,4,4843,145,Active,33,97,46,17107,4471197,145300
6359,167,6,18,4,4477,124,Sold,34,87,51,17931,4194419,138662
6360,179,5,31,1,4975,196,Active,39,93,38,15791,4247524,153648
6361,549,4,2,5,3382,60,Sold,68,66,23,17318,5781728,232076
6362,62,3,6,5,4390,27,Sold,52,70,23,16854,3771827,232199
6363,902,1,10,5,3498,32,Sold,92,34,5,15300,7184068,413813
6364,983,1,1,5,4710,151,Sold,97,29,7,15943,7515751,524930
6365,221,8,39,5,4280,25,Active,37,95,45,15164,4427992,130335
6366,776,5,2,4,4250,21,Sold,43,88,40,15462,6670117,142137
6367,235,5,13,5,4793,94,Active,36,86,47,15222,4485598,166902
6368,940,7,31,4,4065,25,Active,38,86,53,15051,7337533,142210
6369,705,5,14,1,4583,134,Sold,42,89,52,17065,6408190,137939
6370,102,8,5,1,4544,111,Active,43,96,44,15189,3931593,146435
6371,933,2,1,3,3312,116,Sold,77,62,19,16921,7313681,206801
6372,239,8,28,3,3050,106,Sold,36,81,49,16634,4501800,98161
6373,50,3,7,3,4937,188,Sold,55,81,24,15862,3720522,249773
6374,1082,3,29,3,4892,199,Sold,56,83,20,15974,7941044,260333
6375,145,2,23,5,4392,11,Sold,76,59,12,16338,4106210,337262
6376,40,8,36,4,4960,8,Sold,41,80,49,15262,3677317,171209
6377,570,6,22,3,3030,119,Sold,34,82,50,18252,5873987,105965
6378,617,3,5,4,3030,61,Active,56,86,25,16941,6064806,161341
6379,240,4,10,4,3741,145,Sold,67,67,19,17349,4504050,218570
6380,417,6,20,3,3854,33,Sold,31,85,39,16325,5244374,131861
6381,622,5,30,5,4735,31,Active,30,92,42,15653,6082358,158907
6382,1070,6,38,4,4404,101,Active,30,81,37,17777,7890189,140761
6383,790,4,5,2,4345,161,Sold,65,52,24,18087,6734023,313670
6384,334,3,1,1,3028,145,Sold,52,74,18,16824,4914941,174626
6385,1043,7,31,1,4866,173,Sold,41,99,56,16901,7765076,153075
6386,60,2,37,4,3640,71,Sold,82,48,17,15644,3764176,231899
6387,315,2,12,5,3746,139,Active,72,57,15,16425,4825832,197903
6388,324,6,2,4,3783,197,Sold,38,96,36,16590,4865436,125346
6389,98,3,25,1,4978,14,Active,51,88,27,15785,3911341,324422
6390,161,2,20,1,3567,133,Sold,82,53,12,16470,4173717,181325
6391,44,3,1,1,4035,198,Sold,53,83,27,15174,3698019,207999
6392,158,3,31,4,4103,58,Sold,56,79,24,18088,4163816,246574
6393,1055,8,11,2,3969,97,Sold,35,99,42,17235,7829882,136415
6394,620,5,37,1,3169,196,Sold,38,93,46,15580,6075607,99348
6395,344,8,17,3,4207,184,Sold,40,96,47,15373,4957695,147750
6396,227,6,28,1,4122,148,Sold,31,88,51,17236,4453645,133726
6397,79,7,37,2,3946,71,Sold,31,85,54,15841,3838883,122863
6398,395,8,22,5,4501,163,Active,35,91,38,18362,5165166,150333
6399,886,2,6,2,4242,72,Sold,80,57,19,17768,7122862,271059
6400,461,4,16,4,3988,181,Active,71,55,22,18070,5418991,223314
6401,1072,3,37,4,3173,152,Active,55,83,20,18352,7898739,193934
6402,540,5,19,1,3036,49,Active,40,94,59,15384,5747074,101876
6403,983,2,24,3,4201,124,Sold,84,56,15,17893,7516201,317854
6404,679,4,27,4,4473,45,Sold,74,66,20,16868,6310531,337501
6405,703,7,2,3,3311,183,Sold,35,86,52,15716,6399639,116236
6406,153,4,2,2,3526,52,Active,71,56,18,17892,4140864,278018
6407,331,8,17,4,3627,117,Sold,33,95,46,15420,4898289,118784
6408,840,3,38,2,4830,45,Active,61,81,18,15263,6944194,249475
6409,1033,1,3,2,3540,24,Active,97,30,10,16570,7718271,355274
6410,910,4,15,2,3073,53,Active,65,60,22,15627,7216021,250098
6411,119,1,5,2,4491,92,Sold,88,33,10,15725,4006300,473318
6412,473,4,38,5,4565,102,Active,77,59,17,17281,5470297,324982
6413,770,8,5,5,3300,13,Sold,40,93,44,17757,6646264,113058
6414,909,7,3,2,3542,121,Active,40,97,45,17919,7213771,118565
6415,388,1,35,3,3827,112,Sold,90,34,10,18113,5135463,318512
6416,760,8,35,2,4356,77,Sold,44,92,49,17788,6608910,142755
6417,750,6,18,4,4814,177,Sold,40,89,56,16056,6572907,165544
6418,63,6,38,2,3542,100,Sold,31,82,58,17103,3777677,109852
6419,704,4,6,4,4650,180,Sold,75,53,19,15811,6404590,345404
6420,51,3,30,2,4055,16,Sold,61,78,22,16802,3727722,202516
6421,904,5,23,2,3011,93,Sold,44,82,49,15812,7193969,103121
6422,675,3,9,3,3759,54,Sold,52,81,24,18374,6291629,234995
6423,811,4,37,3,3453,100,Active,73,67,22,17392,6814131,261313
6424,770,1,5,4,3720,67,Sold,93,22,9,18082,6644464,479778
6425,631,6,23,2,3969,121,Sold,33,88,58,17639,6115211,127365
6426,107,8,17,5,3741,177,Sold,43,91,57,17253,3954095,117871
6427,451,3,4,4,3024,117,Sold,59,77,19,18023,5383438,209125
6428,91,5,2,3,3659,20,Active,40,98,37,17023,3888838,122489
6429,52,7,20,4,4518,110,Active,32,88,54,16064,3733573,152013
6430,308,7,12,1,3649,166,Sold,30,85,45,16897,4794779,120490
6431,338,7,13,3,4442,159,Active,37,87,44,15207,4935643,142846
6432,535,8,18,3,4694,52,Sold,38,98,59,16020,5729522,146847
6433,1095,5,35,3,3683,15,Sold,40,82,52,16369,7997749,127351
6434,866,6,33,4,3072,151,Sold,44,84,38,15651,7040054,104264
6435,652,3,30,5,3110,132,Sold,60,74,19,17811,6209720,188660
6436,952,4,16,3,4788,99,Sold,77,69,21,18175,7383888,387914
6437,1023,6,10,1,3724,133,Sold,32,92,43,15362,7675967,123257
6438,237,1,36,4,3257,19,Sold,98,18,8,17883,4492349,344224
6439,843,1,34,1,4193,126,Sold,99,27,5,16267,6957245,410180
6440,889,7,25,2,4010,17,Sold,44,92,48,15039,7138163,126612
6441,184,8,40,2,3573,122,Sold,37,80,39,15617,4270927,112635
6442,106,3,31,3,4144,41,Sold,58,78,25,17319,3949144,291592
6443,1047,4,13,5,4099,44,Sold,76,59,15,18301,7791179,217306
6444,628,7,14,1,4760,129,Sold,40,81,58,17997,6100360,154928
6445,956,1,7,1,4659,70,Sold,99,34,10,15478,7401890,615396
6446,474,8,35,4,3571,181,Sold,35,94,36,18442,5478397,110480
6447,313,2,2,2,4741,102,Sold,81,62,12,16508,4819531,367725
6448,352,2,24,5,4644,44,Active,76,51,12,18196,4992349,322479
6449,763,2,5,4,4716,129,Sold,82,56,16,16098,6619711,237752
6450,741,6,35,3,4853,196,Sold,30,80,47,15144,6540954,148531
6451,651,6,10,3,3021,195,Sold,41,82,52,16109,6208820,105608
6452,103,3,31,1,4946,146,Sold,55,71,20,16189,3936993,325439
6453,1053,5,22,1,3377,153,Active,38,98,35,17580,7822682,103046
6454,678,8,8,3,4346,87,Sold,32,97,35,15898,6303330,140836
6455,897,5,28,2,3330,137,Active,40,85,56,17010,7169216,110709
6456,868,3,9,5,3237,164,Sold,62,82,21,16773,7051305,212627
6457,874,3,23,3,3759,43,Active,64,71,20,16881,7074257,247192
6458,947,5,36,3,3359,87,Sold,39,98,38,18490,7360486,102295
6459,873,7,29,5,3908,39,Sold,35,93,50,16114,7069306,124923
6460,452,7,6,3,4890,192,Sold,31,92,55,16644,5386138,157380
6461,1007,2,33,1,3563,90,Sold,81,56,13,15079,7609810,189172
6462,1002,4,23,3,3201,178,Sold,67,67,21,18099,7593159,214648
6463,4,2,14,2,3769,35,Sold,81,57,12,15379,3519801,206642
6464,284,1,14,3,3688,156,Active,98,19,11,15277,4691719,453753
6465,856,1,5,5,4842,69,Sold,91,23,8,15551,7009900,447619
6466,307,2,15,1,4929,95,Active,73,59,18,17142,4792079,382031
6467,482,4,38,4,4362,179,Sold,72,51,15,15112,5510801,347126
6468,710,4,31,5,3304,141,Active,68,56,18,15256,6427092,202694
6469,780,3,27,5,3489,92,Sold,55,84,23,16597,6687218,219455
6470,1001,8,5,5,3003,15,Sold,34,93,54,18163,7585058,105153
6471,463,5,7,2,4972,89,Sold,37,92,46,16229,5427992,172200
6472,608,7,27,1,4538,135,Sold,30,90,44,16909,6028802,138572
6473,168,2,40,1,4669,183,Sold,79,51,18,16035,4203420,281832
6474,32,4,11,4,4523,125,Sold,73,54,20,15813,3645364,272570
6475,965,7,22,3,4540,199,Active,41,88,42,16392,7438793,137871
6476,554,5,16,3,4892,183,Sold,35,86,53,18341,5800630,161690
6477,158,2,25,3,3901,105,Active,77,47,15,17748,4163366,205993
6478,314,5,39,3,4146,173,Sold,33,88,56,15993,4822232,130226
6479,629,3,1,1,3608,138,Sold,63,77,25,17051,6103960,221906
6480,568,3,29,5,3465,112,Sold,53,73,27,17653,5864536,229289
6481,981,3,10,5,3755,50,Sold,60,72,22,15402,7504500,185743
6482,349,2,34,3,3962,162,Sold,73,60,13,16500,4981998,265525
6483,1081,2,4,4,3334,183,Active,73,58,19,17658,7939243,217884
6484,307,1,37,3,4698,66,Active,94,23,5,17358,4790729,501981
6485,544,6,35,5,4949,80,Sold,43,98,56,16298,5759675,165811
6486,345,2,27,4,3992,197,Sold,83,47,17,17175,4964446,228112
6487,956,1,9,4,4239,45,Sold,90,27,10,16510,7401440,419385
6488,208,3,28,2,4032,184,Sold,51,77,25,15715,4376687,275376
6489,670,1,16,2,3858,160,Sold,98,30,9,16875,6272727,522238
6490,238,2,10,5,4386,143,Sold,84,64,16,17043,4494149,238567
6491,524,2,31,1,4932,10,Sold,78,53,17,15285,5682268,322882
6492,1034,4,34,4,4780,89,Sold,79,51,20,18196,7727722,312851
6493,168,7,17,4,4470,166,Sold,37,98,56,17561,4199819,134341
6494,755,3,9,4,3120,55,Active,57,72,24,15060,6591809,214456
6495,877,7,23,4,4457,11,Sold,42,93,41,18299,7086858,142089
6496,265,8,30,5,4004,45,Sold,37,94,42,17890,4615211,123644
6497,76,5,1,4,3815,185,Sold,43,93,44,15627,3825832,130664
6498,280,2,2,5,3426,169,Active,79,48,18,17198,4675517,183884
6499,884,1,24,1,4149,7,Sold,98,27,9,15565,7118361,390317
6500,727,3,25,2,4441,91,Sold,60,87,24,16947,6491449,222647
6501,125,5,18,2,3980,126,Sold,43,83,36,16428,4030153,123682
6502,825,4,22,2,3645,17,Active,68,58,20,15885,6878937,274044
6503,4,8,39,4,3683,27,Active,42,85,54,15634,3512601,117348
6504,450,3,7,3,4384,102,Sold,56,72,25,16304,5376687,283690
6505,631,4,39,1,3455,125,Sold,72,67,19,15043,6117461,287294
6506,964,7,10,5,3623,87,Sold,32,89,49,17509,7434293,113349
6507,715,1,9,3,4828,178,Sold,96,26,6,17610,6441944,456620
6508,27,3,37,2,3500,167,Sold,56,86,27,18161,3624662,169915
6509,647,8,14,2,4661,166,Sold,33,94,53,17554,6187218,165214
6510,466,6,11,2,4614,96,Sold,32,96,38,18412,5438793,163243
6511,568,5,2,4,3081,40,Sold,32,86,54,18085,5865886,106103
6512,1044,3,26,5,3546,79,Active,60,85,26,16716,7767326,242841
6513,1062,8,9,1,4612,70,Sold,33,97,42,15480,7861836,138609
6514,940,2,37,3,4006,120,Active,74,64,18,15225,7338883,295630
6515,323,7,28,2,4765,72,Active,35,93,45,16496,4862736,169891
6516,585,7,18,5,4767,182,Sold,38,97,55,16144,5937443,155814
6517,900,8,12,2,4943,91,Active,37,95,57,17222,7178217,160470
6518,811,1,21,4,4514,187,Sold,91,33,9,16067,6815031,460338
6519,402,1,34,2,4208,192,Active,93,34,10,15954,5195319,374933
6520,155,4,28,3,4638,86,Active,78,66,21,17633,4149414,315294
6521,1048,7,14,5,4784,103,Sold,44,98,49,17701,7794779,170042
6522,811,6,6,5,4399,33,Sold,41,95,35,18070,6818181,158118
6523,727,4,37,1,4852,51,Active,67,67,23,17295,6493699,263900
6524,690,8,33,5,3401,134,Sold,35,92,40,17445,6357785,121661
6525,1002,8,31,2,3460,52,Sold,32,99,52,17291,7589108,118097
6526,585,5,3,5,4336,36,Sold,43,95,43,16079,5938793,145031
6527,1014,4,21,3,3407,189,Sold,76,51,19,15414,7639513,215559
6528,374,3,17,2,3551,39,Active,63,70,27,15387,5074257,197515
6529,194,7,35,4,3657,168,Sold,36,82,39,17033,4313681,130233
6530,915,5,38,4,4695,14,Sold,35,86,59,15355,7242124,150625
6531,119,6,20,3,4114,166,Sold,30,90,51,15046,4008550,137194
6532,726,6,37,4,4006,122,Sold,32,82,35,18494,6486498,137093
6533,696,7,34,1,3327,130,Sold,43,93,57,16630,6374437,105260
6534,364,5,36,4,3621,159,Active,35,87,52,16721,5034203,121036
6535,462,5,17,4,3277,16,Sold,37,81,59,17472,5426192,116491
6536,218,2,39,3,4667,122,Sold,76,59,19,15275,4417191,239425
6537,814,5,18,5,3074,19,Active,39,86,37,17425,6831233,97845
6538,588,5,25,4,4376,191,Active,32,84,40,15102,5949594,145327
6539,837,4,35,1,4429,85,Active,77,53,24,18388,6934743,239700
6540,906,6,22,1,3529,172,Active,35,88,57,17611,7201170,107063
6541,783,4,24,4,4147,147,Sold,70,54,15,16875,6702520,337390
6542,218,4,11,3,4395,157,Sold,71,57,18,16562,4418541,249150
6543,849,4,27,4,4941,16,Sold,76,69,20,18120,6978847,397612
6544,1087,1,33,2,3703,131,Sold,97,34,6,16905,7959045,490407
6545,957,5,8,1,4373,113,Sold,39,93,51,15752,7408640,144790
6546,772,4,31,4,4917,187,Sold,65,54,22,16622,6653015,286366
6547,670,4,5,5,4997,89,Active,74,69,20,16133,6274977,376304
6548,1000,2,3,1,4443,81,Active,74,63,14,15779,7583258,228953
6549,1029,1,26,2,3288,142,Sold,95,23,11,17423,7700720,435068
6550,630,8,30,2,4415,35,Sold,30,98,37,17874,6113861,136485
6551,873,6,25,2,4499,58,Sold,36,86,56,16962,7068856,142699
6552,397,6,24,2,4891,77,Sold,42,82,52,17475,5177317,163966
6553,1049,6,18,3,4358,189,Sold,44,95,38,17496,7796129,146037
6554,532,3,38,2,3346,49,Sold,55,70,22,16075,5713771,222389
6555,893,1,33,5,3639,115,Active,94,27,8,16499,7155265,398125
6556,403,3,37,4,4726,35,Active,57,86,21,15620,5198019,322653
6557,1080,1,20,2,4589,150,Active,91,25,5,16012,7933843,375197
6558,868,8,8,3,4689,85,Sold,37,81,53,15575,7047254,162858
6559,685,8,1,1,3880,36,Sold,31,91,53,17150,6336183,131827
6560,301,5,20,2,3752,75,Sold,30,84,56,17839,4765076,118676
6561,700,4,34,5,3294,119,Sold,74,67,22,16175,6386588,234581
6562,1061,7,36,3,4760,85,Sold,36,80,40,15236,7856885,160136
6563,426,5,19,5,3728,136,Sold,34,88,48,15860,5278577,130950
6564,802,4,8,2,4020,14,Sold,65,53,24,17157,6782628,335358
6565,186,5,25,2,4469,188,Active,40,97,57,16202,4279927,149551
6566,248,7,11,5,4640,180,Active,36,81,37,15355,4542304,145000
6567,942,8,38,2,4687,157,Sold,32,97,42,16671,7346084,146637
6568,15,5,20,4,3174,89,Sold,40,99,49,16655,3567056,102704
6569,52,5,19,2,3556,167,Sold,30,99,45,15831,3733123,108999
6570,574,1,37,4,3196,135,Active,97,27,5,15763,5891539,371487
6571,855,6,20,4,4781,117,Sold,40,90,43,15066,7005850,153030
6572,699,8,40,4,4371,163,Sold,35,80,35,16600,6385238,138185
6573,493,2,31,2,4087,180,Sold,73,45,18,18490,5553105,223150
6574,15,7,38,3,3390,41,Sold,44,86,57,18101,3565706,114074
6575,69,1,36,5,3653,20,Active,95,29,11,15410,3796579,278724
6576,598,6,40,5,4389,172,Sold,34,82,57,15592,5987848,155213
6577,1003,6,19,3,3922,68,Sold,34,87,43,16690,7594959,133026
6578,387,2,14,5,3449,7,Sold,76,51,13,16905,5129162,259489
6579,618,4,13,5,4171,117,Active,71,62,17,15132,6067956,235839
6580,270,5,5,3,4527,146,Sold,30,84,37,17528,4638163,145172
6581,131,1,16,2,4425,23,Active,94,22,10,17432,4050855,415154
6582,7,4,27,2,3952,152,Active,69,58,17,17124,3533753,241825
6583,86,1,13,2,4589,124,Sold,94,24,11,15879,3866336,447278
6584,1079,7,35,5,3916,67,Sold,30,84,54,16808,7927092,128797
6585,526,1,3,5,4647,67,Sold,95,20,10,16848,5689468,356100
6586,309,8,39,5,4099,28,Sold,40,83,47,16774,4802430,146531
6587,422,6,27,2,4014,45,Sold,31,90,56,15778,5260126,143364
6588,646,6,38,1,4973,195,Active,34,80,46,17530,6178217,168445
6589,105,3,19,5,4697,73,Sold,61,89,26,18283,3944194,268398
6590,556,8,33,4,3504,105,Sold,37,85,56,16028,5808280,108028
6591,778,8,26,3,3912,19,Sold,42,93,39,15156,6680018,123807
6592,487,7,30,3,4860,64,Sold,31,99,36,18468,5531503,160944
6593,980,8,12,2,4823,194,Sold,41,80,37,15634,7501800,172528
6594,520,2,12,1,4831,122,Sold,84,51,16,18329,5666066,268521
6595,826,1,13,1,4424,102,Active,99,31,9,15397,6881638,359284
6596,75,5,20,3,3959,57,Active,35,83,56,15516,3824032,138137
6597,693,4,24,5,4625,47,Sold,79,65,17,17245,6366786,309456
6598,179,1,30,4,3761,21,Sold,91,31,10,17901,4246624,428086
6599,682,3,9,3,4901,148,Active,63,79,21,16225,6324932,305901
6600,1085,8,9,3,3781,82,Active,31,99,52,15286,7953195,135292
6601,43,3,16,2,4099,162,Sold,55,84,19,17941,3695319,280254
6602,230,6,22,1,3618,154,Sold,30,82,49,16915,4463996,123569
6603,269,7,12,2,4928,26,Sold,35,90,50,16498,4631863,167039
6604,147,6,21,4,4589,125,Sold,30,87,51,17387,4119711,140148
6605,1030,4,13,4,3750,79,Sold,76,53,23,17977,7708370,203897
6606,425,4,2,2,4555,87,Sold,79,54,15,17021,5271827,306255
6607,621,4,24,2,4676,8,Active,74,58,20,16468,6079657,353833
6608,246,7,14,3,4200,150,Sold,42,91,58,16297,4531053,145883
6609,337,8,6,4,4341,169,Sold,38,99,38,17645,4925292,142706
6610,304,7,31,4,4035,111,Active,39,89,38,17471,4778127,127813
6611,294,6,31,2,3971,57,Active,41,82,56,18425,4738523,133910
6612,449,4,23,5,3998,53,Sold,65,59,15,18195,5375787,333649
6613,477,8,34,4,4079,63,Active,36,99,59,16576,5489198,144527
6614,261,5,33,4,4184,93,Sold,42,99,40,15568,4592259,126851
6615,173,4,28,1,3467,184,Sold,72,57,19,16517,4223672,182479
6616,541,5,6,2,4210,177,Sold,42,86,41,17183,5749324,134139
6617,1057,6,19,2,4457,41,Active,32,80,58,18432,7841134,146903
6618,85,1,26,4,3263,44,Sold,89,18,8,17747,3863186,357388
6619,850,3,8,1,3736,68,Active,52,73,26,17444,6983348,252063
6620,235,1,28,1,4964,122,Sold,93,21,9,15625,4486048,560647
6621,339,2,32,1,4411,138,Sold,83,63,13,18412,4939243,327827
6622,374,1,37,1,3488,169,Active,93,33,6,18221,5071557,446673
6623,912,7,34,4,3396,10,Active,41,81,41,16789,7229072,110961
6624,564,1,38,3,3140,148,Active,88,34,9,15540,5841584,299996
6625,747,2,6,2,3992,179,Sold,75,59,15,16302,6561656,246567
6626,567,5,18,4,4764,90,Sold,44,97,39,15187,5856885,155621
6627,351,1,4,5,3534,157,Sold,93,24,5,15233,4988298,372554
6628,132,2,38,1,4332,106,Sold,76,55,15,15652,4054005,277331
6629,11,2,23,4,4695,161,Active,82,55,19,16954,3547254,290237
6630,736,3,19,1,4789,35,Active,50,83,23,17422,6522952,231343
6631,911,5,22,5,4225,169,Sold,42,93,47,18274,7220972,137296
6632,54,5,27,3,4920,44,Sold,44,99,35,15549,3740774,155511
6633,401,1,14,3,3696,142,Sold,93,25,6,17831,5190369,303525
6634,257,3,11,2,3959,111,Active,57,73,24,15546,4576957,267286
6635,199,2,39,1,3482,33,Sold,80,57,12,17930,4335733,232694
6636,2,2,31,2,3386,53,Sold,83,57,14,17457,3509450,262362
6637,343,1,14,1,4185,117,Active,91,21,8,16131,4951845,501897
6638,490,8,31,1,4653,140,Active,43,91,38,17440,5539603,144317
6639,46,6,22,4,3777,147,Sold,38,81,41,18154,3705670,128728
6640,964,6,4,1,4408,107,Active,42,96,43,18177,7435643,140404
6641,831,6,14,3,4135,60,Active,34,81,59,16794,6913141,138192
6642,215,4,20,1,3768,102,Sold,73,69,19,16460,4401440,241657
6643,198,6,29,4,4405,61,Sold,44,97,41,15080,4328982,153576
6644,103,3,16,2,3137,160,Sold,51,76,19,18480,3937443,192587
6645,458,8,36,3,3275,140,Active,37,93,35,16352,5406840,115156
6646,188,4,34,5,3053,117,Active,69,68,21,17246,4290279,250308
6647,977,1,7,3,4345,38,Active,88,21,10,18404,7488748,434989
6648,389,4,20,4,4680,112,Sold,76,55,24,16153,5137263,382588
6649,972,8,11,4,4819,175,Sold,40,96,38,16475,7471647,159653
6650,1046,6,25,2,4078,118,Sold,31,98,59,16391,7778577,122838
6651,902,4,24,5,3196,24,Sold,69,62,18,17117,7185868,218821
6652,1067,5,31,3,3251,165,Sold,34,80,41,17222,7878037,108330
6653,761,6,9,3,3656,8,Sold,32,91,55,16982,6615211,128092
6654,734,3,12,5,4465,175,Sold,57,71,20,16842,6518451,265471
6655,690,8,8,4,3362,137,Active,31,88,52,17747,6354635,119633
6656,408,5,6,1,3849,16,Sold,39,85,55,16321,5215571,130889
6657,1084,4,6,4,3837,54,Sold,67,50,20,15544,7948694,294133
6658,906,1,24,1,3975,87,Sold,98,27,11,15089,7199819,440430
6659,661,4,35,2,3426,131,Sold,66,60,15,16085,6240774,180800
6660,1096,7,13,5,4076,109,Sold,33,96,58,18248,7999099,130880
6661,1013,8,14,3,3702,99,Sold,35,88,59,17541,7637263,113629
6662,485,6,10,4,4549,68,Active,44,91,47,16023,5522502,158123
6663,648,3,24,1,4729,66,Sold,51,75,19,16203,6191719,244818
6664,1074,3,20,3,4855,159,Sold,61,77,19,15198,7909540,294019
6665,1014,8,26,2,4549,141,Active,43,92,59,17623,7641314,145595
6666,478,5,16,2,3547,88,Sold,31,88,45,17314,5493249,107978
6667,889,4,13,5,3567,121,Sold,74,60,18,16578,7135013,288130
6668,111,2,25,5,3070,47,Sold,73,61,12,16969,3973447,200760
6669,686,1,38,3,3791,82,Active,96,24,8,15753,6338433,516078
6670,552,1,30,1,3626,148,Sold,97,28,8,18001,5795229,442834
6671,25,6,3,2,4658,32,Active,41,92,51,15780,3613861,157860
6672,140,1,4,4,4901,44,Active,93,27,6,17757,4084608,577620
6673,256,5,17,4,3226,75,Sold,41,90,52,16910,4573807,103755
6674,17,2,39,3,3406,43,Active,74,60,18,18351,3579657,251085
6675,422,7,12,1,4657,110,Active,35,83,38,17218,5262826,140381
6676,829,8,17,3,3760,143,Sold,34,83,45,17905,6903240,126990
6677,817,2,5,1,3293,101,Sold,76,46,15,15007,6843834,256807
6678,968,1,13,3,3282,108,Sold,89,28,7,17192,7454545,364384
6679,941,6,11,1,4542,86,Sold,38,80,53,18039,7342934,146879
6680,1033,2,2,1,3157,197,Active,84,54,12,15751,7723222,189981
6681,417,5,11,5,4712,37,Sold,43,85,55,18474,5246624,158907
6682,804,7,4,1,4214,7,Sold,35,81,41,18019,6790729,142509
6683,833,4,8,1,3313,142,Active,67,66,24,15973,6922142,237661
6684,31,8,9,4,4348,137,Active,43,84,53,17974,3640414,149806
6685,517,5,3,3,3541,184,Sold,37,93,52,18227,5650765,121102
6686,838,2,27,5,4047,163,Sold,84,51,19,15933,6940594,207867
6687,196,8,33,2,3054,122,Active,40,96,53,17852,4319981,94766
6688,672,8,2,5,4848,168,Sold,37,90,49,18221,6284878,153459
6689,861,2,39,5,4060,60,Active,81,48,18,16199,7024302,263385
6690,15,8,23,5,3087,114,Active,31,98,51,18224,3570207,110002
6691,25,8,32,1,4690,87,Sold,38,85,37,15039,3616561,162002
6692,809,6,7,1,4143,137,Sold,42,85,40,17843,6808730,144408
6693,1023,7,34,3,3046,32,Sold,39,89,41,18017,7676867,91685
6694,1095,1,25,2,4249,162,Sold,90,28,7,16792,7996399,508828
6695,19,7,35,1,3620,89,Sold,44,86,58,17009,3586408,111503
6696,468,1,32,4,3045,26,Sold,98,32,5,17168,5450495,322937
6697,381,7,14,1,4407,70,Sold,40,83,59,15462,5098109,150146
6698,783,3,25,1,3844,16,Sold,60,85,18,18152,6706120,204427
6699,1038,5,23,2,4551,75,Sold,38,82,55,16021,7746624,144786
6700,687,3,12,5,4301,58,Active,55,77,25,16484,6343834,271039
6701,234,5,34,3,3177,184,Sold,35,83,52,15331,4481998,105038
6702,159,6,32,5,4474,108,Sold,32,80,57,17408,4165166,142014
6703,739,5,29,5,3402,26,Active,36,84,57,16815,6534203,106061
6704,929,4,24,5,3457,119,Active,76,55,23,17245,7297479,262462
6705,696,3,16,1,4147,122,Sold,55,82,23,18184,6373537,285008
6706,719,5,19,2,4283,32,Active,41,93,58,18237,6456795,153991
6707,1077,2,39,5,3115,86,Sold,81,60,19,17630,7921692,201234
6708,225,3,14,3,4366,84,Sold,55,79,22,15422,4441944,251314
6709,822,6,28,1,4411,153,Active,30,97,51,16901,6866336,147266
6710,417,7,12,2,4609,125,Active,41,86,54,17628,5247074,157434
6711,293,2,18,5,3104,41,Sold,74,59,18,18159,4730873,211857
6712,1025,5,37,4,3997,46,Sold,36,96,48,17772,7683618,137936
6713,647,4,10,5,4975,173,Sold,76,59,15,18354,6184068,385809
6714,203,7,6,5,4679,116,Sold,44,88,39,16771,4351935,160696
6715,488,7,16,5,4911,117,Sold,32,95,54,18139,5533303,162800
6716,876,3,15,5,4005,173,Active,64,84,19,17976,7085058,248374
6717,533,7,18,3,3290,115,Active,44,80,55,16298,5717821,112498
6718,981,3,13,1,4342,72,Sold,55,84,27,17341,7504050,261173
6719,273,4,30,3,4179,169,Sold,65,69,24,16371,4651215,348491
6720,616,6,13,1,4093,24,Active,34,86,50,15737,6061656,125712
6721,1033,4,26,2,3961,55,Sold,76,52,17,16427,7718721,213110
6722,117,3,23,1,3923,127,Sold,64,81,26,15098,3996399,215144
6723,547,6,35,3,3188,17,Active,32,84,50,17720,5770477,97189
6724,991,7,6,5,3428,158,Sold,44,80,41,18149,7546804,110999
6725,20,6,31,2,3791,15,Active,44,96,42,16762,3592259,125255
6726,453,6,8,4,4405,90,Active,37,83,50,17548,5388838,137947
6727,438,6,15,4,3722,180,Active,37,93,38,17505,5331233,133471
6728,116,8,13,4,4487,44,Sold,41,87,41,15927,3992799,144535
6729,108,5,4,5,3444,93,Sold,35,82,50,16752,3961296,120816
6730,316,1,7,1,4528,171,Sold,92,31,9,17204,4833033,397875
6731,729,3,25,1,3172,195,Sold,52,82,24,18218,6502250,201069
6732,349,2,37,4,4722,43,Active,75,46,13,15885,4980648,348059
6733,393,7,13,1,4875,59,Active,38,95,54,17585,5154365,169728
6734,710,2,37,5,3529,104,Sold,82,58,13,17192,6423942,248196
6735,741,7,30,4,3962,44,Active,32,86,45,16780,6539603,121102
6736,826,8,33,2,4436,117,Active,38,81,46,18151,6883888,150638
6737,376,6,40,2,3954,84,Active,33,95,41,18420,5080108,125721
6738,517,1,9,4,3579,122,Active,92,24,6,18279,5653915,455857
6739,47,1,8,1,4961,35,Active,89,23,9,17238,3710621,421685
6740,444,7,12,4,3765,10,Active,32,97,53,17506,5355535,125164
6741,130,7,37,4,3349,81,Sold,35,95,42,17050,4048604,109077
6742,466,4,34,1,3657,9,Active,71,64,19,16169,5439243,275343
6743,728,7,22,1,4050,73,Sold,44,99,52,16199,6498199,137457
6744,147,3,34,4,3574,82,Sold,64,80,26,17017,4117011,232922
6745,930,4,24,3,4791,93,Sold,70,58,19,15998,7298829,339495
6746,591,6,35,1,4308,163,Sold,39,96,35,17700,5964446,145946
6747,801,7,30,3,4406,111,Active,39,88,52,15017,6778577,135017
6748,355,5,1,2,4418,38,Sold,30,99,51,15805,5002250,148144
6749,581,4,37,5,3042,104,Sold,67,60,20,15678,5923942,191433
6750,995,7,9,4,4652,90,Active,43,89,55,16690,7560756,163332
6751,904,3,23,5,4619,92,Sold,60,74,19,16595,7192619,234867
6752,1009,1,23,2,3762,71,Active,91,31,8,18496,7622862,497797
6753,502,4,15,4,3601,104,Active,79,50,18,15081,5594959,200887
6754,1086,5,15,4,4912,58,Active,33,92,53,18158,7957695,168599
6755,337,5,23,1,3417,20,Sold,31,82,42,15586,4925742,117203
6756,975,7,17,1,3620,130,Active,36,85,48,16122,7481098,119612
6757,1071,7,36,3,3099,147,Active,42,95,37,17687,7894689,105899
6758,544,1,34,3,3268,89,Sold,97,28,7,17378,5757875,338418
6759,595,3,40,4,3276,102,Sold,60,89,20,18120,5980198,167584
6760,565,4,7,4,3133,91,Sold,76,51,17,16230,5848784,247941
6761,45,5,2,1,4870,162,Active,30,89,54,17045,3699369,151291
6762,936,4,22,1,3717,25,Sold,79,59,18,16674,7322232,242705
6763,566,7,20,2,4996,51,Sold,43,84,57,18484,5855085,169065
6764,163,6,9,1,3527,121,Sold,41,99,43,15438,4179117,116010
6765,826,1,37,5,3828,20,Sold,90,21,10,18255,6885238,326739
6766,808,3,19,5,4542,11,Sold,56,81,27,18222,6807380,299699
6767,641,7,16,4,3393,169,Sold,36,90,37,17787,6157065,109105
6768,639,1,14,5,4029,37,Sold,95,25,7,15433,6146264,514382
6769,230,3,33,3,4201,123,Active,59,76,21,16985,4463546,236291
6770,223,1,7,2,4519,65,Active,90,20,5,17101,4433393,405614
6771,988,8,30,5,3919,115,Active,35,95,50,17474,7537803,138192
6772,959,6,22,4,3585,141,Sold,38,82,49,16931,7414941,123740
6773,963,1,7,2,3499,165,Sold,94,32,9,15848,7430693,263842
6774,945,3,8,3,3409,161,Sold,52,75,21,17405,7354185,221809
6775,294,5,13,5,3261,184,Active,40,83,41,17122,4738973,102435
6776,247,4,39,3,4202,56,Sold,78,61,20,16007,4535553,298155
6777,333,8,6,5,3362,188,Sold,34,84,59,16664,4908640,107779
6778,761,6,33,2,4442,170,Active,44,95,54,17146,6613861,155959
6779,327,3,4,3,3761,90,Sold,64,76,22,16453,4878937,190445
6780,1015,3,6,4,4612,198,Sold,57,70,21,17683,7643114,295345
6781,261,2,13,2,4321,69,Sold,72,50,16,17677,4590909,301877
6782,661,4,23,3,4870,199,Active,65,62,21,15911,6241674,382422
6783,1082,2,28,1,4965,141,Sold,82,61,16,15127,7942394,332300
6784,731,6,6,4,3284,106,Sold,30,80,37,15108,6507200,115702
6785,180,4,1,3,3232,98,Active,66,52,21,18285,4253375,268841
6786,925,7,39,1,3620,45,Sold,30,84,37,16307,7275427,126736
6787,388,1,31,4,4585,195,Active,92,33,9,16899,5132763,483477
6788,48,4,10,2,3579,39,Sold,71,57,15,15845,3711521,199948
6789,868,6,16,2,4031,131,Sold,32,86,51,17145,7047704,142947
6790,486,1,28,2,4007,140,Active,98,34,5,16056,5523852,500334
6791,509,5,5,4,4172,7,Sold,36,99,57,16303,5621962,135607
6792,73,5,24,3,3643,121,Sold,40,85,46,15699,3813681,119796
6793,88,2,40,4,4540,17,Sold,83,50,12,17356,3875787,274147
6794,1086,7,30,1,3619,56,Sold,43,89,37,17214,7955445,129633
6795,345,4,9,1,4697,144,Active,73,58,22,16220,4961296,291472
6796,371,3,33,1,3555,189,Sold,63,82,18,15154,5062106,203209
6797,199,4,2,1,4869,93,Sold,77,66,19,18027,4333483,301481
6798,381,8,34,4,3761,157,Active,40,94,51,18331,5099459,122135
6799,242,1,10,5,4996,12,Sold,95,20,9,15085,4514851,584869
6800,765,7,30,3,4892,191,Active,41,81,52,16971,6631413,168539
6801,338,8,26,5,3312,130,Sold,37,89,39,17697,4932493,107759
6802,87,2,7,5,4805,52,Sold,81,63,13,17564,3873537,375124
6803,97,7,21,5,3548,189,Active,35,99,46,16620,3906840,122229
6804,310,4,15,3,4715,144,Active,78,62,17,15777,4805580,348879
6805,296,5,38,3,3707,191,Active,38,91,43,18235,4747074,130894
6806,533,7,35,2,4453,60,Sold,39,93,54,16436,5716021,158678
6807,226,1,25,3,4436,197,Sold,90,26,6,15781,4445094,530535
6808,150,8,14,4,4734,173,Sold,40,83,50,17774,4130063,142522
6809,169,1,22,1,3351,54,Active,93,20,10,16277,4206120,352207
6810,377,3,37,2,3222,54,Sold,56,84,26,16030,5084158,196248
6811,613,5,6,4,3181,68,Sold,33,80,38,16287,6049954,107098
6812,1057,6,13,3,4419,62,Active,39,82,53,16381,7844284,141664
6813,276,4,3,5,4537,29,Sold,76,67,17,15234,4663366,370882
6814,802,1,24,4,3312,67,Sold,92,33,8,16144,6783528,317546
6815,325,5,22,4,3257,26,Active,40,89,46,16131,4871737,98733
6816,728,7,2,3,3839,95,Sold,34,81,58,16221,6497749,131493
6817,294,3,37,5,3859,132,Sold,59,76,25,17960,4737173,188850
6818,888,4,26,5,4266,55,Sold,65,61,24,16245,7128712,225159
6819,206,5,13,5,3258,34,Sold,41,99,59,16168,4369936,103787
6820,483,4,17,2,4220,22,Sold,71,65,20,16438,5513951,352427
6821,561,1,31,3,3412,87,Sold,88,31,8,18187,5834833,287742
6822,282,8,39,4,3921,63,Sold,37,97,46,16934,4686318,134647
6823,638,6,26,2,4219,40,Sold,36,91,56,16856,6145814,142113
6824,320,6,24,1,4232,126,Active,37,90,40,15512,4849234,136600
6825,73,2,39,4,3113,7,Active,80,55,12,15497,3810981,231804
6826,363,7,15,5,3260,97,Active,40,94,56,17741,5028352,105617
6827,530,2,30,4,4137,185,Sold,83,60,18,15606,5708820,304151
6828,390,3,4,4,3339,19,Sold,56,86,21,15817,5140864,194859
6829,496,5,12,3,3660,139,Sold,44,97,52,16139,5571107,114902
6830,911,5,28,3,4238,100,Sold,38,98,37,15488,7222322,143795
6831,1078,7,39,4,3828,189,Active,38,83,35,15305,7923042,123315
6832,964,1,37,4,4618,33,Sold,88,20,8,16442,7432493,354766
6833,959,6,4,3,4670,180,Sold,40,85,56,16411,7414041,159275
6834,805,6,8,2,3370,145,Active,38,87,42,17158,6792529,111304
6835,969,6,32,4,3352,119,Sold,34,93,46,16133,7456795,100821
6836,1009,1,25,5,4924,60,Sold,91,31,6,18476,7621512,580121
6837,784,7,35,5,4539,10,Active,40,92,54,16961,6710171,142143
6838,831,6,13,3,4724,83,Sold,39,86,56,16163,6911791,160956
6839,567,4,25,5,3327,33,Sold,65,62,23,16060,5861386,252103
6840,376,5,37,5,4788,13,Active,39,82,59,16931,5079207,146005
6841,896,2,2,1,3743,58,Sold,75,53,15,15221,7164716,282447
6842,158,3,15,3,3308,129,Active,53,71,21,16114,4162916,231401
6843,891,5,17,5,3542,97,Sold,30,85,42,17555,7144914,117885
6844,876,3,18,5,3370,176,Sold,62,84,27,17986,7081908,179963
6845,20,6,34,2,4761,196,Sold,32,88,38,15035,3593159,162207
6846,999,8,39,4,4511,98,Sold,38,95,47,15725,7574707,148177
6847,828,7,27,3,3068,104,Active,38,89,37,18236,6895589,104944
6848,1008,4,9,2,3896,138,Sold,72,55,15,15085,7617461,226521
6849,211,6,33,2,3128,96,Sold,34,87,47,15016,4391089,112364
6850,957,1,4,2,4643,77,Active,90,29,6,17430,7405940,391103
6851,583,7,23,2,3578,106,Sold,41,83,39,15045,5929342,110374
6852,577,5,4,2,4724,42,Sold,42,83,59,17565,5906390,166502
6853,351,8,6,4,3447,156,Active,38,92,53,18460,4989198,109594
6854,222,5,34,3,4403,125,Sold,31,97,56,16753,4431593,155901
6855,64,6,34,5,3122,110,Active,30,84,43,15421,3780828,110313
6856,283,3,1,4,4804,189,Sold,50,86,22,15635,4689468,302906
6857,167,6,26,3,3999,188,Active,31,99,45,18043,4196669,123833
6858,410,6,40,5,4272,37,Sold,33,98,35,15643,5223672,134910
6859,564,4,3,4,3970,54,Active,72,59,18,17299,5845184,300104
6860,980,4,6,4,4315,86,Sold,76,65,23,15385,7500000,318844
6861,279,1,11,5,3152,92,Sold,91,33,8,15627,4671467,252459
6862,885,1,3,5,3588,161,Sold,88,33,8,16651,7120162,380427
6863,153,6,16,3,3283,83,Sold,34,93,59,15420,4141764,113644
6864,1004,8,11,4,4206,62,Active,36,92,57,15875,7596759,126508
6865,514,4,4,3,4636,17,Active,67,66,18,15366,5642214,334531
6866,363,3,21,4,4537,43,Sold,59,76,20,16138,5029252,306106
6867,139,4,16,1,4383,47,Active,70,53,21,15592,4081908,291209
6868,962,2,35,3,4398,46,Sold,80,51,16,18140,7428892,261078
6869,847,3,26,2,3950,124,Active,59,83,21,18411,6968496,194820
6870,40,5,6,2,4620,30,Active,44,88,53,17033,3677767,163243
6871,470,4,13,4,3005,94,Active,73,54,19,18478,5458595,242975
6872,650,4,19,5,4381,44,Active,75,56,18,15725,6201620,262770
6873,127,2,23,2,4224,20,Active,82,61,16,17168,4036003,311387
6874,284,3,21,1,4067,12,Sold,51,86,20,15623,4690369,227986
6875,87,4,15,4,3644,32,Active,71,63,15,16763,3873987,194039
6876,382,2,6,1,4535,121,Sold,80,61,14,17445,5105760,253490
6877,226,4,10,2,3924,160,Active,67,56,19,15448,4446894,272194
6878,987,2,22,1,3356,161,Active,72,45,14,15572,7532853,238171
6879,1058,4,9,4,4138,41,Sold,66,56,23,16149,7850135,261925
6880,637,7,40,2,4137,137,Sold,34,80,43,16958,6139963,147840
6881,952,4,33,1,3840,10,Active,65,68,15,15608,7382538,245629
6882,30,2,38,5,4590,76,Sold,78,47,16,17240,3635463,313332
6883,596,5,5,1,3546,149,Sold,44,87,41,16970,5984698,125018
6884,597,5,17,4,4997,158,Sold,38,85,51,17365,5987398,171717
6885,978,6,24,5,4076,165,Active,35,96,51,16149,7491899,145913
6886,983,8,16,5,4795,40,Sold,42,98,40,16239,7511251,152855
6887,450,4,34,2,3028,173,Active,67,56,20,16612,5379837,205993
6888,684,1,15,4,4420,151,Sold,88,29,6,17685,6332583,375203
6889,612,1,25,2,3852,8,Sold,92,20,10,15746,6044104,486517
6890,251,3,37,1,4081,193,Active,59,88,27,16932,4552655,274583
6891,261,3,9,1,3364,54,Sold,55,79,24,15315,4592709,191463
6892,664,1,26,5,4569,32,Sold,90,26,8,15290,6252475,386766
6893,903,6,22,1,3075,191,Active,32,92,52,15603,7192169,95085
6894,140,6,19,3,4907,87,Sold,40,88,37,15649,4088658,169242
6895,668,6,29,3,4113,28,Active,42,94,40,16935,6266876,137909
6896,73,4,24,1,4033,185,Sold,76,62,20,18374,3810081,251581
6897,493,3,28,1,4436,137,Active,61,78,25,15533,5552655,302713
6898,1055,6,6,5,4538,151,Sold,41,91,35,16291,7832133,140279
6899,722,7,13,3,4868,47,Sold,32,80,58,16246,6467596,153819
6900,666,1,15,3,4448,31,Active,92,29,8,18306,6259225,429588
6901,261,7,33,5,3822,34,Sold,35,90,39,16993,4598109,121241
6902,973,7,33,2,3646,99,Sold,33,87,55,15366,7474347,113354
6903,377,6,28,3,3153,17,Sold,40,98,50,16825,5085958,107713
6904,694,4,32,3,4750,145,Sold,74,59,23,15177,6369936,395775
6905,636,3,21,1,4046,85,Sold,58,83,19,18425,6136813,206029
6906,26,6,35,1,3835,55,Sold,32,84,54,15624,3617911,136488
6907,862,1,29,5,3695,50,Sold,88,30,5,15431,7028802,348171
6908,18,2,34,2,3024,107,Sold,83,48,17,16883,3581908,157456
6909,481,5,36,2,3621,27,Sold,38,94,45,16930,5507650,120022
6910,928,1,26,1,3051,67,Sold,92,31,10,16844,7289378,271646
6911,117,5,28,2,3437,96,Sold,36,84,59,15597,3998649,110486
6912,276,5,31,4,4466,11,Sold,39,90,57,15869,4663816,140876
6913,147,7,1,2,4057,58,Active,41,88,47,16200,4115661,125848
6914,1046,7,32,3,4884,22,Active,36,96,50,15215,7781728,158535
6915,334,2,22,2,4800,65,Active,83,45,13,15342,4913591,267214
6916,416,7,32,3,4986,65,Active,36,95,38,15330,5241674,156162
6917,531,4,25,2,3006,51,Sold,79,56,22,16486,5711521,181140
6918,481,8,24,2,3663,108,Sold,33,93,35,18136,5507200,125260
6919,719,3,18,4,3844,84,Sold,53,79,26,16564,6455895,215756
6920,890,1,33,4,4464,59,Sold,97,33,11,17213,7143564,435050
6921,744,2,29,1,4382,126,Sold,78,46,17,16373,6551755,311366
6922,216,6,16,4,3469,67,Sold,38,81,42,15756,4407740,117474
6923,326,3,26,4,3252,28,Sold,50,72,24,18220,4874437,215995
6924,1026,8,25,4,3765,190,Sold,33,87,38,16141,7688568,133198
6925,469,8,8,1,4384,75,Active,43,82,36,15178,5458145,155422
6926,1028,7,21,5,3478,41,Sold,44,80,57,17566,7698919,114934
6927,173,1,36,4,3458,76,Sold,89,18,9,15177,4223222,366678
6928,710,4,36,2,3669,161,Sold,78,58,18,16122,6425292,233831
6929,973,8,24,4,3286,81,Sold,39,92,59,17720,7473897,110830
6930,629,3,21,4,3148,150,Sold,55,87,26,18492,6108460,175009
6931,780,7,16,1,4233,13,Active,32,94,54,15761,6687668,146530
6932,1092,8,9,5,4560,127,Active,41,90,44,16572,7977947,146878
6933,776,5,11,2,4204,57,Active,40,92,48,18326,6672367,136302
6934,243,7,1,4,4535,186,Sold,35,99,41,17686,4517551,155324
6935,523,7,24,4,4504,120,Sold,35,83,53,16989,5680018,155010
6936,246,4,12,2,3974,31,Active,69,61,19,17526,4530153,217857
6937,807,5,6,4,3045,86,Sold,43,82,58,15621,6801980,95899
6938,744,1,5,2,4620,128,Active,91,22,9,17497,6549504,541556
6939,710,6,3,1,4341,59,Sold,44,97,44,18182,6426642,144008
6940,812,5,7,2,4013,101,Sold,36,89,41,17643,6822232,120687
6941,74,2,14,1,3266,92,Sold,73,56,17,16253,3818181,185493
6942,8,6,23,1,3557,106,Sold,40,92,51,16219,3535103,117125
6943,592,5,11,5,3237,103,Sold,42,87,46,17370,5968946,107073
6944,473,4,12,3,3077,134,Sold,69,55,23,15967,5475247,162275
6945,1068,5,25,4,3613,128,Sold,35,92,51,16351,7881188,124894
6946,574,3,37,4,4111,188,Active,60,85,19,15083,5889288,265630
6947,588,3,23,4,3473,48,Sold,64,78,23,18349,5952295,222105
6948,910,5,17,4,4761,165,Sold,37,83,52,16043,7218271,146772
6949,212,1,6,5,3454,151,Sold,90,27,9,17641,4394689,329304
6950,899,8,13,2,3800,69,Active,30,91,48,17411,7175967,117154
6951,3,6,40,1,3815,114,Active,40,87,43,16223,3512151,123606
6952,264,1,32,5,4495,169,Sold,96,29,10,16740,4612511,346800
6953,185,6,12,5,4338,83,Sold,41,96,54,17632,4277677,148195
6954,777,2,20,1,4189,92,Active,74,60,16,16920,6677317,217401
6955,423,8,29,5,3356,199,Active,40,98,46,18042,5265076,103372
6956,169,8,29,3,4374,162,Active,43,81,42,15135,4210621,146048
6957,28,8,24,5,3404,9,Sold,38,84,56,17640,3625562,102842
6958,411,4,13,4,3222,83,Sold,75,56,19,16261,5224572,234550
6959,875,1,36,5,4620,144,Active,90,28,5,15649,7080558,388577
6960,983,5,6,2,3189,60,Active,41,99,36,16924,7512151,98891
6961,799,4,35,3,3627,65,Active,72,69,18,18259,6772277,216505
6962,784,2,21,4,3657,82,Active,75,50,17,17375,6709720,286156
6963,177,1,20,4,3209,173,Active,91,27,9,17250,4239423,258742
6964,587,6,24,3,4450,13,Active,36,99,35,16588,5945094,158189
6965,170,3,33,5,3477,189,Sold,55,81,19,17312,4214221,212881
6966,1021,5,24,2,3274,193,Sold,31,95,56,15874,7665166,110615
6967,729,4,5,2,3637,18,Sold,66,61,22,15971,6501800,243286
6968,516,1,23,5,3708,30,Active,91,25,5,16773,5646714,488761
6969,654,8,39,2,3271,160,Active,39,83,47,16247,6216021,108093
6970,892,8,16,3,3513,69,Active,41,84,57,17930,7149414,107161
6971,667,4,24,3,4118,166,Active,70,54,20,15730,6261926,292440
6972,567,4,18,4,4774,147,Sold,78,57,18,18439,5858685,258421
6973,106,4,37,1,3798,166,Sold,67,54,23,16117,3950945,315775
6974,472,1,17,1,3198,20,Sold,90,24,11,17687,5467596,404379
6975,132,5,10,5,4497,130,Sold,40,91,54,17855,4055805,157935
6976,911,6,23,1,3548,123,Active,33,97,40,16907,7220072,119014
6977,406,3,20,2,3140,137,Sold,58,82,18,16040,5206120,190580
6978,75,5,12,4,4169,133,Active,35,84,50,16073,3823132,147733
6979,880,1,14,3,3656,103,Sold,89,33,7,15322,7102160,364832
6980,662,6,13,2,3133,17,Sold,38,85,37,16214,6246174,100588
6981,976,7,10,4,4037,54,Active,43,88,40,16330,7484698,121611
6982,1047,4,24,5,4525,56,Active,70,57,20,15570,7786678,339413
6983,423,5,3,2,3944,59,Sold,43,88,52,16466,5265526,127652
6984,934,2,22,5,3817,198,Sold,74,47,13,17963,7317281,205287
6985,1095,4,2,5,4620,13,Sold,68,52,16,17088,7995049,336045
6986,545,3,39,2,4321,105,Sold,62,85,23,16743,5765976,286430
6987,392,4,12,2,4466,159,Active,78,58,20,16766,5151665,345476
6988,586,7,7,2,4248,56,Active,34,98,39,17225,5942394,128578
6989,842,4,40,5,4231,163,Sold,71,63,22,16121,6951845,266242
6990,702,4,9,4,4238,147,Sold,74,64,17,17922,6395589,250233
6991,385,6,36,2,4830,101,Sold,32,95,54,17998,5121062,166413
6992,969,8,22,2,4568,125,Sold,42,86,36,16441,7458595,160803
6993,324,5,20,3,4512,91,Sold,42,92,47,16373,4866786,151793
6994,118,8,28,3,4553,50,Sold,44,94,44,16837,4001350,162943
6995,339,2,21,4,3561,88,Active,81,55,16,18256,4936093,264615
6996,1064,8,15,1,3808,40,Sold,43,93,48,17070,7871287,117317
6997,105,5,30,5,4722,138,Sold,34,84,59,17309,3943744,160378
6998,593,3,18,5,3155,169,Active,56,88,27,16035,5970747,186655
6999,35,8,29,3,4312,67,Sold,44,88,47,15573,3657965,150135
7000,643,4,9,5,3361,190,Sold,76,63,17,17507,6163366,278313
7001,223,8,15,4,3658,92,Sold,40,80,43,15650,4433843,126684
7002,119,2,21,3,3107,7,Sold,84,61,18,17632,4005400,161813
7003,655,5,26,1,3441,116,Sold,40,92,41,18139,6220072,115356
7004,740,6,5,2,3597,110,Active,44,99,42,16361,6537353,108155
7005,139,5,38,5,3760,167,Sold,39,84,46,15940,4080108,118726
7006,1017,2,3,2,3334,29,Active,75,57,14,16776,7650315,228320
7007,305,2,32,2,3428,169,Sold,83,53,17,18477,4785778,199733
7008,445,3,36,4,3949,158,Sold,59,81,18,18213,5360486,251953
7009,551,6,32,5,4978,27,Active,33,87,55,16434,5788028,173294
7010,584,5,20,1,4037,37,Sold,42,84,40,16296,5932043,123605
7011,638,5,20,5,3095,44,Active,39,84,38,17139,6143564,107947
7012,722,8,16,5,3931,138,Sold,40,88,57,15730,6465796,131523
7013,969,7,11,1,3488,137,Sold,39,92,50,18464,7458145,106851
7014,635,3,7,3,3342,183,Active,63,70,18,15559,6133213,196681
7015,815,6,8,5,3855,63,Sold,39,80,56,15507,6833933,138610
7016,536,3,33,4,3665,48,Sold,61,84,21,18159,5734473,222949
7017,170,8,8,4,4373,115,Sold,43,84,57,18443,4214671,141029
7018,10,2,18,1,4890,51,Sold,75,57,12,16792,3542754,324240
7019,1009,1,6,1,4713,181,Sold,97,21,8,18207,7623312,617768
7020,150,3,32,3,3486,15,Active,54,88,18,15501,4130513,182856
7021,811,1,7,5,4888,164,Sold,96,24,7,18356,6816381,468087
7022,848,2,40,3,3587,18,Sold,72,49,15,16320,6973447,227086
7023,406,2,11,1,4233,29,Sold,78,46,16,18421,5208370,256948
7024,682,6,19,4,4459,172,Sold,35,97,54,17396,6325382,154504
7025,356,7,26,4,3851,41,Active,36,98,41,17259,5007200,122231
7026,55,6,33,1,4863,121,Sold,41,87,47,17405,3745724,146085
7027,387,5,32,5,3985,96,Active,38,82,37,16032,5129612,140073
7028,209,1,27,1,4835,143,Active,90,30,6,15827,4381188,532201
7029,154,4,34,1,4900,154,Active,65,50,16,15020,4146264,368416
7030,15,8,12,5,3852,129,Sold,37,90,40,17619,3568856,134589
7031,1026,7,9,1,3953,150,Sold,40,82,40,15363,7686768,124693
7032,148,5,4,5,3053,164,Active,34,81,58,18500,4121062,92964
7033,208,3,14,5,4695,74,Active,50,84,26,18378,4380738,312890
7034,497,3,7,4,3682,69,Sold,61,70,26,15031,5575607,245439
7035,912,6,25,4,4219,75,Sold,32,94,59,16468,7228172,134291
7036,486,3,8,1,4850,198,Active,64,75,27,16266,5524302,315009
7037,398,4,31,3,4368,74,Sold,73,59,16,16843,5181368,305301
7038,436,7,21,5,3377,129,Sold,37,88,53,16799,5320882,103140
7039,387,8,19,3,3413,22,Active,32,99,47,18369,5130513,105796
7040,727,1,18,3,4835,140,Sold,94,24,11,18007,6494149,397099
7041,117,3,35,2,4545,59,Sold,57,88,21,15596,3999099,285237
7042,72,6,19,5,3327,64,Sold,33,96,50,17672,3806930,102452
7043,207,1,30,3,4021,92,Sold,97,32,10,18470,4371737,341473
7044,974,5,30,3,3805,124,Sold,35,83,48,17789,7478397,135595
7045,91,4,5,2,3360,35,Sold,73,67,24,16431,3887038,197721
7046,472,8,15,2,3706,128,Active,38,99,46,15347,5466696,126471
7047,496,2,34,5,3502,80,Active,81,47,18,15466,5572007,250474
7048,5,3,24,1,4259,23,Active,64,76,18,16653,3525202,285660
7049,213,7,16,2,4604,134,Sold,36,94,44,17207,4396039,139492
7050,557,5,31,1,4343,37,Sold,37,93,50,16958,5815031,135206
7051,592,8,28,2,3373,26,Sold,34,91,36,15834,5969846,109636
7052,352,5,27,1,4022,123,Active,31,81,50,16999,4991449,120966
7053,328,4,27,5,3769,142,Active,74,58,23,15265,4888388,284053
7054,16,8,22,4,3840,60,Sold,42,80,49,15341,3573807,130053
7055,726,7,25,5,3594,30,Sold,42,96,39,18005,6485598,115468
7056,263,1,22,2,3658,83,Active,98,31,7,15273,4604410,392147
7057,463,5,31,1,3304,191,Sold,41,83,50,17247,5427542,110638
7058,1096,4,3,5,3348,108,Sold,74,51,18,16311,7999549,250050
7059,1060,3,30,1,3435,80,Active,56,76,18,18073,7855535,190425
7060,220,6,29,2,3710,119,Active,42,95,54,17065,4427092,119440
7061,502,5,37,4,3689,11,Sold,43,91,43,18367,5594509,126016
7062,943,4,38,4,4243,154,Active,78,56,21,16114,7348784,338740
7063,1074,4,9,5,4222,65,Sold,74,62,23,15185,7912691,331020
7064,288,2,5,2,3745,53,Sold,83,51,19,15486,4707920,274513
7065,179,2,31,2,4388,48,Active,83,49,12,16218,4246174,299321
7066,312,1,1,5,3709,26,Sold,95,21,5,18149,4815481,299502
7067,122,7,22,4,3575,187,Sold,42,93,58,18306,4022052,122465
7068,199,6,4,4,4648,21,Active,40,83,35,16194,4333033,142303
7069,1008,5,33,1,4810,196,Sold,34,86,36,16898,7619261,152131
7070,1042,7,27,3,4736,16,Active,33,84,39,15641,7763276,166679
7071,954,8,32,5,3656,42,Active,37,98,57,15229,7391089,116034
7072,258,6,39,2,4413,131,Sold,43,85,55,16245,4581008,157094
7073,985,1,9,1,4200,50,Active,90,24,6,18306,7523402,491757
7074,1004,7,25,4,4442,150,Sold,36,93,54,16644,7598109,136698
7075,737,1,15,5,4484,126,Sold,89,32,7,18429,6527002,562013
7076,633,4,13,1,4558,165,Active,78,68,16,16905,6124662,364574
7077,196,7,25,2,3031,170,Sold,42,81,39,16780,4321782,108752
7078,513,6,12,1,3882,36,Sold,34,82,52,17264,5636813,128230
7079,679,6,35,4,4815,101,Active,38,83,48,16612,6309630,164374
7080,291,1,15,2,3684,173,Sold,89,27,6,15165,4718721,433432
7081,263,4,5,4,4167,11,Sold,71,56,20,17592,4603960,303110
7082,696,8,36,3,3727,87,Sold,32,89,52,16251,6375787,118996
7083,493,7,5,4,3597,129,Sold,41,96,43,18035,5554005,115241
7084,499,1,33,5,3733,76,Sold,98,31,7,15740,5583258,334607
7085,984,1,26,3,4110,191,Sold,89,26,9,15778,7521152,372417
7086,831,5,4,5,4354,146,Active,42,85,47,16818,6910891,131830
7087,576,6,10,4,3681,94,Active,43,81,48,16566,5899639,111350
7088,441,4,38,1,4995,20,Sold,68,55,20,15446,5343384,368146
7089,163,6,24,5,3680,64,Active,40,89,57,17991,4180468,112579
7090,469,4,22,2,4334,11,Sold,66,69,23,17324,5455895,258647
7091,959,1,24,3,3403,140,Sold,95,18,7,17006,7414491,390605
7092,215,4,35,5,3762,152,Sold,71,65,22,16569,4405040,249817
7093,42,3,13,4,3582,120,Sold,60,83,20,17196,3686318,195629
7094,444,4,6,5,3944,188,Sold,77,66,17,15779,5357335,220022
7095,530,3,8,4,4006,148,Sold,64,81,26,15938,5709270,275638
7096,833,3,26,2,3612,169,Sold,62,73,19,15731,6922592,235283
7097,1093,6,3,3,3089,85,Active,30,85,40,16693,7982448,96457
7098,321,3,15,5,4429,49,Active,51,86,19,15504,4851035,226949
7099,390,2,33,4,4526,159,Active,73,64,17,16137,5141314,268879
7100,771,1,6,1,4756,35,Active,88,22,6,16241,6648964,508785
7101,187,7,27,3,4382,165,Sold,39,82,59,16572,4285328,135474
7102,1056,4,36,1,3782,42,Sold,71,63,21,18470,7837083,269849
7103,101,8,37,1,3029,10,Sold,35,98,35,17720,3922592,101568
7104,1057,8,7,5,3482,194,Sold,37,85,58,15609,7842484,116341
7105,987,6,10,1,3277,111,Sold,35,90,51,16201,7531053,105415
7106,256,3,7,5,3649,95,Sold,64,89,22,18035,4569306,242562
7107,1016,4,40,4,4318,196,Sold,69,57,24,15875,7645364,300537
7108,981,4,35,1,3304,51,Active,67,67,18,15563,7503150,182249
7109,904,6,11,2,4038,124,Sold,42,94,58,16018,7193069,132083
7110,731,2,34,3,3300,179,Sold,74,57,17,15076,6506300,209110
7111,362,1,29,4,4077,100,Active,96,21,7,17381,5024302,331603
7112,1047,7,18,1,4320,60,Sold,41,97,57,17315,7787128,148539
7113,828,7,21,2,4694,96,Active,37,89,41,16929,6897389,148593
7114,543,5,6,2,4351,75,Sold,38,96,57,15062,5756975,145437
7115,515,2,17,2,4327,67,Sold,73,55,18,15907,5644464,243960
7116,968,6,19,4,4033,183,Sold,32,90,58,15052,7452295,138808
7117,437,2,8,5,4822,160,Active,84,51,12,16803,5324482,325483
7118,1046,2,22,1,4476,198,Active,82,61,19,17531,7782628,339326
7119,209,8,34,1,3682,43,Sold,34,89,54,17683,4382088,130328
7120,253,1,23,5,3799,198,Active,98,19,5,15595,4560306,317264
7121,336,8,13,5,4091,47,Active,31,91,45,18234,4923492,141107
7122,184,7,11,1,4450,165,Active,44,87,51,16493,4268676,158936
7123,536,5,37,5,3029,139,Sold,31,93,56,15121,5733123,97455
7124,290,3,40,3,4152,103,Active,50,73,21,17742,4714671,291304
7125,273,6,9,4,3557,56,Sold,43,89,55,15086,4649414,113504
7126,437,2,10,5,4982,128,Sold,83,50,18,16248,5327632,379736
7127,122,5,13,5,3141,91,Sold,30,98,55,17608,4021152,106951
7128,179,3,1,3,3695,16,Active,56,86,18,16752,4248874,231668
7129,656,4,35,4,3719,145,Sold,68,66,21,15876,6227722,209422
7130,1037,2,22,1,3697,160,Sold,80,53,13,16883,7740774,214941
7131,339,6,38,2,4689,187,Sold,41,97,44,16187,4937893,140876
7132,278,2,14,3,3589,196,Sold,79,56,18,15820,4670117,218932
7133,371,7,22,5,4337,61,Active,41,85,49,15442,5060306,153911
7134,829,8,23,3,3840,112,Sold,36,82,56,16471,6901440,124708
7135,518,4,32,4,4853,21,Sold,72,55,23,16148,5656615,276881
7136,1057,3,3,5,3115,35,Sold,59,76,21,16294,7842934,171280
7137,699,7,39,3,4506,146,Active,38,87,40,17327,6384788,143823
7138,513,1,33,1,3414,186,Active,96,29,5,16069,5637263,263962
7139,773,1,40,2,4785,65,Sold,96,28,7,18351,6657065,640185
7140,1046,6,37,5,3832,142,Active,34,89,52,16018,7783078,134220
7141,1071,4,29,3,3546,36,Sold,75,66,19,17703,7898289,238626
7142,548,7,17,3,3939,177,Sold,39,90,43,15043,5776327,131673
7143,42,5,25,2,3114,192,Sold,36,91,39,18109,3687218,99748
7144,41,6,27,5,4317,102,Active,33,94,44,16514,3680018,146372
7145,857,1,27,3,3647,53,Sold,93,34,9,18238,7013051,413688
7146,833,8,40,5,3836,142,Sold,38,90,40,15011,6919441,119499
7147,909,8,24,5,3467,21,Active,39,89,54,15208,7212871,112678
7148,951,3,4,4,3559,83,Sold,50,86,18,18064,7378487,172905
7149,153,1,27,2,4198,82,Sold,92,28,11,17581,4139063,406031
7150,245,7,20,5,4301,20,Sold,34,96,46,15521,4527452,144746
7151,124,8,35,2,4067,56,Sold,44,81,54,16755,4027452,125133
7152,354,2,22,2,4268,30,Active,80,50,16,17227,4997749,282197
7153,985,6,28,3,3299,76,Sold,41,99,50,17365,7524752,109804
7154,292,6,11,3,4162,190,Sold,39,98,51,16322,4726822,140085
7155,1080,5,2,1,4467,64,Active,39,81,57,16807,7934743,151655
7156,673,6,22,2,4384,172,Sold,44,89,57,17974,6285778,151616
7157,1089,5,25,5,3124,57,Active,42,98,41,15603,7966696,99549
7158,645,2,31,4,4571,62,Sold,79,47,15,18272,6175517,342918
7159,60,8,32,5,3473,19,Active,42,89,38,15853,3761476,111254
7160,566,4,3,2,4523,134,Sold,71,65,22,15972,5851035,294178
7161,1064,8,2,2,3551,144,Active,40,94,54,17690,7870387,110628
7162,256,1,21,4,3525,18,Active,97,34,11,17837,4574257,399955
7163,347,7,6,1,3360,91,Sold,43,81,56,17855,4971647,102164
7164,136,1,13,5,3620,194,Sold,93,18,10,17011,4072007,319212
7165,195,2,38,4,3957,91,Sold,76,53,15,15157,4316831,232173
7166,955,7,4,2,4681,103,Sold,35,83,35,15165,7399189,166475
7167,666,2,3,1,4046,74,Sold,84,61,15,18323,6259675,265479
7168,775,6,5,5,3450,126,Sold,38,86,51,17666,6663366,121668
7169,532,1,37,5,3446,52,Sold,98,31,5,18379,5715571,321150
7170,116,6,15,1,3769,9,Sold,37,98,57,18433,3994149,134968
7171,303,7,12,1,3405,113,Active,35,91,55,18310,4773627,103069
7172,505,5,37,5,4189,49,Active,39,99,35,15638,5608460,136109
7173,614,2,21,5,3193,183,Sold,77,54,17,16355,6052205,191271
7174,480,1,7,3,4403,187,Sold,93,23,10,16840,5503150,598984
7175,127,4,4,1,3964,21,Active,72,57,16,15667,4039153,258181
7176,567,6,38,3,3359,177,Sold,32,92,53,15955,5860486,109235
7177,370,2,40,3,4484,120,Sold,79,64,18,15233,5055355,247337
7178,101,7,2,3,4993,130,Active,44,87,50,16541,3923042,166037
7179,318,3,38,1,4777,24,Active,59,79,26,15093,4842034,283930
7180,614,7,30,4,4273,77,Active,40,84,59,16601,6053555,134941
7181,693,1,11,5,3985,171,Sold,90,21,11,18485,6363636,539669
7182,890,5,2,1,3233,83,Sold,30,98,59,17155,7141314,112043
7183,34,6,17,3,3523,183,Sold,37,92,52,18249,3655265,124327
7184,137,8,12,1,4377,170,Active,44,93,56,17687,4073357,136781
7185,382,1,34,3,3714,161,Sold,98,34,10,18423,5105310,485188
7186,101,1,1,5,4233,67,Sold,88,20,11,15582,3923942,416136
7187,393,7,12,1,3682,135,Active,31,89,49,15458,5157965,125865
7188,427,1,15,2,3895,93,Sold,89,29,11,16455,5285328,356889
7189,319,5,3,4,3010,89,Active,36,82,57,15597,4845634,99113
7190,711,7,39,4,3283,16,Active,44,84,53,15839,6427542,104984
7191,535,6,32,2,3799,186,Sold,32,92,53,15921,5726822,115961
7192,127,1,16,3,4121,80,Active,96,20,11,18386,4040054,453228
7193,473,4,36,4,3103,35,Sold,78,54,17,15156,5472547,173160
7194,920,8,5,2,4824,107,Sold,31,99,49,17374,7261926,167769
7195,1033,6,27,4,3970,154,Sold,42,81,53,15563,7720972,132439
7196,382,4,9,4,3801,9,Sold,71,50,16,17062,5104860,278881
7197,152,6,21,3,3181,173,Sold,44,99,40,15121,4134563,96104
7198,806,6,9,3,3839,191,Sold,37,88,55,16011,6796129,134933
7199,774,2,35,2,3934,172,Sold,78,52,15,17135,6661566,216184
7200,363,7,40,3,4442,138,Active,34,95,35,17145,5031053,133891
7201,684,1,11,5,4738,55,Sold,96,30,7,16101,6329882,582253
7202,805,5,2,2,3193,91,Sold,40,86,39,17140,6793879,107891
7203,419,4,6,3,4193,152,Sold,75,52,17,15558,5255625,284734
7204,550,3,40,2,4631,156,Sold,51,72,18,18005,5782628,278423
7205,208,1,9,5,4043,33,Active,94,31,5,18479,4379387,426921
7206,684,5,26,1,4071,161,Sold,35,81,49,17592,6331233,132218
7207,931,1,20,4,4434,94,Sold,95,27,11,17887,7303780,557620
7208,448,4,33,1,4200,56,Sold,77,68,17,15199,5369936,301673
7209,740,2,25,5,4469,88,Active,81,49,15,15511,6536903,329723
7210,6,1,6,1,3887,10,Active,92,23,11,15991,3530603,480958
7211,950,4,37,4,3183,46,Active,73,54,19,15919,7376237,184787
7212,394,7,12,5,4005,41,Sold,30,80,41,15747,5160216,131797
7213,138,3,13,1,4756,142,Sold,56,85,24,15123,4078307,244055
7214,980,3,28,1,3670,65,Sold,63,79,25,16337,7500900,235021
7215,492,2,38,5,3535,63,Sold,81,56,18,17126,5549054,191902
7216,1016,1,16,4,3241,27,Sold,98,34,6,16682,7644464,400879
7217,401,6,10,2,4498,155,Sold,35,88,54,17377,5190819,145771
7218,1062,4,20,2,3833,148,Active,65,52,24,17733,7863636,238407
7219,460,3,13,1,4747,162,Sold,51,78,20,15201,5414491,267624
7220,560,1,31,3,4134,192,Sold,98,28,5,17734,5830783,313760
7221,409,6,31,3,3551,128,Active,30,86,46,17719,5218721,127488
7222,445,2,32,5,3752,160,Sold,83,50,19,17830,5360036,290049
7223,378,1,2,5,3927,87,Sold,99,34,11,17220,5088208,506789
7224,849,6,31,2,4974,115,Sold,31,86,54,17329,6978397,150464
7225,625,1,35,4,4507,158,Sold,93,30,5,17229,6090459,531894
7226,79,1,38,1,4250,130,Sold,95,29,10,18381,3840234,388195
7227,172,2,21,4,3572,182,Sold,82,64,19,16533,4218721,207713
7228,892,5,13,5,3105,86,Sold,30,82,39,18280,7147614,97857
7229,201,7,7,3,4459,58,Sold,39,83,37,16800,4341134,158393
7230,797,2,27,2,3859,22,Active,78,50,16,16556,6765976,211015
7231,250,7,7,3,4696,56,Sold,35,88,52,15130,4549054,159185
7232,214,7,25,1,3772,71,Sold,31,95,35,15232,4400990,114065
7233,1076,4,32,5,4367,52,Sold,78,64,22,16387,7917641,265369
7234,504,8,18,1,3884,152,Sold,44,99,39,15244,5603510,132887
7235,999,7,17,5,4735,132,Active,44,90,59,18227,7575607,160602
7236,222,3,28,1,3048,16,Sold,59,85,19,16908,4430693,211429
7237,832,1,20,4,3624,163,Sold,99,32,6,16545,6918091,429680
7238,286,3,15,2,4737,139,Sold,59,87,20,16068,4697119,314476
7239,983,7,34,4,4562,37,Active,34,95,49,17872,7513501,155327
7240,270,3,13,1,3135,175,Sold,63,80,22,15841,4635463,177456
7241,936,5,36,2,3042,143,Sold,38,84,53,18326,7322682,102716
7242,282,5,17,2,3119,117,Sold,44,84,38,15841,4683618,110269
7243,759,8,40,4,4480,129,Sold,33,91,42,17737,6604410,136918
7244,629,1,40,4,3334,108,Sold,92,26,10,18448,6105310,340501
7245,274,6,8,2,3697,23,Sold,34,87,40,16814,4653915,122230
7246,975,5,7,5,4141,38,Sold,39,93,57,15267,7481998,147859
7247,637,6,19,1,3316,126,Active,33,97,36,17876,6139513,118593
7248,186,1,21,1,4220,139,Sold,95,34,8,15514,4282178,332515
7249,950,1,20,5,4709,13,Active,93,22,11,15576,7373087,587095
7250,821,5,35,2,4132,131,Sold,44,82,48,17055,6859135,131100
7251,939,6,9,3,3504,19,Active,33,92,59,16966,7336183,124133
7252,468,8,38,3,4625,154,Active,41,92,42,16807,5448244,159757
7253,1019,2,9,1,3469,82,Sold,84,62,17,16989,7659765,239761
7254,451,2,34,2,4345,159,Active,75,49,14,17603,5384338,237541
7255,59,1,30,3,4824,99,Sold,90,19,9,17748,3759225,441999
7256,448,6,9,2,3057,40,Active,33,94,50,18378,5370837,102361
7257,565,4,28,1,4289,25,Sold,65,57,16,16354,5846984,307330
7258,966,5,24,4,4252,199,Sold,37,83,58,15684,7445544,130553
7259,832,8,30,1,3258,110,Sold,43,84,54,16417,6916741,115959
7260,265,4,24,2,4694,163,Sold,69,58,21,17530,4613861,278784
7261,56,1,19,2,4537,179,Sold,92,24,7,18230,3749774,434690
7262,331,3,37,2,4338,61,Sold,51,85,24,15249,4898739,282463
7263,7,8,13,2,4586,113,Sold,41,86,49,15679,3534203,137956
7264,782,3,5,1,3731,26,Sold,56,87,20,17412,6692619,258675
7265,457,4,36,1,4777,141,Active,67,57,15,17259,5399639,358800
7266,124,5,38,5,3798,103,Active,43,88,59,17238,4029252,132611
7267,627,7,33,3,3833,104,Sold,30,91,49,15810,6094959,136186
7268,1011,5,4,1,4183,54,Sold,42,81,55,15145,7631413,130660
7269,1008,2,33,5,3833,39,Sold,81,55,12,16197,7615211,204914
7270,180,3,5,5,3091,173,Sold,60,79,23,17311,4253825,186983
7271,700,7,40,1,4061,158,Active,44,83,53,15414,6387038,133948
7272,373,4,36,5,3226,22,Sold,66,61,19,16214,5069756,253393
7273,692,7,20,5,3147,58,Sold,40,92,37,17431,6361386,112738
7274,808,3,19,5,4873,96,Sold,64,88,27,16166,6804680,322460
7275,303,3,40,1,4109,121,Active,51,88,21,17500,4775427,273101
7276,658,8,25,4,3762,196,Active,35,91,54,16240,6231773,128909
7277,11,6,10,3,4968,178,Active,43,91,40,17317,3548604,164212
7278,941,2,22,1,4432,152,Active,79,60,12,18297,7344734,237942
7279,277,1,12,3,4481,157,Sold,96,31,11,15941,4665166,494949
7280,1062,6,38,1,4576,141,Sold,40,84,37,16784,7862286,153671
7281,725,7,36,4,4225,114,Sold,36,80,56,18047,6481998,128913
7282,351,7,35,5,4849,32,Sold,40,85,54,15418,4985148,170113
7283,912,4,2,1,4209,197,Active,77,51,22,16218,7225922,332814
7284,59,1,38,5,4111,20,Active,90,23,10,16353,3757425,371419
7285,377,1,34,3,3980,7,Sold,99,31,8,17324,5082358,518942
7286,923,5,32,2,4521,196,Sold,33,97,50,17580,7268676,154826
7287,671,2,11,5,3942,46,Active,80,48,17,15080,6276327,283975
7288,579,4,25,2,4313,29,Active,79,62,22,16061,5911791,314666
7289,1083,3,26,4,4894,74,Active,51,85,23,16258,7946444,340607
7290,484,8,40,5,3958,136,Sold,42,82,46,16398,5518001,129118
7291,449,1,8,3,4899,133,Active,98,28,9,16821,5372637,606643
7292,522,7,22,1,4016,31,Active,34,81,43,16668,5675517,137444
7293,1001,4,39,3,4073,79,Sold,79,50,15,16275,7588208,266891
7294,444,5,11,1,4059,173,Active,33,82,58,17261,5353735,137040
7295,500,8,12,5,3082,32,Sold,33,81,55,16595,5589108,102064
7296,330,8,35,1,3975,108,Sold,36,92,36,17238,4893789,142536
7297,48,4,7,4,3355,138,Sold,72,67,17,16185,3716021,181974
7298,911,6,32,1,3043,136,Sold,43,91,47,17661,7225022,106195
7299,41,6,1,3,4258,172,Sold,33,82,50,16931,3682268,140974
7300,722,4,38,4,3044,160,Active,67,66,21,16064,6468946,188917
7301,1023,5,21,4,3473,63,Active,34,99,52,18118,7675067,111872
7302,1006,2,33,3,4772,56,Sold,78,46,17,16794,7605310,369355
7303,921,6,9,1,4472,123,Sold,43,95,41,16092,7263726,135198
7304,947,6,17,1,3945,74,Sold,43,87,49,15299,7363636,137515
7305,543,6,30,2,4550,156,Sold,31,95,54,17384,5757425,156993
7306,95,4,21,5,3225,157,Sold,78,58,17,15482,3900990,207318
7307,372,7,31,5,3978,147,Active,33,82,58,17158,5067956,121854
7308,519,3,36,2,3517,78,Sold,64,89,23,17768,5660666,202692
7309,1051,3,15,4,4662,145,Sold,53,70,20,15821,7807380,301695
7310,965,1,1,1,3902,48,Sold,90,30,6,16598,7440144,460846
7311,1040,6,33,4,3860,63,Sold,44,90,38,17128,7754725,119552
7312,1026,8,7,4,4879,52,Sold,35,99,47,17687,7687218,167974
7313,260,3,4,1,3409,188,Sold,58,87,20,15789,4587758,206558
7314,762,5,31,5,4236,42,Sold,41,98,55,17654,6616111,147879
7315,673,3,17,4,4863,126,Sold,52,81,20,15926,6287578,329735
7316,971,3,25,2,4506,118,Active,63,73,19,15474,7469396,294974
7317,945,1,39,5,3563,76,Sold,93,18,6,16465,7353285,392197
7318,396,7,13,1,4135,192,Sold,40,89,43,17708,5169666,140226
7319,797,5,13,1,4765,74,Active,40,88,49,18381,6766876,157169
7320,828,3,35,4,4249,118,Active,57,77,18,15809,6896489,240201
7321,999,2,39,4,3442,85,Active,84,50,15,15270,7576507,174248
7322,24,4,33,4,4373,14,Sold,65,59,19,16898,3609360,253214
7323,663,8,9,5,3763,128,Sold,35,89,57,16406,6248424,126903
7324,1032,7,14,5,4488,52,Sold,39,92,43,17471,7716471,149738
7325,398,5,19,1,3688,172,Active,33,83,41,15203,5181818,116379
7326,269,5,5,2,3349,67,Active,35,94,37,15338,4630963,101669
7327,353,6,25,2,3756,126,Sold,44,88,39,15434,4995499,113303
7328,848,5,13,2,3620,134,Sold,42,86,40,17616,6972097,121972
7329,575,2,8,2,3331,55,Sold,84,58,18,15521,5891989,207167
7330,1031,8,27,5,3102,199,Active,41,97,40,15036,7709720,94127
7331,982,5,11,1,4495,29,Sold,30,90,35,16824,7508100,143957
7332,99,6,3,1,3615,141,Active,41,86,39,17928,3916291,114545
7333,476,6,32,5,4902,147,Sold,37,96,37,16049,5480648,148021
7334,255,7,6,1,4829,60,Active,37,87,37,16392,4567056,164737
7335,86,6,33,1,4551,60,Sold,31,91,38,16256,3866786,150383
7336,468,6,17,3,3057,153,Sold,32,97,37,16976,5451395,92914
7337,442,8,1,1,4961,71,Sold,41,83,38,18087,5345184,177028
7338,832,1,14,4,4938,127,Active,90,24,11,17178,6915841,477591
7339,740,8,27,5,3421,73,Sold,39,80,44,15178,6535103,111299
7340,779,4,17,4,3172,30,Sold,67,61,23,17364,6685868,180630
7341,737,3,32,3,3154,169,Sold,58,83,27,18249,6526552,208083
7342,872,3,9,1,4831,120,Active,52,75,18,17738,7067056,278915
7343,72,7,9,2,3946,192,Active,34,90,37,18199,3806480,120787
7344,360,7,16,5,3339,137,Sold,33,88,51,18121,5016201,106013
7345,571,3,7,5,4995,177,Sold,64,89,23,17039,5878037,293706
7346,480,4,8,5,3278,123,Active,70,62,17,16780,5502250,228141
7347,263,4,3,5,4393,20,Sold,75,69,22,15091,4605760,249498
7348,127,7,11,4,4190,75,Sold,35,91,50,17014,4039603,142795
7349,667,4,35,1,4876,69,Sold,71,66,23,16219,6263726,360041
7350,928,6,34,5,3220,75,Active,33,87,48,16128,7292979,96864
7351,986,2,20,4,4071,97,Sold,74,48,14,17821,7526552,292619
7352,1,3,8,5,3540,179,Sold,63,82,18,16120,3504050,245387
7353,977,2,21,5,4267,68,Sold,77,57,16,16024,7488298,303839
7354,591,6,15,3,4023,64,Sold,31,91,49,16195,5966246,129758
7355,81,8,1,4,4975,39,Sold,39,81,51,16008,3845634,174702
7356,995,3,30,1,3257,24,Sold,62,71,24,17287,7560306,173106
7357,559,2,9,3,4348,199,Sold,76,51,14,17247,5824482,253142
7358,167,1,6,5,4604,50,Sold,94,31,11,17444,4197569,476410
7359,144,1,29,2,4592,89,Sold,95,23,10,17921,4103510,395784
7360,866,5,26,4,4178,83,Sold,39,92,38,15062,7039603,128808
7361,588,4,37,4,4549,159,Sold,76,52,16,17451,5950945,370414
7362,734,7,38,1,3070,149,Sold,34,84,58,18449,6514401,104798
7363,1051,6,6,3,3856,117,Sold,37,84,41,15406,7810981,117801
7364,1000,6,17,3,3637,123,Sold,37,81,44,15364,7580108,122625
7365,814,7,29,2,3768,104,Sold,37,80,54,17786,6829432,128526
7366,635,6,33,1,3017,192,Sold,37,84,46,18064,6134563,92942
7367,881,2,13,5,4155,167,Active,76,51,14,17715,7105310,216613
7368,139,6,24,1,3386,99,Sold,33,86,49,17443,4082358,117325
7369,741,5,17,2,4358,109,Sold,37,97,50,18308,6539153,152330
7370,165,4,38,2,4001,145,Active,67,66,23,17115,4186318,268685
7371,446,1,11,2,4481,130,Active,91,20,11,18498,5362286,590428
7372,1037,5,25,4,4907,154,Active,36,96,38,16509,7740324,153933
7373,397,4,4,2,3458,55,Sold,73,52,20,17926,5173717,276118
7374,666,6,22,3,4488,125,Active,32,98,49,17646,6257875,141255
7375,831,8,28,3,4321,153,Active,35,87,51,18099,6911341,141495
7376,823,7,8,2,4113,114,Sold,38,91,36,16885,6869486,129708
7377,489,4,13,1,3358,122,Sold,70,56,16,17034,5538253,201493
7378,458,5,20,4,3738,145,Sold,30,94,44,17537,5407290,128699
7379,5,4,33,4,4445,40,Active,68,69,21,17012,3524752,238450
7380,180,8,15,3,3214,78,Sold,33,89,43,16680,4252475,105201
7381,790,6,23,3,3358,10,Active,38,81,48,15757,6733573,113695
7382,499,5,32,3,3093,199,Sold,32,97,41,18319,5582358,106882
7383,586,8,1,3,3662,193,Sold,31,93,40,17977,5943294,131671
7384,564,4,29,4,4607,18,Sold,76,65,22,15855,5843834,269779
7385,772,5,33,5,4442,183,Sold,38,88,47,17975,6651215,138484
7386,217,2,14,5,3881,134,Sold,74,45,16,17490,4412691,302467
7387,459,8,25,4,4090,65,Sold,42,82,47,17802,5408190,127248
7388,494,7,31,3,4645,80,Sold,40,96,41,15178,5558055,145649
7389,118,6,38,2,4372,20,Active,39,91,49,16064,4001800,137272
7390,264,8,21,4,4717,97,Sold,35,99,43,17300,4610261,167586
7391,247,4,26,5,4933,106,Active,76,55,16,15358,4536003,383708
7392,251,8,11,1,4545,8,Sold,31,91,42,17937,4552205,153848
7393,360,2,14,4,4393,178,Sold,83,57,16,17868,5014851,229858
7394,672,1,6,4,3427,196,Sold,96,21,10,17476,6280378,296495
7395,1072,6,1,1,3942,83,Sold,31,88,48,16387,7902340,119332
7396,477,8,15,4,4696,37,Sold,35,89,37,18018,5488298,146910
7397,559,8,13,3,4417,41,Sold,35,88,42,17254,5827182,156848
7398,577,6,4,2,4506,127,Sold,42,92,48,16375,5905040,153312
7399,1000,8,12,1,3235,71,Active,43,90,50,16822,7581458,113238
7400,144,6,20,1,3764,77,Sold,40,90,38,17484,4104410,121984
7401,28,6,34,1,4517,42,Sold,34,97,39,15529,3630513,162603
7402,1069,3,8,4,4134,33,Sold,52,78,20,17306,7887938,217190
7403,1010,4,30,3,3691,66,Active,76,51,21,17371,7628712,203350
7404,971,8,1,2,4745,197,Sold,43,88,39,17563,7469846,154829
7405,107,1,13,4,5000,20,Sold,94,26,9,16744,3954545,493162
7406,818,6,34,1,3411,178,Sold,41,87,55,15465,6847884,112072
7407,344,4,13,5,4517,144,Sold,74,65,20,18369,4955445,368851
7408,658,8,18,4,3414,27,Sold,38,85,45,15104,6233123,107923
7409,95,2,2,3,3172,167,Active,72,57,16,16383,3900540,238640
7410,606,5,34,4,3274,97,Sold,43,85,50,16876,6018901,100021
7411,41,5,17,2,4912,16,Sold,34,85,57,16824,3680468,151722
7412,140,4,25,4,4286,186,Active,74,58,19,17004,4089558,264168
7413,845,4,25,2,3376,94,Sold,71,61,17,18469,6961296,196866
7414,924,4,32,4,4628,31,Active,75,51,20,17043,7270927,315343
7415,94,7,30,4,3807,74,Sold,44,93,37,17590,3899189,123400
7416,318,2,3,1,3426,129,Sold,76,53,16,17484,4837983,213517
7417,556,7,6,1,4442,35,Sold,38,92,58,17027,5807380,158109
7418,932,3,4,1,4685,198,Sold,59,89,21,16502,7308280,269316
7419,678,1,14,4,4757,80,Sold,88,30,6,17844,6302880,617589
7420,382,2,24,2,4148,45,Active,79,53,12,17775,5103960,312091
7421,1079,7,20,5,4776,141,Sold,32,97,42,16407,7927992,143987
7422,358,7,2,3,4259,32,Active,38,93,43,15738,5011701,137906
7423,926,8,6,1,4287,120,Sold,31,97,44,15813,7279927,150002
7424,938,4,15,4,3546,161,Active,72,67,17,18004,7331683,188684
7425,841,4,1,5,3245,35,Sold,72,51,24,16931,6950045,185525
7426,557,5,1,2,4949,106,Active,40,97,43,15118,5812331,165257
7427,987,1,15,4,4985,65,Sold,97,26,11,17440,7528802,569549
7428,936,4,36,5,3682,133,Active,71,60,21,17389,7321782,197596
7429,611,1,5,5,3461,183,Sold,94,24,5,15499,6038703,386274
7430,307,8,19,2,4475,151,Sold,42,80,46,18028,4793879,149742
7431,347,7,17,1,4715,46,Sold,43,90,41,16789,4968496,167524
7432,48,3,28,1,3120,108,Active,55,70,27,16803,3715571,219528
7433,239,6,20,5,4201,73,Sold,43,80,51,17448,4503600,143389
7434,1031,2,13,5,3106,111,Sold,75,46,16,16043,7708820,158995
7435,204,5,38,3,3716,11,Sold,40,96,44,15949,4359585,122933
7436,502,8,30,1,4687,68,Sold,38,98,35,15586,5592709,151287
7437,478,4,25,3,3625,152,Sold,76,57,15,16179,5491449,284340
7438,9,6,2,5,3833,53,Sold,33,97,45,16224,3541854,121123
7439,1,6,26,2,4248,37,Sold,37,91,40,15018,3505400,149742
7440,828,1,31,3,4986,19,Active,94,29,5,17942,6899189,538725
7441,400,2,25,2,4008,61,Sold,81,64,19,16485,5187218,299077
7442,324,3,14,5,3872,147,Active,60,76,21,16905,4868586,189536
7443,976,5,20,1,3784,125,Active,43,96,53,18428,7485148,135475
7444,348,6,40,2,3260,155,Active,32,88,59,18143,4975697,102221
7445,306,3,30,5,3765,138,Sold,61,82,21,17447,4787578,242924
7446,881,1,3,1,4953,199,Active,97,20,7,18190,7103510,390160
7447,694,4,10,2,4542,108,Sold,78,62,22,16279,6367686,280900
7448,1003,3,28,1,4461,40,Sold,58,86,24,16319,7595859,244506
7449,947,7,25,3,3338,82,Active,32,89,52,16393,7364536,104346
7450,347,1,16,5,4003,124,Active,98,18,11,15732,4969396,441551
7451,1054,6,15,4,4872,115,Active,41,94,45,17888,7824482,164703
7452,722,7,14,3,4286,49,Sold,43,88,44,18388,6465346,149436
7453,24,6,22,1,4289,102,Sold,33,98,59,17574,3611161,153778
7454,522,5,16,4,3803,164,Sold,43,92,40,15086,5672817,128526
7455,319,4,38,1,4230,68,Sold,74,56,22,15420,4845184,231639
7456,395,1,30,4,3206,124,Sold,89,29,9,17289,5167866,271725
7457,132,2,16,3,3011,159,Active,84,47,14,17355,4058055,197289
7458,244,4,30,3,3479,134,Active,68,61,15,16123,4521602,279451
7459,228,1,33,3,3501,32,Active,89,25,9,18104,4456795,457021
7460,177,6,19,5,4170,47,Sold,44,93,42,15372,4241674,140854
7461,413,3,15,2,3189,153,Sold,58,71,27,17148,5232673,221332
7462,15,2,21,1,3721,150,Sold,82,53,17,17753,3568406,220076
7463,1082,2,6,3,4157,170,Sold,78,48,16,16209,7940594,316329
7464,73,2,40,1,3206,132,Sold,73,52,19,15664,3812781,192274
7465,43,6,8,5,3315,53,Sold,39,89,44,18170,3693069,101134
7466,264,4,14,3,3037,145,Active,66,66,17,17814,4612961,175174
7467,991,8,14,3,3923,13,Active,33,95,46,17713,7547254,132315
7468,675,4,28,2,3054,72,Active,73,57,18,16967,6292529,200836
7469,656,6,27,4,4777,152,Sold,40,84,50,15881,6225472,156991
7470,299,3,6,5,3029,30,Sold,62,86,19,17185,4759225,170690
7471,882,7,1,3,4479,20,Sold,35,85,42,16958,7106660,145720
7472,495,5,22,5,4352,156,Active,40,98,54,18455,5561206,139725
7473,4,3,31,4,4950,7,Sold,52,75,21,17603,3515301,280130
7474,626,5,14,4,3481,49,Active,41,94,55,15378,6092259,117713
7475,931,7,30,4,4197,152,Sold,36,97,35,16093,7301080,142958
7476,42,5,11,4,4974,37,Sold,44,80,48,17015,3689018,159019
7477,198,5,26,2,4934,194,Sold,34,90,48,15584,4329882,150408
7478,753,7,27,3,3982,112,Sold,32,91,52,18304,6582358,132425
7479,649,6,37,4,3811,68,Sold,44,80,43,17531,6195319,119978
7480,987,6,5,5,3768,110,Active,31,84,46,17307,7531503,116966
7481,333,5,23,2,4060,36,Active,38,91,51,17589,4909990,127005
7482,764,7,36,4,3118,55,Sold,39,80,50,16772,6624662,108538
7483,61,1,40,5,4163,179,Sold,98,28,10,16468,3766426,409754
7484,112,8,32,4,4229,140,Active,37,90,55,17780,3977047,127707
7485,376,2,28,4,4199,111,Active,73,47,17,18345,5078307,244150
7486,984,3,34,2,4707,29,Sold,55,77,22,18087,7518451,228075
7487,896,6,39,4,4829,56,Active,44,94,39,15578,7165166,171526
7488,962,6,37,2,3555,25,Sold,40,88,56,15270,7425292,123607
7489,382,6,27,4,4925,77,Sold,37,87,46,17180,5103060,174434
7490,332,5,4,3,3567,37,Sold,30,93,48,16951,4903240,121235
7491,1085,1,34,2,3691,160,Sold,91,23,6,16729,7954545,359402
7492,974,5,10,3,4690,170,Sold,43,88,47,17402,7480648,155464
7493,972,1,23,2,4263,58,Sold,98,24,7,17479,7470747,370092
7494,227,1,38,3,4697,95,Sold,97,29,7,16223,4449594,523809
7495,363,3,23,3,4275,126,Sold,63,85,21,17919,5031503,271493
7496,158,6,24,3,4787,25,Sold,34,93,46,16612,4160666,164156
7497,640,2,23,5,3035,71,Sold,76,61,12,17219,6155265,210827
7498,71,6,24,5,4123,192,Sold,32,84,55,17958,3801080,146004
7499,991,4,28,1,4002,108,Sold,67,63,18,15375,7546354,215750
7500,19,1,37,2,4423,106,Sold,94,31,9,16439,3587758,498903
7501,143,5,6,3,3706,72,Active,40,98,55,18026,4099459,120853
7502,59,8,19,5,4371,131,Active,34,91,58,18417,3759675,139033
7503,371,2,25,5,4222,184,Active,84,62,18,15486,5059855,330863
7504,301,6,30,3,4463,82,Sold,35,86,49,16532,4765976,158633
7505,414,1,39,5,4862,93,Sold,97,25,9,18244,5236273,447146
7506,961,2,38,1,3532,191,Sold,75,53,12,15434,7423492,181771
7507,911,5,17,2,4318,48,Sold,32,92,38,15667,7224572,153531
7508,502,2,2,3,4647,100,Sold,77,55,16,16713,5597209,322519
7509,102,1,2,2,3931,36,Active,97,27,10,17920,3929342,334685
7510,546,5,29,5,3668,113,Sold,31,96,59,15916,5768676,128982
7511,500,4,36,2,4135,83,Sold,74,56,17,18136,5588658,285875
7512,296,6,6,1,3565,171,Sold,37,94,40,18265,4746624,121702
7513,537,4,32,3,4240,53,Sold,79,54,19,17991,5738523,328290
7514,336,5,16,2,4184,84,Sold,34,98,40,17799,4920792,145344
7515,582,7,38,3,4300,53,Active,34,86,55,16566,5925742,147206
7516,512,4,27,3,3383,24,Sold,67,66,21,18122,5631413,233471
7517,431,6,14,3,3193,144,Sold,43,93,42,17225,5299729,101129
7518,984,4,31,4,4189,145,Sold,69,69,17,17708,7518001,346832
7519,338,6,4,2,3142,175,Sold,33,98,45,15356,4934743,112264
7520,228,4,2,4,4132,31,Sold,67,52,17,15544,4457695,257077
7521,570,6,18,5,3817,123,Active,43,82,39,15810,5871737,132259
7522,106,8,21,2,4584,94,Sold,43,94,53,16420,3949594,151850
7523,40,4,13,5,3445,10,Sold,66,62,23,16133,3673717,209258
7524,33,6,25,4,4235,44,Sold,44,99,52,16210,3651215,140085
7525,765,4,35,1,4340,104,Sold,78,54,19,16499,6630963,255587
7526,790,5,5,3,3922,145,Sold,40,87,40,17992,6732673,124108
7527,597,7,32,2,3228,91,Active,34,93,51,15441,5986498,112076
7528,890,2,33,4,3076,109,Sold,72,64,18,15131,7144014,197199
7529,1038,5,1,4,4800,156,Active,34,82,40,15160,7745274,155453
7530,601,6,35,4,3449,61,Sold,38,92,40,17353,6003600,119570
7531,118,7,26,1,4338,103,Active,36,88,43,15071,4004050,131051
7532,344,2,4,1,3903,108,Sold,78,56,18,17765,4956795,202755
7533,232,7,3,2,4753,17,Sold,37,93,48,18347,4473447,160452
7534,419,4,34,2,4275,139,Sold,71,66,24,17295,5254725,281445
7535,50,3,8,2,4835,132,Sold,54,81,27,18327,3724122,286046
7536,310,6,19,2,3230,138,Sold,33,91,54,17097,4804680,98140
7537,738,1,4,3,4168,154,Active,93,32,9,18106,6531953,438484
7538,427,3,28,2,4584,31,Sold,54,79,25,17122,5287128,276008
7539,240,5,32,1,3231,46,Sold,41,94,36,16667,4506750,97906
7540,105,4,3,2,4695,39,Sold,77,65,17,17844,3941494,374135
7541,429,3,30,4,3922,38,Sold,52,85,19,16407,5292079,213859
7542,793,8,37,5,4016,59,Sold,36,82,56,16743,6747074,143612
7543,801,6,28,2,3975,156,Sold,35,98,52,15862,6778127,141637
7544,1028,1,10,3,4142,91,Active,99,26,7,16006,7699819,362208
7545,750,1,30,5,3745,142,Active,93,23,10,16950,6574707,282579
7546,602,8,27,3,4345,38,Sold,32,98,56,15839,6007200,154969
7547,354,6,40,4,3829,82,Sold,32,88,43,15234,4998199,121333
7548,976,4,37,4,3287,53,Sold,71,68,22,18479,7483798,266571
7549,172,4,14,5,4322,199,Sold,78,55,24,16896,4220072,231882
7550,641,7,30,1,4507,101,Sold,35,85,43,15913,6155715,156952
7551,375,8,13,2,3939,196,Active,31,85,45,17268,5074707,133296
7552,473,2,6,1,3501,175,Active,73,52,15,15654,5475697,208006
7553,639,6,21,4,4913,12,Active,43,89,57,17070,6148514,160852
7554,629,2,27,2,4171,52,Sold,83,58,12,17628,6107560,304653
7555,528,7,7,3,3548,116,Active,33,90,55,18186,5697569,124052
7556,415,8,30,2,3309,131,Active,42,80,42,16115,5239873,119078
7557,117,3,18,1,4512,112,Sold,60,84,21,17546,3999549,219016
7558,795,4,24,2,4008,193,Sold,65,69,20,15846,6758325,331229
7559,702,4,40,5,4374,73,Sold,77,62,20,15152,6396039,288391
7560,642,6,26,1,3946,24,Sold,35,97,56,18279,6158415,118996
7561,291,3,6,2,3804,113,Sold,61,84,21,16523,4719171,237601
7562,502,6,6,3,3661,34,Active,32,94,46,16861,5596309,113945
7563,962,4,2,4,4851,160,Active,76,64,22,15463,7427092,352032
7564,795,1,12,4,4703,90,Sold,93,25,5,15564,6756975,557435
7565,769,3,38,4,4382,131,Sold,56,74,25,16515,6641764,293040
7566,449,1,20,1,4870,79,Sold,96,18,9,15558,5372187,535298
7567,169,4,9,4,4130,51,Active,67,50,24,16250,4205220,251358
7568,870,1,6,2,3328,172,Sold,98,24,7,17518,7056255,385116
7569,604,3,6,5,4540,189,Sold,62,73,19,16932,6010801,271456
7570,466,6,22,1,4123,37,Active,38,82,36,17183,5441494,144585
7571,269,2,13,5,3753,35,Active,82,56,14,15550,4631413,207772
7572,356,7,22,4,4991,58,Sold,37,93,55,17904,5004950,151207
7573,859,6,5,2,4414,171,Sold,32,83,53,16816,7016651,140824
7574,182,1,34,1,4053,131,Sold,91,31,7,15525,4261926,415828
7575,508,5,13,2,4220,120,Sold,36,90,42,17646,5619261,147455
7576,747,1,7,1,3756,58,Sold,94,21,11,15969,6561206,303156
7577,451,8,34,5,4544,98,Sold,32,96,51,18438,5381188,145208
7578,187,2,15,1,3315,14,Sold,83,57,16,16027,4284428,202802
7579,646,7,24,3,4717,97,Active,43,89,57,16674,6179567,150680
7580,1017,1,9,2,3371,197,Sold,88,20,6,15742,7646714,400171
7581,8,7,4,2,3589,120,Active,43,85,44,18460,3538253,109802
7582,442,5,2,3,3566,44,Sold,39,82,38,15133,5348334,121715
7583,273,6,34,5,4434,177,Sold,30,85,55,17508,4653015,142003
7584,612,5,2,1,4321,56,Sold,34,99,50,15382,6045454,135991
7585,575,3,25,4,4274,24,Sold,55,89,27,15792,5893789,282111
7586,378,5,4,3,4254,137,Sold,41,84,41,16722,5088658,144432
7587,157,5,39,4,4213,18,Sold,31,88,54,16143,4155265,134100
7588,80,4,13,2,4111,136,Sold,69,61,16,17672,3844734,275353
7589,770,2,23,1,3353,133,Active,76,54,15,15577,6645364,211943
7590,1071,8,15,5,3587,35,Sold,44,94,45,16723,7896939,109590
7591,903,3,4,1,4329,97,Sold,61,80,24,15423,7188568,218860
7592,1,1,39,3,3107,117,Sold,98,22,8,15865,3500450,305744
7593,958,2,24,2,3219,59,Sold,72,58,17,15948,7411791,193459
7594,413,4,11,1,4187,104,Active,69,66,18,15334,5234473,328437
7595,170,7,28,2,3811,152,Sold,44,85,35,18316,4211071,120771
7596,200,6,11,1,4301,45,Sold,37,92,53,17185,4339783,140015
7597,591,1,26,5,4623,40,Sold,93,26,5,16850,5966696,609577
7598,733,6,3,4,4402,30,Sold,42,95,43,16840,6512601,150469
7599,114,3,18,1,4579,117,Sold,51,86,19,17627,3983798,233082
7600,928,7,1,4,3944,194,Sold,37,89,58,16444,7291629,135547
7601,846,2,17,1,3894,28,Active,84,62,14,15221,6966696,244057
7602,629,6,24,5,3958,124,Sold,33,83,49,18208,6108010,122294
7603,15,5,10,1,4184,138,Sold,33,86,58,17986,3569756,137746
7604,789,1,6,5,3886,172,Sold,93,30,7,15095,6730873,525436
7605,724,2,22,5,4403,167,Sold,76,58,14,18335,6477497,228766
7606,746,5,28,5,3183,123,Sold,33,83,36,15354,6558055,97234
7607,283,6,40,2,3250,25,Sold,32,83,55,15427,4686768,114380
7608,409,1,13,4,3985,148,Sold,97,28,7,16905,5216921,331622
7609,133,4,14,4,3931,192,Sold,71,61,23,15282,4058955,283425
7610,868,6,10,1,4915,161,Sold,41,87,35,18286,7046804,171347
7611,651,3,1,4,3049,46,Sold,59,77,23,16879,6205220,155279
7612,925,5,34,3,4408,127,Active,44,97,48,18462,7273627,148012
7613,304,3,13,4,3974,104,Sold,61,73,26,16342,4781728,252581
7614,261,2,18,4,4095,154,Sold,76,54,19,17837,4597209,308252
7615,688,7,8,5,4133,84,Sold,38,97,58,18267,6346984,129421
7616,679,5,12,3,4488,79,Sold,38,88,46,16082,6309180,151784
7617,395,3,6,5,4409,21,Sold,54,82,19,17228,5163816,264625
7618,1091,4,20,5,3931,64,Sold,73,54,19,15980,7976147,281636
7619,1016,4,33,4,4113,194,Sold,73,63,23,15023,7644914,235222
7620,388,7,37,2,3665,71,Sold,37,86,56,15984,5133213,120439
7621,261,4,6,1,3524,120,Active,72,60,21,18306,4595859,246754
7622,1033,7,9,5,3543,133,Active,31,94,50,16429,7717821,113227
7623,52,1,38,2,3413,191,Sold,98,22,5,15217,3732673,400353
7624,707,5,1,4,4816,130,Sold,37,92,51,15067,6415841,155663
7625,1063,5,39,1,4721,129,Sold,33,91,37,15533,7869036,142206
7626,766,8,3,5,4440,152,Sold,34,94,43,15762,6632763,138164
7627,223,5,5,3,3116,56,Active,42,93,56,17657,4435643,110749
7628,416,5,17,1,4744,186,Sold,34,81,48,16753,5242574,152690
7629,649,5,32,2,4938,101,Active,39,89,38,17525,6195769,155063
7630,885,4,20,2,3619,141,Sold,69,64,24,18416,7119261,265427
7631,961,3,39,4,4001,17,Sold,52,88,26,16367,7421242,199692
7632,831,1,9,4,4332,62,Sold,96,33,10,17400,6912691,457882
7633,1093,3,7,1,3860,122,Active,62,84,20,15675,7983798,220372
7634,632,4,32,1,3905,109,Sold,74,58,19,17041,6122412,225295
7635,333,2,36,4,4275,35,Active,75,54,14,18457,4910891,266117
7636,655,6,11,2,4839,138,Sold,32,95,51,16654,6221872,151103
7637,984,4,22,3,4977,19,Sold,65,69,16,17430,7522052,388734
7638,803,3,39,5,4965,40,Sold,64,89,19,16282,6787578,302142
7639,61,8,2,1,4141,49,Sold,42,97,47,16509,3769126,136777
7640,722,2,40,3,3123,46,Sold,81,49,14,16273,6467146,219659
7641,1042,7,34,1,3685,162,Active,31,98,42,15168,7760126,120411
7642,273,4,38,2,3978,147,Sold,77,59,18,16901,4651665,321399
7643,169,8,5,5,3039,94,Sold,33,94,47,15779,4208820,102913
7644,222,4,17,3,3787,189,Active,78,64,18,15782,4431143,238581
7645,957,1,14,1,3196,100,Sold,90,20,10,18223,7406390,316628
7646,278,1,31,3,4182,32,Sold,99,20,8,15910,4668766,351560
7647,382,2,11,2,4871,168,Sold,81,49,16,15680,5103510,260501
7648,226,4,28,3,3427,182,Active,70,63,16,16316,4444194,270644
7649,531,3,23,4,4817,30,Active,50,79,21,18092,5711071,288126
7650,796,4,38,1,3518,85,Sold,74,59,17,16662,6759675,231915
7651,166,4,2,2,3893,102,Active,66,65,19,15897,4190819,264553
7652,523,8,35,4,3612,40,Active,43,89,53,15108,5680468,122158
7653,609,7,26,1,4591,58,Sold,40,92,38,17662,6030603,145021
7654,1057,4,37,2,4701,19,Sold,76,62,19,16384,7842034,390293
7655,835,3,23,3,4242,184,Sold,54,83,22,18019,6931143,220598
7656,898,4,1,5,3925,148,Sold,75,60,21,18193,7171917,320455
7657,429,3,34,2,3402,99,Sold,62,83,22,17947,5290729,184949
7658,6,3,38,2,3643,146,Active,51,84,19,16800,3527452,249100
7659,274,2,40,1,3790,107,Active,78,45,15,18041,4654365,249849
7660,96,5,4,5,4771,110,Active,40,80,56,16240,3901890,150983
7661,850,1,1,3,3661,162,Sold,95,30,11,15079,6982898,448170
7662,714,4,20,2,3608,149,Active,76,58,16,15331,6438793,230663
7663,848,2,31,3,3050,18,Sold,75,63,17,15685,6976147,223552
7664,752,7,15,3,3121,93,Sold,34,86,50,16809,6581908,105995
7665,542,3,26,4,3053,41,Active,51,86,24,17607,5751575,154838
7666,879,7,6,1,4292,137,Sold,33,87,51,16374,7096309,135301
7667,24,8,2,5,3453,184,Active,38,84,49,15648,3608460,115869
7668,156,4,8,2,4901,105,Sold,68,58,15,16012,4150315,347170
7669,889,2,6,4,3463,185,Sold,79,59,17,17945,7137263,218150
7670,15,7,6,5,4907,68,Sold,40,98,45,17800,3562556,164934
7671,1043,1,36,2,3018,7,Sold,98,18,5,17181,7765526,389480
7672,569,4,23,2,4130,78,Active,79,54,15,16079,5868136,324226
7673,145,7,35,1,3447,170,Sold,34,99,41,17547,4109810,114868
7674,925,1,26,3,3225,120,Sold,91,25,10,18416,7273177,410131
7675,261,5,33,1,4215,116,Sold,39,92,50,15270,4596309,142282
7676,167,1,12,5,4063,147,Sold,91,26,5,18450,4198019,407742
7677,580,4,32,4,3002,28,Sold,69,57,19,17278,5918091,189042
7678,35,1,17,4,3301,9,Active,96,21,7,16497,3660216,442705
7679,255,5,14,2,3212,23,Sold,36,94,49,17985,4566606,113217
7680,348,1,36,3,4983,65,Sold,91,20,7,16782,4977947,558196
7681,355,3,13,3,3074,190,Active,51,75,18,17514,5003600,206927
7682,375,2,1,5,4925,166,Sold,80,54,13,16027,5076507,303339
7683,383,2,29,2,4472,169,Sold,77,45,15,15951,5108460,254714
7684,218,8,6,3,3818,22,Sold,43,83,41,17220,4419891,125437
7685,947,2,35,1,4054,141,Active,80,53,18,17308,7362736,270987
7686,712,6,24,2,4320,33,Sold,42,81,39,18081,6432493,145083
7687,823,6,19,3,3533,140,Active,33,91,35,18217,6871287,109686
7688,348,8,3,1,3367,81,Sold,30,98,57,17634,4973447,105872
7689,599,8,33,4,3321,171,Sold,43,95,49,15448,5996399,101536
7690,749,7,1,3,3005,184,Sold,30,88,51,18042,6569756,91364
7691,818,6,28,4,3902,79,Sold,32,82,45,16723,6848784,129898
7692,327,4,32,4,3260,11,Active,76,56,20,15844,4881188,201489
7693,1084,1,24,5,4930,181,Sold,92,27,7,17009,7950495,627909
7694,483,6,17,5,4680,97,Active,33,89,57,18039,5513051,148197
7695,564,8,39,4,3212,43,Active,34,88,41,15698,5842484,106516
7696,54,5,39,2,4095,111,Sold,40,91,58,15590,3740324,146617
7697,296,8,6,4,3225,90,Sold,43,85,42,18032,4748424,115442
7698,416,5,16,5,4417,165,Sold,41,86,38,16735,5242124,147634
7699,396,7,26,2,3022,82,Sold,40,95,40,15189,5168316,108218
7700,500,4,21,5,3732,126,Sold,69,64,17,17543,5588208,200528
7701,711,6,24,5,4655,60,Active,39,93,38,15498,6430693,160393
7702,151,2,24,2,3762,25,Active,72,52,12,18250,4134113,190237
7703,1065,1,22,3,4511,113,Sold,99,20,10,16479,7872637,344099
7704,704,7,23,4,4761,55,Sold,39,94,53,15823,6400990,144830
7705,286,8,17,3,3629,54,Sold,37,92,59,15464,4699819,126492
7706,949,2,14,5,3809,51,Sold,74,63,12,17458,7370387,218978
7707,497,4,3,1,3365,195,Sold,69,56,23,16979,5575157,222371
7708,732,4,4,2,4094,177,Sold,65,69,15,16953,6511701,267766
7709,187,6,18,1,4916,90,Sold,32,95,41,15350,4288478,155188
7710,774,5,6,2,4237,73,Sold,33,86,42,15815,6660216,140787
7711,681,2,31,4,3611,74,Active,77,62,16,17088,6322682,203541
7712,1069,4,7,4,4913,73,Sold,78,52,19,16958,7886588,401515
7713,194,3,26,2,4898,32,Active,51,79,25,16570,4314131,239007
7714,791,8,28,1,4252,73,Sold,31,97,38,18396,6737173,145827
7715,850,8,33,2,4814,71,Sold,30,97,35,16981,6986048,154780
7716,878,5,38,4,4952,133,Sold,38,84,39,15206,7091809,164585
7717,883,1,15,3,4521,173,Active,89,29,7,15665,7113411,619592
7718,913,7,14,3,3097,109,Sold,39,87,56,18034,7233573,101284
7719,498,2,5,2,4585,97,Sold,72,55,14,17808,5579207,343481
7720,281,5,4,4,4174,125,Active,40,96,52,15876,4680018,142100
7721,692,1,18,1,3542,165,Sold,98,25,7,15496,6361836,458902
7722,1009,4,20,2,3785,93,Sold,71,53,24,18085,7624212,255505
7723,165,1,22,2,4090,188,Sold,89,20,5,15401,4187668,450902
7724,100,5,35,3,4945,43,Sold,31,87,53,18410,3919441,174608
7725,29,2,28,4,3558,19,Sold,77,52,15,15682,3632313,243890
7726,605,1,4,4,4034,95,Active,97,19,5,16025,6018451,427251
7727,998,4,23,3,3543,69,Sold,75,53,23,15087,7572007,247762
7728,245,6,13,3,3972,159,Sold,43,81,49,15383,4528802,130750
7729,259,3,11,1,4793,94,Sold,52,82,18,17084,4584608,325418
7730,932,8,1,4,4044,104,Sold,43,88,57,18348,7309630,132716
7731,641,1,1,5,3018,100,Sold,92,28,6,16217,6156615,294308
7732,103,7,10,3,4865,41,Active,35,80,38,16660,3934743,167628
7733,125,1,17,4,3201,22,Active,96,22,6,16357,4031503,366787
7734,78,4,14,4,4190,37,Sold,75,54,18,15263,3834383,290426
7735,358,8,2,3,3552,59,Sold,31,87,45,15467,5010351,111341
7736,383,2,23,5,3406,42,Active,78,53,13,16134,5107110,248605
7737,1010,7,37,4,3124,19,Sold,33,84,49,16622,7629612,102836
7738,766,3,21,5,3063,91,Sold,56,80,21,18182,6634563,152748
7739,813,2,17,5,4008,196,Sold,81,62,19,17736,6823582,303409
7740,755,3,17,4,4458,128,Sold,62,89,19,15039,6594059,255754
7741,553,4,31,4,4327,105,Active,79,63,19,15340,5795679,352125
7742,285,1,18,4,3326,141,Sold,98,18,6,15025,4695319,362517
7743,620,6,25,1,3542,145,Sold,39,91,58,17861,6074257,110765
7744,267,3,2,3,4300,176,Sold,51,76,19,17110,4622412,214917
7745,368,4,20,5,4571,34,Active,77,57,23,17613,5045454,283925
7746,1052,4,10,2,3636,145,Active,70,67,22,16032,7812781,207637
7747,1069,3,32,3,4628,103,Sold,54,80,20,17946,7885238,273222
7748,1093,3,37,2,4076,35,Active,58,75,22,18427,7981098,227082
7749,273,4,3,2,4203,96,Active,65,60,21,16053,4653465,266039
7750,56,3,35,1,3697,99,Sold,53,84,27,15762,3751125,248710
7751,917,3,8,3,3989,10,Sold,56,87,22,15719,7250675,211832
7752,732,1,10,4,4927,39,Sold,90,18,9,15074,6509000,485322
7753,12,6,16,2,4811,110,Sold,44,88,53,15732,3553555,153798
7754,105,3,19,3,3351,172,Sold,54,86,24,16519,3944644,185136
7755,101,8,29,5,4002,166,Active,38,81,59,16649,3924842,141519
7756,585,7,39,1,4446,138,Active,33,80,47,16801,5936093,138520
7757,537,7,25,3,3750,58,Active,35,94,35,18142,5738073,116565
7758,497,8,23,1,4813,189,Sold,33,81,48,15824,5574707,172835
7759,603,7,11,5,4720,109,Active,37,98,56,16193,6009900,146075
7760,16,6,26,1,4842,162,Sold,35,99,55,18033,3572007,169199
7761,402,2,33,2,4145,71,Active,82,63,17,16409,5196219,211995
7762,495,2,16,1,4910,29,Sold,76,46,16,17934,5562556,279621
7763,226,1,29,1,4387,128,Active,88,33,5,16927,4447344,452058
7764,516,7,7,1,4061,59,Sold,35,96,45,16943,5648064,126565
7765,214,2,30,5,4009,23,Active,80,54,12,17021,4399639,239804
7766,708,2,35,2,4277,10,Sold,79,53,14,18311,6417191,261547
7767,428,6,37,2,4612,53,Active,36,94,51,15038,5288028,160830
7768,306,4,15,5,4444,38,Sold,75,53,21,17545,4787128,360231
7769,747,4,10,2,4000,182,Sold,78,56,22,16168,6562556,320390
7770,1085,8,1,5,3678,114,Sold,39,94,43,16785,7952745,123978
7771,549,7,16,2,3657,60,Active,32,99,44,16288,5779927,126657
7772,357,2,18,2,4941,126,Sold,81,63,15,18229,5008550,381301
7773,677,8,13,1,4783,156,Sold,40,86,36,16875,6300630,158958
7774,1079,7,40,5,3396,81,Sold,35,94,51,18206,7928442,114561
7775,782,2,9,1,4461,46,Sold,75,64,17,17335,6694869,244970
7776,1050,2,31,3,3814,58,Sold,81,49,16,18135,7802880,236352
7777,547,3,17,1,3889,181,Sold,53,79,23,16464,5770027,251758
7778,24,1,18,2,4811,51,Active,89,19,8,17926,3608910,577849
7779,741,4,40,4,4265,100,Sold,78,62,17,16331,6538703,232959
7780,457,2,37,5,3709,91,Sold,75,52,15,15288,5398739,246160
7781,327,1,16,3,4073,199,Sold,88,27,6,17573,4879387,452571
7782,749,8,40,3,3127,13,Sold,41,92,41,18253,6570657,105386
7783,377,3,11,1,3842,171,Active,61,74,19,16380,5081908,251334
7784,175,7,36,1,3462,153,Sold,36,90,52,16903,4232223,105910
7785,1082,1,40,4,4867,57,Active,96,25,9,17405,7943744,617075
7786,932,2,25,4,4516,119,Sold,76,59,13,18321,7306930,285722
7787,405,2,5,4,4587,69,Sold,72,53,12,16229,5202970,280581
7788,660,1,27,5,4563,22,Sold,88,26,9,15827,6239873,378900
7789,783,4,4,2,4691,196,Sold,73,62,22,17559,6701170,349583
7790,892,6,36,5,4796,164,Active,32,90,55,17095,7151215,163985
7791,797,1,1,2,3038,33,Sold,96,29,5,15533,6763276,242311
7792,21,3,12,1,3452,7,Sold,50,87,20,18014,3597209,207551
7793,416,5,27,4,4649,99,Sold,36,85,40,17756,5243924,166983
7794,353,8,13,3,3917,59,Sold,30,83,54,18104,4992799,121537
7795,466,5,29,4,4947,171,Sold,39,89,42,18396,5440594,151111
7796,4,5,12,2,4019,117,Active,36,86,38,16195,3521152,123632
7797,20,5,2,4,3756,179,Active,34,98,56,16045,3589558,127261
7798,984,8,8,2,3980,55,Active,34,93,58,16951,7520702,126031
7799,201,3,38,3,3318,172,Sold,53,77,23,16379,4341584,164785
7800,33,7,22,3,3998,44,Sold,42,83,39,15144,3649414,135516
7801,471,7,5,2,4604,40,Active,36,92,49,17246,5466246,159363
7802,849,8,21,5,3761,171,Sold,32,89,35,16939,6981548,131063
7803,661,6,9,1,3814,76,Active,43,95,38,16416,6242574,125870
7804,334,6,29,1,4974,195,Active,30,86,41,17634,4917191,166788
7805,533,6,15,1,3002,27,Sold,36,94,53,17640,5718721,92390
7806,541,6,35,4,3429,156,Sold,43,87,36,17411,5748874,122943
7807,189,5,22,2,3382,69,Active,32,88,59,18430,4291629,105748
7808,849,5,35,2,3748,94,Active,38,84,40,15588,6977947,115566
7809,780,3,12,1,4855,70,Sold,50,82,24,18236,6688118,329441
7810,205,1,4,4,4726,115,Sold,93,20,5,18235,4364086,557503
7811,534,7,22,1,3036,101,Active,43,95,51,16116,5725922,105143
7812,662,3,11,2,4764,105,Sold,55,77,25,17103,6243924,253201
7813,970,6,27,5,4757,179,Sold,42,80,45,15944,7460846,152823
7814,233,4,12,3,4456,168,Sold,70,58,19,15853,4475697,266021
7815,469,5,4,1,4180,115,Active,31,87,36,18093,5454545,127381
7816,54,8,13,1,4680,184,Sold,36,95,57,17694,3742124,157847
7817,838,4,38,2,4495,43,Active,74,63,17,17237,6938793,258501
7818,577,7,35,4,3700,66,Sold,40,97,50,18480,5903240,119858
7819,968,3,5,5,4210,90,Sold,64,86,27,15630,7453195,222760
7820,882,8,19,3,4703,81,Sold,40,94,58,16254,7110261,160758
7821,876,4,4,2,3580,31,Active,73,58,18,18242,7084158,239536
7822,229,7,9,1,3158,47,Sold,34,93,49,15702,4459495,96155
7823,173,3,9,1,3596,81,Active,57,72,25,17582,4224122,245310
7824,473,5,9,3,3609,22,Sold,34,95,41,16826,5471197,119985
7825,361,3,26,2,3963,38,Sold,60,85,26,16882,5020252,252554
7826,52,7,26,4,4857,164,Sold,36,88,50,15909,3730873,167236
7827,468,8,16,2,3688,99,Sold,35,82,36,15946,5451845,117367
7828,808,5,28,4,3699,169,Sold,32,80,39,15693,6807830,125293
7829,459,4,15,4,4710,20,Sold,70,52,15,17906,5407740,316528
7830,240,5,25,4,3654,56,Active,37,95,50,18379,4507200,110987
7831,106,8,15,5,4746,53,Sold,37,92,40,18167,3946444,154349
7832,216,6,39,2,4136,75,Sold,39,81,54,15157,4409540,145132
7833,1078,3,9,2,3290,27,Sold,57,77,23,16917,7923942,159952
7834,1026,6,8,1,3393,16,Sold,43,92,37,16170,7689918,107565
7835,467,4,4,2,3306,88,Sold,76,63,15,16738,5444644,274719
7836,686,8,8,3,4297,35,Sold,42,88,43,17383,6342484,140048
7837,1052,5,9,2,4231,77,Sold,35,85,52,16624,7815031,152037
7838,825,6,22,4,4096,65,Sold,31,97,57,17086,6880738,126984
7839,822,4,40,2,3357,20,Sold,69,59,23,17764,6865886,179803
7840,678,5,10,2,4625,51,Sold,35,80,49,17296,6301530,162467
7841,888,4,24,5,4346,120,Sold,72,58,15,16642,7129612,302167
7842,932,7,21,5,3096,156,Sold,44,92,40,17377,7306030,109487
7843,662,5,4,1,4145,91,Sold,40,84,41,15561,6247074,137200
7844,1032,8,33,4,4678,145,Active,32,89,45,18486,7716021,164900
7845,358,7,31,1,4904,41,Active,32,99,41,17639,5012151,155467
7846,112,7,9,2,4096,41,Sold,43,87,42,16910,3976597,141894
7847,231,3,17,1,4446,160,Sold,56,80,21,18420,4470297,284046
7848,203,7,14,3,3067,154,Active,34,86,46,17421,4351485,100880
7849,228,1,21,3,4216,82,Sold,88,23,7,16657,4454095,510083
7850,697,3,24,2,4825,174,Active,56,80,27,18279,6378487,269443
7851,348,8,13,1,4664,199,Sold,41,81,48,15057,4972097,165665
7852,928,2,14,2,3259,84,Active,83,64,13,15388,7292079,171380
7853,330,2,1,2,4629,79,Sold,75,49,13,15530,4893339,274168
7854,375,6,36,4,4510,101,Sold,41,84,59,17655,5077407,158978
7855,946,2,29,4,4605,67,Sold,75,48,18,16582,7360036,249344
7856,547,7,38,3,3843,59,Active,34,94,40,17169,5772277,137018
7857,291,7,2,4,3684,15,Sold,43,98,56,17036,4720522,110623
7858,328,6,24,2,4462,173,Sold,36,97,52,16098,4882988,137001
7859,28,1,1,1,4387,145,Sold,92,24,11,17743,3629162,411358
7860,1094,2,18,2,4639,51,Active,83,60,16,16840,7990999,256303
7861,375,2,20,3,4105,69,Sold,80,47,19,18231,5076057,298855
7862,549,1,22,5,4705,102,Sold,98,32,5,15794,5778127,485109
7863,791,6,16,4,3202,100,Sold,35,96,59,15220,6737623,98775
7864,393,2,7,5,4522,83,Active,75,59,19,15477,5158415,344750
7865,514,7,18,1,4486,130,Sold,41,87,37,16117,5638163,145104
7866,620,4,2,2,3693,104,Sold,67,67,24,15345,6074707,243827
7867,1076,8,6,1,4124,24,Sold,30,99,50,16236,7918091,140068
7868,652,6,31,3,3930,49,Sold,30,91,53,16086,6211071,131191
7869,274,7,3,5,4523,79,Sold,44,96,35,16609,4656165,147305
7870,9,6,23,4,4351,52,Active,44,96,52,15055,3541404,137492
7871,738,8,25,3,3606,185,Sold,43,98,43,16234,6531503,121775
7872,233,7,5,2,3290,164,Active,35,86,42,17027,4476597,103424
7873,287,6,38,2,4953,39,Active,32,86,43,15467,4702970,173256
7874,243,5,15,2,3498,150,Sold,32,90,52,15468,4518001,110474
7875,1077,4,26,4,4395,20,Active,76,59,22,17360,7921242,275531
7876,942,5,31,5,4609,71,Active,35,80,48,16427,7347434,163573
7877,187,8,38,4,3685,104,Active,32,91,38,17082,4287578,123138
7878,613,2,31,5,4774,198,Sold,82,55,13,16455,6050855,323152
7879,868,4,28,4,3936,85,Active,65,60,15,17821,7049954,279322
7880,500,6,39,2,3875,38,Active,35,99,49,18457,5589558,121915
7881,724,1,32,1,4118,46,Sold,92,19,7,15611,6479297,437805
7882,156,8,9,4,4209,16,Sold,43,93,40,17998,4151215,132516
7883,226,8,6,1,3721,32,Sold,42,84,48,18041,4446444,128166
7884,197,3,24,5,3256,197,Sold,62,83,26,17147,4326282,181148
7885,153,4,14,2,4488,90,Sold,69,60,20,18295,4138613,329412
7886,595,4,35,3,4513,61,Sold,67,63,20,16665,5979297,238228
7887,290,7,13,2,4869,190,Sold,39,93,51,17829,4716471,159810
7888,78,1,37,1,3082,90,Sold,98,19,10,16109,3833483,264081
7889,399,5,35,2,4744,98,Sold,42,91,44,16361,5182718,161770
7890,114,8,3,2,3289,114,Sold,37,80,54,17258,3986948,113201
7891,171,7,6,3,3933,126,Active,35,92,45,15993,4216471,133911
7892,66,3,22,1,3631,122,Active,60,80,26,17960,3785778,182875
7893,28,2,29,3,4041,158,Sold,78,45,19,15598,3626912,230415
7894,845,7,27,2,3285,16,Active,37,99,53,17139,6963996,112978
7895,19,7,35,3,3151,98,Sold,38,87,56,16842,3588208,95085
7896,971,5,38,2,3741,80,Sold,40,90,53,15958,7465796,134661
7897,693,3,1,5,4823,35,Sold,52,76,22,16293,6364986,319398
7898,678,3,14,1,3545,159,Sold,60,79,24,17186,6301080,201832
7899,1071,1,31,4,3110,71,Active,90,24,9,18155,7894239,337451
7900,182,4,8,1,3985,24,Active,76,62,24,17477,4259225,247261
7901,47,2,25,2,4839,120,Sold,81,49,13,18171,3709720,322945
7902,887,2,32,4,3074,54,Active,79,50,17,16797,7126012,155153
7903,343,4,38,5,3249,77,Sold,66,56,20,18241,4950045,178453
7904,74,4,5,2,3670,12,Active,76,57,15,16383,3819081,273650
7905,521,5,38,2,4803,79,Sold,32,91,40,16549,5670117,162226
7906,231,6,31,1,4580,127,Active,31,99,50,18363,4466696,160236
7907,672,6,33,2,4520,99,Sold,44,99,44,17283,6280828,162593
7908,296,6,36,2,3295,41,Sold,33,97,48,15904,4747974,112491
7909,74,7,10,5,3520,177,Sold,43,96,49,15020,3817731,120757
7910,191,2,36,2,3798,91,Sold,74,53,19,16242,4299279,269157
7911,321,7,35,4,4257,103,Sold,30,81,51,16827,4853735,139894
7912,100,8,15,3,3739,59,Sold,42,81,51,15656,3918991,113045
7913,444,4,8,3,3422,27,Sold,69,50,19,18114,5355085,216041
7914,327,1,5,5,3529,192,Sold,95,21,10,16888,4880288,416793
7915,1013,4,19,2,4654,136,Sold,67,59,19,15081,7636813,299180
7916,480,1,24,2,4184,87,Active,94,23,9,18428,5503600,549422
7917,247,4,7,4,3877,116,Active,75,66,22,15266,4537353,309534
7918,969,6,23,4,3036,95,Sold,43,87,49,16781,7459045,98190
7919,912,8,9,4,4627,181,Sold,32,94,52,16891,7228622,159280
7920,37,7,34,5,4729,151,Sold,34,91,50,18347,3666066,147573
7921,824,2,15,3,4487,68,Active,81,56,15,16627,6875337,303185
7922,904,2,32,4,3151,70,Active,81,62,15,16801,7194869,215585
7923,344,1,8,2,3894,27,Sold,91,27,6,17122,4956345,446077
7924,580,6,5,3,4051,142,Sold,40,84,59,16567,5913591,130710
7925,232,1,9,4,4750,108,Sold,99,20,8,18079,4473897,421230
7926,857,2,5,1,3909,57,Sold,73,59,12,17586,7011251,279913
7927,250,7,26,4,4501,38,Sold,34,88,57,18103,4549504,157733
7928,544,2,16,3,3004,64,Sold,81,54,17,15552,5760576,160721
7929,503,1,2,2,4887,197,Active,88,22,11,18122,5602160,670118
7930,1027,4,11,5,3256,147,Active,69,53,20,17150,7694869,226826
7931,436,6,24,1,3580,117,Sold,40,88,45,17735,5323582,122278
7932,754,6,4,5,3825,17,Sold,37,89,40,18490,6588658,132728
7933,859,8,19,3,3297,137,Sold,41,89,46,16698,7017101,105319
7934,314,3,37,3,4019,99,Sold,62,81,22,15513,4823582,274437
7935,577,4,12,1,3802,16,Sold,79,51,19,17047,5902340,299075
7936,243,6,11,5,3954,29,Active,41,92,51,15340,4518451,129573
7937,593,6,25,3,4875,196,Active,44,91,57,15041,5973897,164375
7938,94,7,2,4,3261,161,Sold,40,99,41,17287,3898739,113828
7939,938,8,7,4,4298,107,Sold,40,97,41,16725,7331233,152278
7940,1013,8,4,5,3406,101,Sold,32,82,44,15376,7637713,115014
7941,749,4,8,5,4267,64,Sold,74,50,20,15525,6567956,259502
7942,63,1,25,5,4896,153,Sold,92,18,10,17710,3778577,484129
7943,286,1,31,1,4712,23,Sold,96,25,11,16957,4699369,515304
7944,1066,6,31,3,4128,117,Active,36,93,55,18450,7877137,145661
7945,916,5,4,1,4890,61,Sold,31,81,48,16657,7243024,147336
7946,103,7,17,4,3000,167,Sold,31,96,53,17710,3935193,106722
7947,903,7,12,3,3424,100,Sold,43,98,47,18195,7189018,110849
7948,25,7,33,4,3153,8,Sold,38,92,38,15745,3613411,98720
7949,964,2,39,4,4538,92,Sold,75,56,17,16971,7433843,305792
7950,706,3,15,3,3748,99,Sold,51,89,18,16127,6413591,210596
7951,1019,8,34,3,4515,148,Sold,31,89,45,15807,7656615,136407
7952,553,2,25,5,4779,141,Sold,73,55,18,15330,5797029,337701
7953,3,4,30,5,3993,35,Active,71,68,18,17771,3510351,275918
7954,650,3,16,4,3994,161,Sold,59,81,18,15097,6202070,264793
7955,62,6,7,1,4111,150,Sold,34,92,40,18247,3772727,126981
7956,798,7,34,3,4135,88,Sold,30,93,43,15842,6768676,147098
7957,455,7,12,1,4422,172,Sold,36,95,48,18488,5392889,153098
7958,391,4,12,3,4754,193,Active,74,67,20,16503,5145814,281316
7959,145,7,16,1,4631,8,Sold,37,89,48,15863,4111161,141070
7960,728,4,10,3,3494,61,Active,67,60,20,16990,6495949,293386
7961,866,7,19,3,4520,114,Sold,42,94,52,18317,7041854,149214
7962,741,2,17,5,4280,196,Sold,72,55,15,15558,6541404,293129
7963,467,3,5,2,4069,131,Sold,50,87,26,15052,5444194,252617
7964,88,1,4,4,3617,199,Active,92,31,6,16150,3874887,327836
7965,1010,2,11,2,3755,107,Sold,84,47,19,18287,7627362,276771
7966,793,4,39,1,3194,26,Active,72,62,20,16726,6748874,180876
7967,713,6,29,5,3488,184,Sold,42,93,53,17294,6435643,121696
7968,577,5,30,4,4512,157,Sold,38,87,45,15795,5905490,151351
7969,81,1,2,5,4856,183,Sold,89,19,9,17584,3847434,624300
7970,1030,3,35,5,4492,21,Sold,58,78,23,16033,7706120,273617
7971,1010,1,17,3,4086,172,Sold,92,32,5,16895,7629162,459808
7972,303,3,36,3,4431,95,Sold,54,78,19,18353,4774977,227775
7973,284,2,37,3,3868,25,Sold,74,47,12,15928,4692169,210640
7974,701,6,9,4,4552,17,Active,37,99,59,18154,6390189,156188
7975,1071,2,37,5,3037,25,Sold,79,45,14,17151,7897839,237905
7976,743,5,9,5,4785,110,Sold,37,93,54,16549,6545904,144775
7977,560,6,36,5,4020,28,Active,31,83,55,15232,5828982,138232
7978,15,7,38,5,4638,174,Active,44,92,41,18371,3566606,162144
7979,883,4,31,3,4441,48,Sold,76,52,24,18481,7115211,239992
7980,1043,3,20,5,3881,148,Active,52,86,26,16105,7764626,253637
7981,778,8,36,4,3785,111,Active,39,97,38,15886,6681818,115352
7982,81,8,13,4,3314,143,Sold,36,81,54,18246,3847884,105511
7983,970,4,10,4,4288,110,Sold,74,52,16,16606,7459495,356605
7984,48,5,22,1,4337,194,Active,40,98,39,16429,3712421,131958
7985,25,3,24,2,3565,30,Active,52,73,26,17295,3615211,198465
7986,1062,5,1,5,4030,50,Sold,37,90,35,17742,7864986,121803
7987,446,4,20,1,4228,149,Sold,65,58,22,16332,5364986,224027
7988,222,3,18,3,4364,41,Active,50,86,21,17392,4432493,216468
7989,805,1,8,4,3884,45,Sold,96,25,9,15777,6792079,300563
7990,787,1,32,1,4617,159,Sold,89,28,5,17080,6723222,409505
7991,293,3,26,3,3929,100,Sold,59,71,26,16802,4731323,258874
7992,326,3,16,1,3847,69,Sold,60,76,20,15337,4874887,237603
7993,746,4,5,3,3382,129,Active,72,61,22,17147,6559405,276323
7994,2,8,31,5,3918,31,Sold,44,90,40,15875,3508100,130657
7995,958,4,13,1,4447,94,Sold,66,56,20,15954,7409990,369750
7996,737,7,18,5,4294,137,Sold,38,84,36,15074,6527902,144965
7997,447,5,31,5,4827,143,Active,34,85,50,17034,5367236,144964
7998,401,1,18,4,4227,188,Sold,94,19,7,16469,5191269,524433
7999,112,1,30,1,3625,14,Active,90,27,7,18259,3979297,317115
8000,590,3,25,5,3760,100,Sold,50,70,19,15306,5961296,232494
8001,469,7,5,5,3615,92,Active,32,92,42,18382,5457245,117777
8002,774,6,21,5,3484,101,Active,35,97,58,16218,6660666,122895
8003,934,8,35,4,4654,124,Active,31,85,38,17343,7315931,167293
8004,953,5,32,5,3503,189,Sold,41,82,50,16491,7388838,113658
8005,232,4,12,2,3159,157,Sold,65,51,24,18495,4474347,198929
8006,214,4,20,4,3019,64,Sold,75,65,16,18332,4400090,165799
8007,970,5,14,2,3963,113,Sold,42,89,51,17904,7460396,122940
8008,333,7,21,1,3197,133,Active,30,88,59,15182,4909090,98173
8009,939,6,7,1,4938,158,Active,34,95,51,18061,7333483,176948
8010,146,1,26,3,4800,68,Active,92,24,6,15530,4113861,448008
8011,202,5,20,2,4152,66,Sold,38,91,49,16300,4349234,144340
8012,656,5,17,3,4263,70,Active,40,81,50,15374,6224572,132076
8013,581,3,31,3,4129,132,Sold,56,85,26,17225,5924392,271153
8014,607,3,4,4,4322,177,Sold,54,86,24,15067,6025202,208175
8015,468,8,30,5,4206,95,Active,31,89,47,17533,5447794,130302
8016,996,6,6,1,4303,29,Sold,30,98,54,15702,7565256,145958
8017,5,1,27,4,3224,108,Sold,96,19,11,16260,3522052,413945
8018,259,4,17,2,3653,80,Sold,73,53,15,16140,4586408,264609
8019,201,1,17,4,3936,95,Sold,98,21,6,18462,4344734,463877
8020,1068,7,15,3,4279,186,Active,34,96,47,18356,7882088,133941
8021,1041,5,19,4,3300,188,Sold,41,80,55,16860,7759225,105923
8022,27,8,37,2,3442,195,Sold,44,95,39,16804,3624212,122859
8023,766,1,19,4,3830,34,Sold,93,28,10,15421,6635913,289596
8024,950,7,4,4,3509,56,Active,39,82,43,16539,7374437,116871
8025,587,7,19,2,4691,164,Sold,43,92,37,17344,5946444,168604
8026,150,7,15,5,4600,41,Active,30,94,53,16511,4129612,155600
8027,1030,5,2,4,4354,67,Sold,33,92,36,16821,7706570,153818
8028,442,8,7,1,4988,63,Sold,41,94,45,16621,5346984,179189
8029,149,1,17,1,3360,14,Sold,92,32,6,15057,4125562,413818
8030,415,1,24,3,4737,114,Sold,92,19,8,15939,5238073,609462
8031,83,6,7,4,4466,9,Active,40,80,48,17064,3857785,136838
8032,899,5,17,1,4211,176,Sold,34,98,50,16444,7176417,126962
8033,5,6,5,2,3956,110,Active,35,85,48,15303,3524302,122130
8034,121,3,20,5,4622,118,Sold,50,74,27,15736,4015751,243598
8035,1,7,23,4,4460,152,Sold,37,80,54,17335,3500000,143478
8036,401,2,38,4,4465,125,Active,83,53,19,17976,5189018,244602
8037,1078,6,35,3,3684,187,Sold,42,91,40,17393,7923492,125197
8038,233,1,1,1,3783,172,Sold,94,30,6,15960,4477947,336611
8039,501,8,12,1,4247,121,Active,38,97,48,17440,5591809,128174
8040,263,7,1,3,3283,143,Active,39,83,44,15257,4606660,99363
8041,808,3,25,2,4782,168,Sold,64,80,24,16754,6806030,286568
8042,83,5,14,1,4233,135,Active,34,84,46,15427,3856435,148561
8043,88,7,28,3,3520,117,Sold,43,98,47,17702,3877137,121637
8044,316,3,15,2,4650,46,Active,60,82,26,18358,4830333,232649
8045,483,6,17,2,4120,126,Sold,30,92,40,16282,5515301,138177
8046,583,7,20,4,4105,41,Sold,34,84,50,15572,5930693,136138
8047,115,8,26,5,3561,17,Sold,32,85,40,15886,3987848,112285
8048,614,2,25,1,4062,100,Sold,83,57,13,17601,6054455,264732
8049,731,6,29,2,3174,146,Sold,34,80,41,16902,6504500,113401
8050,264,2,27,2,3768,50,Sold,76,51,18,16332,4611611,190287
8051,77,5,18,5,3668,195,Active,31,91,44,15052,3827632,128167
8052,78,4,29,1,3727,90,Sold,70,66,21,15784,3837983,238545
8053,4,3,36,4,4560,16,Active,55,77,22,17302,3520252,290162
8054,1070,2,37,2,4342,182,Sold,76,55,14,17636,7891089,333519
8055,265,1,17,5,4023,10,Sold,94,21,11,16604,4617011,455615
8056,888,1,28,4,4860,102,Active,93,20,5,18026,7131413,643160
8057,1039,8,32,5,3314,195,Sold,36,89,37,17022,7753375,110084
8058,1056,2,21,5,3689,186,Active,82,58,15,15377,7836633,205128
8059,545,6,19,2,4540,55,Sold,32,93,44,16074,5765526,156902
8060,486,5,2,3,3614,125,Active,33,96,53,16031,5525202,117209
8061,615,5,27,2,3193,89,Sold,33,99,51,18404,6059855,95796
8062,256,7,28,5,3160,146,Active,34,97,56,17456,4572907,106391
8063,281,4,36,5,4945,141,Sold,76,55,18,16293,4680918,324879
8064,555,1,4,2,4620,91,Active,95,26,7,15807,5803330,380792
8065,1028,1,11,4,3305,124,Sold,92,18,6,16236,7696219,350875
8066,297,6,19,5,4346,75,Sold,32,84,54,18104,4752925,154709
8067,769,2,28,1,4093,26,Sold,82,61,19,17319,6642214,250605
8068,60,2,38,4,4888,161,Active,80,50,16,15821,3763726,275398
8069,872,1,28,5,3190,35,Sold,89,32,11,18423,7065256,278838
8070,190,5,4,4,3289,10,Sold,43,93,48,15360,4296579,109550
8071,876,5,10,5,3186,27,Sold,30,96,41,15959,7083708,104788
8072,937,5,8,4,4182,81,Sold,30,95,44,15996,7325832,127886
8073,203,8,33,1,3333,62,Sold,33,99,42,15135,4354185,101850
8074,74,1,14,2,4729,33,Active,92,30,9,18354,3816831,398690
8075,1002,8,6,4,4075,100,Sold,37,98,48,17428,7590909,127825
8076,196,6,9,5,4870,190,Sold,40,90,53,15145,4318631,170713
8077,713,3,26,5,4281,122,Sold,56,80,23,15601,6437893,299684
8078,809,6,8,2,3537,158,Active,34,83,36,16802,6811431,110291
8079,758,2,29,3,3747,132,Sold,75,48,13,17776,6602160,275499
8080,450,3,15,1,3603,190,Active,60,74,26,17910,5380288,252683
8081,326,2,22,2,4095,190,Sold,81,47,17,17253,4873987,234147
8082,75,8,24,5,3672,98,Sold,34,81,43,15168,3821332,111945
8083,101,3,21,3,3565,45,Sold,55,82,20,15109,3925292,212599
8084,369,6,18,3,4793,81,Sold,35,92,43,17681,5051305,164946
8085,737,4,24,4,4238,22,Sold,67,63,17,15108,6528802,275211
8086,788,1,18,5,4144,185,Active,93,25,6,17494,6729522,512468
8087,559,4,24,1,4894,23,Active,70,56,16,17399,5823132,361148
8088,328,2,15,5,3849,48,Sold,75,63,13,16134,4885238,203204
8089,255,1,11,1,3403,13,Active,96,22,10,17219,4565706,426906
8090,986,1,39,5,3508,85,Sold,89,19,11,18490,7525202,282534
8091,493,7,11,5,3685,42,Sold,33,90,44,15989,5553555,114021
8092,141,2,24,2,3313,147,Active,84,54,19,17097,4091359,185157
8093,889,2,27,5,4472,23,Active,80,56,17,15872,7139063,253713
8094,630,1,29,4,4205,66,Sold,94,24,5,15234,6108910,362755
8095,180,7,15,5,3169,72,Active,35,93,35,17892,4254275,95070
8096,266,8,4,4,4752,9,Sold,33,96,40,15312,4617461,170378
8097,547,4,8,5,4921,119,Sold,79,53,15,16973,5774077,306613
8098,726,6,40,3,3974,95,Sold,35,83,58,15542,6487398,125833
8099,939,1,1,5,3492,117,Active,91,24,5,17585,7334833,353312
8100,509,6,38,2,3371,133,Active,42,91,49,16609,5622862,107157
8101,1078,2,29,5,4154,10,Active,84,45,15,17412,7926642,249803
8102,263,8,33,2,4171,94,Active,41,80,46,17462,4603510,147695
8103,712,6,10,4,4951,158,Active,31,82,37,17311,6433393,150788
8104,645,1,5,3,4222,107,Active,93,33,6,15474,6176417,540859
8105,717,4,27,4,4468,98,Sold,69,51,19,15199,6448694,239355
8106,582,5,19,4,4771,116,Sold,33,80,51,15339,5926192,167348
8107,119,2,6,2,3329,84,Sold,76,56,15,15841,4009000,182723
8108,994,7,3,1,3532,54,Sold,37,86,56,16890,7555805,119841
8109,48,3,36,1,3244,175,Sold,53,86,22,17408,3713321,179827
8110,116,8,40,5,3141,26,Sold,39,96,35,16162,3993699,107529
8111,950,7,11,3,3511,19,Active,43,85,40,17828,7374887,125455
8112,687,3,36,1,4386,131,Sold,62,79,19,17073,6343384,271427
8113,83,2,17,2,3019,191,Active,83,58,19,16496,3854635,210561
8114,848,4,37,3,4037,15,Sold,71,51,19,17606,6972547,217326
8115,1086,1,27,1,3219,147,Sold,94,32,5,16467,7955895,250776
8116,935,5,36,4,3957,35,Sold,34,83,37,15000,7319081,134673
8117,372,2,11,1,3890,169,Sold,84,64,17,15748,5063456,200424
8118,241,5,14,2,3803,149,Sold,43,91,37,15434,4508100,125263
8119,748,1,10,4,3290,18,Sold,88,23,5,15762,6564356,296997
8120,299,8,39,5,4867,74,Sold,40,81,36,18034,4759675,159443
8121,1052,3,31,2,3660,188,Sold,54,79,19,17143,7814581,184757
8122,97,5,3,4,4916,60,Active,35,80,46,16976,3907290,155365
8123,19,4,4,1,4633,90,Active,66,64,17,17208,3588658,307365
8124,1079,1,33,3,4657,77,Active,90,26,6,17300,7928892,490370
8125,1008,3,2,3,3795,188,Active,52,88,23,17311,7618811,240123
8126,1029,1,17,4,4940,187,Active,94,23,5,15070,7701620,563901
8127,970,5,2,2,3856,104,Sold,33,92,46,17321,7463096,126909
8128,33,5,40,1,3841,101,Active,41,88,53,16724,3650315,116252
8129,847,7,21,2,3857,124,Sold,43,80,39,18474,6970747,121295
8130,584,3,26,5,3790,11,Active,61,78,24,18005,5932943,258617
8131,782,2,12,3,3660,47,Sold,80,48,12,17120,6698019,256630
8132,12,1,28,1,4685,47,Sold,97,30,7,15379,3554005,353835
8133,400,4,6,2,4079,191,Sold,67,67,21,16260,5187668,314640
8134,273,5,4,3,3903,53,Sold,33,86,41,18230,4652115,139766
8135,1029,6,33,5,4294,31,Active,39,81,59,17784,7703870,139289
8136,689,5,26,5,3036,20,Active,34,98,58,15265,6351485,101117
8137,1047,8,23,4,4993,54,Sold,43,82,54,15110,7787578,173217
8138,202,4,26,1,3855,95,Sold,78,68,23,17469,4347434,214976
8139,1027,2,40,4,3392,102,Sold,80,63,18,17583,7692619,263957
8140,71,8,26,2,4906,121,Active,36,90,50,15643,3801530,164626
8141,184,6,29,3,4867,45,Active,34,89,58,15172,4271377,167668
8142,219,5,12,5,3253,38,Active,35,97,49,15097,4424392,101617
8143,155,8,1,5,3346,30,Active,40,98,49,17695,4146714,103351
8144,267,2,34,2,4642,157,Active,74,64,14,15720,4625112,295318
8145,611,7,23,5,3042,61,Active,35,82,57,16131,6039153,102674
8146,1007,3,4,3,4185,17,Active,57,75,22,16003,7613411,287031
8147,724,5,16,3,4361,108,Sold,33,83,49,17442,6475697,156429
8148,755,5,5,2,4928,171,Active,33,93,54,17280,6594959,149121
8149,1057,2,14,1,4674,59,Sold,74,57,18,18035,7845634,347661
8150,877,3,30,1,4321,174,Active,56,79,18,16197,7087308,267363
8151,1000,5,6,2,4739,156,Active,34,99,39,15092,7578757,152558
8152,464,2,26,3,4291,171,Sold,76,54,15,16828,5431593,300995
8153,109,7,40,1,3766,177,Sold,35,88,45,16878,3965796,132699
8154,243,8,25,3,4605,65,Active,33,85,46,16809,4521152,148161
8155,722,4,29,3,3907,47,Sold,66,63,16,18104,6469396,273668
8156,968,8,36,5,4768,8,Sold,33,99,43,17599,7451845,166422
8157,223,5,39,4,3995,66,Sold,32,98,45,16723,4436543,128775
8158,1058,8,27,3,4408,151,Active,33,89,57,15543,7849684,158300
8159,57,6,25,2,3342,52,Sold,41,89,40,16556,3753825,118347
8160,489,3,13,5,4262,85,Active,53,76,18,16240,5535553,240336
8161,242,4,37,5,4850,21,Sold,77,59,23,16160,4515301,267017
8162,1085,3,40,5,4166,177,Sold,56,78,20,15887,7951395,260385
8163,202,5,9,5,3648,38,Sold,40,94,42,15275,4345634,110089
8164,408,3,19,3,4510,87,Sold,58,78,18,18058,5216471,253628
8165,200,2,18,3,4286,63,Sold,73,49,13,18450,4340234,276282
8166,875,4,29,4,4319,60,Sold,69,68,17,17011,7077857,305641
8167,187,6,26,1,4007,107,Active,33,81,49,15292,4285778,126870
8168,967,8,36,3,3889,77,Sold,43,82,41,16408,7448244,118342
8169,792,4,18,2,3927,180,Sold,70,54,16,15186,6740324,240707
8170,2,5,7,4,3527,165,Active,33,97,55,17506,3506300,125568
8171,561,7,18,1,4103,122,Active,40,89,55,16470,5836633,142940
8172,387,3,14,2,3212,176,Sold,64,77,19,17670,5131413,180848
8173,492,5,35,3,4519,86,Active,44,93,52,17999,5550405,159837
8174,1035,8,5,1,3741,186,Active,31,99,51,16680,7731323,127231
8175,681,2,36,5,3803,50,Sold,79,59,19,17954,6319531,297559
8176,194,2,36,1,4710,158,Sold,72,55,12,15908,4315931,317316
8177,977,1,12,1,3770,198,Active,90,20,11,15198,7487398,512861
8178,1063,3,4,2,4303,46,Sold,57,88,21,16753,7867686,297589
8179,410,3,33,4,3146,159,Active,50,84,19,15287,5224122,198143
8180,59,5,1,1,4901,57,Active,38,98,54,15012,3758325,160900
8181,134,4,11,3,3913,158,Active,69,62,19,17862,4061206,265117
8182,113,6,1,5,3124,96,Sold,31,82,46,17293,3982448,99031
8183,679,8,14,2,3206,60,Sold,40,93,48,15667,6308280,99937
8184,781,1,1,1,3443,168,Sold,99,21,8,15623,6689918,464874
8185,854,7,3,1,4327,158,Sold,32,90,50,15422,7003150,132579
8186,1049,4,22,5,3309,150,Active,65,63,23,17820,7800180,223326
8187,1045,1,28,5,3487,131,Sold,95,19,10,18125,7777227,464712
8188,392,6,3,5,3945,109,Sold,35,99,41,18127,5150315,129499
8189,585,2,6,5,3869,119,Active,76,58,12,18317,5936993,232242
8190,327,2,35,5,3109,147,Sold,76,50,17,15064,4878487,162517
8191,413,1,8,2,4876,76,Sold,98,33,11,18209,5235373,457625
8192,799,7,40,2,3568,178,Active,36,91,45,15251,6771827,123196
8193,706,5,26,1,3080,14,Sold,41,94,48,15053,6410441,109408
8194,873,2,3,5,3070,165,Sold,75,59,16,15045,7068406,204396
8195,929,8,2,5,4378,55,Sold,33,92,49,15840,7296129,150332
8196,406,4,31,5,4584,123,Sold,78,68,20,16753,5208820,333635
8197,582,3,14,1,3610,88,Sold,58,74,19,17821,5927992,185132
8198,239,5,10,2,3089,167,Sold,44,80,37,15674,4501350,97242
8199,43,8,32,2,4351,71,Sold,39,80,47,15335,3695769,153756
8200,711,8,3,5,3807,176,Sold,30,83,53,15728,6429342,124276
8201,61,5,5,3,4580,42,Active,40,97,47,15715,3769576,159311
8202,227,6,35,2,4229,154,Active,35,87,35,15803,4450045,135514
8203,426,4,4,2,4328,43,Sold,65,52,20,16789,5279477,326651
8204,392,8,17,1,3798,142,Active,33,86,39,17783,5152565,131965
8205,775,8,15,5,4232,122,Sold,37,97,53,15096,6664266,131353
8206,433,3,24,3,4479,75,Sold,54,82,21,16541,5307380,242769
8207,897,3,40,5,3317,74,Active,62,88,23,17589,7165616,232243
8208,450,2,29,2,3816,90,Sold,83,64,14,16200,5378037,257012
8209,1,5,35,3,3924,149,Sold,37,92,38,18105,3501350,130701
8210,47,1,29,3,3609,87,Sold,96,31,7,16637,3710171,359014
8211,667,2,35,4,4700,83,Sold,73,55,13,17765,6262376,342186
8212,141,3,5,4,3309,184,Sold,53,77,18,18088,4094059,166784
8213,386,7,22,1,4297,167,Sold,34,82,40,15835,5125562,144113
8214,334,5,35,1,4426,14,Sold,38,90,39,18060,4911791,135737
8215,962,1,8,1,3470,195,Sold,97,34,7,15368,7424392,414856
8216,62,5,28,3,4769,189,Sold,36,82,47,16532,3770927,146170
8217,620,3,25,2,3628,193,Active,60,70,26,18453,6073807,193079
8218,371,2,35,5,4478,25,Active,83,58,14,17536,5058055,295104
8219,291,1,40,4,4725,76,Active,97,30,8,18398,4720072,364805
8220,511,5,19,2,3176,118,Active,44,93,52,15416,5629162,111706
8221,856,2,33,2,4475,184,Sold,78,48,19,15295,7009450,242055
8222,328,7,24,4,4304,167,Active,30,89,51,15824,4888838,143056
8223,1006,6,10,1,3817,156,Active,38,96,52,16057,7604410,115777
8224,547,1,2,5,3129,198,Sold,91,18,10,17410,5774527,353906
8225,851,6,6,2,3584,147,Sold,40,82,41,15831,6990999,116731
8226,109,8,15,5,3001,150,Sold,36,97,46,17975,3963996,101686
8227,327,5,5,5,4438,116,Sold,40,96,37,15566,4877587,159555
8228,350,1,37,1,4548,36,Active,93,30,7,18351,4982898,396586
8229,484,8,31,2,3911,132,Active,39,96,42,17606,5520702,124339
8230,76,5,31,3,3781,192,Sold,41,84,49,15535,3826732,119759
8231,672,3,39,4,4378,185,Sold,53,86,21,15280,6282628,217877
8232,971,2,4,3,3874,127,Sold,80,47,13,16615,7467146,295467
8233,349,7,4,1,4595,186,Sold,32,91,43,15910,4978847,150018
8234,129,1,15,3,4136,113,Sold,95,22,5,18315,4045454,483354
8235,540,3,25,3,3632,51,Sold,62,88,23,17953,5747524,243826
8236,806,2,25,3,3061,64,Sold,77,51,13,16830,6797029,190246
8237,209,6,16,2,4788,170,Sold,31,89,50,16664,4382538,153494
8238,148,3,6,5,4817,169,Sold,55,75,27,16811,4121512,320157
8239,402,7,29,3,4522,103,Sold,30,96,48,17182,5193969,142750
8240,559,8,13,2,4490,97,Sold,40,94,40,17541,5820432,153217
8241,921,2,12,1,4821,191,Sold,81,54,19,16514,7265526,299714
8242,914,3,1,2,3267,196,Sold,57,75,27,15199,7237173,162482
8243,1044,4,25,3,3859,26,Active,79,53,19,15486,7768226,219427
8244,557,3,39,3,3055,182,Sold,54,72,23,17330,5814581,166339
8245,1040,3,9,5,4425,139,Sold,63,82,21,16131,7755175,251170
8246,782,7,4,1,3726,178,Active,43,95,58,15064,6696669,117347
8247,778,1,5,3,3623,159,Sold,99,27,7,15406,6680468,291434
8248,425,7,35,4,4381,20,Active,30,86,39,17093,5273177,152301
8249,201,3,10,4,3769,9,Sold,63,81,18,17087,4342034,190850
8250,106,7,16,4,4595,140,Sold,40,96,59,16490,3951395,161937
8251,135,5,31,4,4774,104,Active,35,95,35,18227,4064806,147335
8252,315,4,22,1,3777,7,Sold,67,63,22,17430,4827182,224414
8253,441,3,11,4,4004,114,Active,54,89,19,15869,5340684,275091
8254,942,6,32,4,3950,152,Sold,30,86,57,17892,7346984,133581
8255,679,4,38,2,4891,86,Active,77,64,24,16505,6308730,338655
8256,525,4,18,3,4758,187,Active,70,66,17,16483,5686318,302585
8257,645,5,27,5,4605,160,Sold,38,87,38,17235,6173267,143612
8258,106,8,11,2,4471,192,Sold,40,91,54,16293,3946894,145656
8259,244,8,27,1,4330,180,Active,35,88,38,17745,4526102,138569
8260,328,2,8,2,4346,139,Active,80,48,19,15134,4886588,299073
8261,1068,4,21,2,3551,27,Active,74,59,17,17349,7882538,220183
8262,23,7,34,5,4150,51,Sold,33,81,58,15640,3607110,125770
8263,617,2,32,2,3813,197,Sold,78,51,19,16889,6065256,256885
8264,1071,4,13,4,3661,158,Sold,78,53,19,17174,7897389,215203
8265,1015,4,39,1,3210,54,Sold,69,51,17,18015,7643564,237609
8266,881,4,36,1,3877,140,Sold,71,62,21,16366,7105760,299587
8267,13,4,17,3,4580,173,Sold,68,57,18,17055,3557605,359136
8268,1014,5,20,5,3111,154,Sold,35,86,51,15356,7640414,96771
8269,436,4,36,2,3934,91,Active,66,68,15,15487,5323132,250968
8270,185,6,6,2,3896,112,Active,33,92,59,18385,4278127,120807
8271,160,5,40,1,3937,51,Active,37,86,57,18176,4168766,118464
8272,478,4,24,2,4462,109,Active,69,62,22,15742,5490099,330284
8273,103,3,23,3,4104,138,Active,57,77,19,16306,3935643,233133
8274,446,8,25,1,3271,180,Sold,35,97,54,18056,5366336,104705
8275,559,4,35,4,4696,124,Active,65,60,18,15630,5825832,371404
8276,125,2,23,4,3966,165,Sold,82,52,15,15010,4033303,306204
8277,218,3,11,2,4170,64,Active,61,79,26,15629,4415391,236242
8278,538,5,9,3,4211,48,Sold,37,86,50,18440,5738973,132023
8279,882,2,31,3,4754,7,Sold,84,50,16,15261,7107560,270910
8280,1027,7,40,5,3010,174,Active,32,97,41,15257,7693519,100227
8281,264,4,30,2,3750,146,Active,66,54,21,16184,4611161,243639
8282,1018,2,13,5,3325,89,Sold,80,56,15,16214,7653015,196190
8283,1032,6,16,2,3149,57,Active,40,95,54,16762,7713771,95654
8284,833,6,37,2,4002,153,Active,41,91,59,16990,6923042,129697
8285,313,7,37,5,4832,176,Sold,34,84,39,16982,4817731,155156
8286,678,2,2,2,4093,36,Active,80,51,15,17531,6302430,283737
8287,747,7,16,5,3305,40,Sold,33,90,45,18314,6560756,117929
8288,209,2,10,5,3459,72,Sold,80,52,15,17774,4383438,258721
8289,181,6,15,5,4697,166,Sold,38,81,35,17517,4257425,145785
8290,555,7,17,5,4887,162,Sold,44,95,49,17750,5803780,156003
8291,596,5,30,5,4737,16,Active,33,88,57,16415,5985598,155042
8292,451,8,1,2,4982,114,Sold,34,89,54,15968,5381638,151363
8293,205,5,25,3,4945,73,Sold,41,88,42,15065,4366786,174005
8294,654,6,36,5,3334,93,Sold,42,86,42,16080,6219171,117877
8295,30,3,33,1,4253,118,Sold,58,84,26,17585,3637263,278153
8296,716,6,40,5,3138,125,Sold,35,85,43,16613,6445544,94529
8297,410,3,5,2,3070,147,Active,51,87,22,16370,5221422,151349
8298,522,2,34,2,3902,167,Active,73,63,15,15481,5673267,233589
8299,674,7,12,4,4056,181,Sold,41,99,41,16277,6290279,137831
8300,416,3,38,2,3207,127,Sold,52,81,26,16947,5243474,157261
8301,516,3,18,1,3311,199,Sold,62,72,21,17183,5647614,172638
8302,890,7,32,2,4294,71,Active,35,93,43,17866,7140864,136498
8303,1089,8,27,5,3156,67,Active,36,85,47,15147,7967146,109400
8304,538,3,28,2,3196,55,Sold,53,81,19,16341,5742124,174456
8305,1094,6,17,1,3420,111,Sold,36,97,48,16001,7988298,114050
8306,224,1,3,2,3681,46,Sold,94,20,5,16591,4438793,331152
8307,956,6,31,3,3172,151,Active,39,84,39,15041,7400090,101498
8308,665,1,7,2,3329,126,Sold,92,24,11,15005,6254725,362536
8309,16,8,31,2,4356,143,Active,30,94,51,16703,3573357,134130
8310,368,4,39,3,4477,36,Active,79,69,18,17410,5046804,298081
8311,982,2,12,5,3943,154,Sold,75,48,16,16489,7508550,296424
8312,783,2,17,1,4318,96,Sold,79,46,15,15738,6705670,321327
8313,230,2,35,2,4472,108,Sold,75,50,19,15983,4462196,295935
8314,167,5,11,2,3048,70,Sold,40,80,46,15365,4195769,100895
8315,464,8,38,5,3206,127,Sold,39,89,52,15570,5432043,113499
8316,260,1,30,2,4221,61,Sold,93,32,11,16537,4589108,447152
8317,694,4,9,5,4102,91,Active,68,60,20,15952,6369036,239547
8318,168,1,2,1,3750,102,Active,91,31,5,18158,4200720,292622
8319,393,8,5,2,4105,68,Sold,30,91,36,15741,5153015,145391
8320,652,2,2,1,4584,133,Sold,74,55,17,17185,6210171,276265
8321,401,1,38,1,3666,19,Sold,95,18,11,17086,5192619,477212
8322,75,1,6,2,4110,107,Active,94,20,5,17719,3819531,394694
8323,563,3,19,4,4010,39,Sold,57,89,26,16632,5838883,236109
8324,538,1,33,5,3908,148,Sold,98,21,8,16000,5740774,333245
8325,1053,4,13,1,4154,148,Sold,78,50,17,18038,7821332,218579
8326,939,8,30,1,3327,48,Sold,38,80,50,17307,7335733,106823
8327,160,1,19,1,4059,198,Sold,89,28,10,15809,4170567,439448
8328,560,3,32,3,4079,29,Sold,56,71,25,15998,5831683,264489
8329,186,3,9,4,3772,48,Sold,64,82,27,16544,4281278,265416
8330,185,6,27,4,4749,198,Sold,41,87,56,15890,4277227,145585
8331,413,5,31,1,3809,181,Active,34,85,58,15087,5233573,135090
8332,780,4,28,2,4456,84,Sold,78,57,22,16066,6688568,236482
8333,570,8,22,5,4838,193,Active,34,81,53,17654,5870837,147578
8334,976,6,32,5,4246,115,Sold,35,99,46,15937,7486498,133690
8335,358,3,15,5,3562,44,Active,59,74,27,15799,5009900,195152
8336,541,2,16,3,4567,117,Sold,84,59,12,15277,5750225,244883
8337,844,4,26,3,3215,21,Active,74,67,22,16975,6959045,248219
8338,132,5,33,1,3359,76,Sold,43,94,52,17525,4056705,108019
8339,439,7,10,3,3790,169,Active,40,87,59,15128,5334383,124342
8340,840,8,11,2,3302,110,Sold,44,89,35,16979,6947794,112526
8341,454,1,24,5,4548,194,Sold,95,28,10,17955,5390639,509967
8342,489,6,2,5,3268,69,Sold,41,88,54,17760,5536453,105086
8343,570,1,1,4,4320,99,Sold,88,31,9,17825,5873087,419645
8344,392,1,31,2,3568,166,Sold,90,26,8,15581,5150765,325910
8345,279,1,26,4,3638,15,Sold,97,30,8,16021,4672367,420971
8346,734,3,36,2,3348,57,Active,59,76,23,15911,6518001,178821
8347,42,2,26,5,4806,94,Sold,72,58,17,17606,3690369,242384
8348,586,1,16,3,4724,98,Active,88,31,6,15426,5942844,623946
8349,212,6,19,2,3163,199,Active,30,89,39,18327,4391989,104031
8350,1025,8,29,4,3991,49,Sold,34,88,47,15698,7685868,124902
8351,519,1,2,4,4216,198,Sold,93,33,11,17771,5659765,317760
8352,804,3,15,4,4592,147,Sold,60,79,24,15444,6788928,254007
8353,1039,4,16,1,3981,102,Sold,67,60,18,18152,7752475,271383
8354,101,1,35,5,4250,151,Sold,94,30,10,17612,3923492,558110
8355,105,3,31,3,3443,134,Sold,62,72,20,16233,3941944,232515
8356,1033,6,19,1,4040,50,Active,40,81,35,15294,7722772,135259
8357,222,1,21,5,4516,96,Active,93,19,5,17359,4429792,616197
8358,703,4,25,2,3377,137,Sold,79,55,23,15479,6397389,266412
8359,563,2,24,2,4795,133,Active,74,56,16,16402,5838433,354487
8360,556,5,29,2,3460,62,Sold,43,80,38,16627,5806930,121965
8361,198,5,19,1,4826,21,Sold,44,80,50,16569,4332133,155127
8362,431,7,37,1,4653,123,Active,31,85,59,15816,5301980,150441
8363,689,7,30,2,4510,186,Active,41,86,52,16669,6350585,159086
8364,310,5,29,2,3528,105,Sold,42,94,53,16987,4808730,116198
8365,711,7,18,2,4895,52,Active,33,92,53,15642,6431143,157051
8366,788,6,5,1,3672,108,Active,34,87,52,16307,6726372,119935
8367,869,8,29,5,4599,139,Sold,31,90,49,15879,7053105,145089
8368,611,2,4,1,3898,118,Sold,79,60,18,15037,6039603,277488
8369,732,6,28,1,4790,154,Sold,40,99,39,16135,6510801,146794
8370,738,1,1,4,4963,141,Sold,98,22,9,17405,6530603,493794
8371,420,4,10,5,4716,35,Active,65,61,19,17443,5256075,335567
8372,283,7,37,5,4186,177,Sold,31,93,55,16716,4687668,143144
8373,957,7,17,2,3228,113,Active,34,91,59,16359,7407290,100785
8374,678,1,22,1,4028,74,Active,95,18,11,15180,6303780,483884
8375,366,5,40,4,3898,46,Sold,39,86,50,17026,5041404,128470
8376,497,2,33,5,3191,98,Active,75,56,15,16978,5574257,168385
8377,102,8,25,3,4347,148,Sold,38,85,41,15981,3926192,150154
8378,89,6,26,2,3149,149,Sold,30,81,54,17081,3879837,106978
8379,1036,1,13,3,4488,178,Sold,90,27,6,18290,7736273,549017
8380,315,6,37,4,4966,60,Sold,39,92,35,16354,4828082,160382
8381,556,6,21,3,4554,129,Active,42,80,40,15542,5810081,140500
8382,556,4,10,1,4900,39,Sold,66,58,23,18491,5806030,261400
8383,564,1,24,2,4513,142,Active,97,30,8,16848,5841134,584512
8384,288,5,21,1,4184,148,Sold,37,93,44,15495,4705220,141938
8385,908,3,16,2,4830,149,Active,52,87,24,16118,7205670,333772
8386,494,8,16,1,3471,153,Sold,41,84,52,17226,5557605,110281
8387,915,5,29,3,3348,197,Sold,35,90,50,17081,7238073,118479
8388,478,5,32,2,4069,49,Sold,31,82,53,15045,5492799,123323
8389,236,6,35,5,3723,123,Sold,42,88,40,16750,4490999,120424
8390,484,1,14,4,3088,75,Sold,88,33,5,16907,5518901,266201
8391,57,8,5,3,4917,37,Sold,41,86,58,15325,3752025,156134
8392,919,2,21,4,3872,86,Sold,79,50,13,15528,7256525,293753
8393,874,3,37,5,3700,130,Sold,51,88,26,17961,7074707,240648
8394,1073,5,30,5,3648,30,Active,40,83,36,15510,7907290,114671
8395,103,7,24,3,4242,61,Active,42,90,35,17809,3936093,151881
8396,803,8,18,3,3148,28,Active,34,84,42,18301,6787128,111685
8397,1094,5,15,1,4960,117,Active,34,82,55,18461,7988748,157629
8398,81,7,17,1,3652,152,Active,33,81,58,17043,3849684,114782
8399,283,7,34,5,4325,140,Active,35,88,45,16718,4689918,132527
8400,518,3,38,2,4819,15,Sold,57,76,24,17541,5657065,324901
8401,983,4,23,1,3902,146,Sold,71,51,17,16211,7510351,308730
8402,122,4,15,2,3491,52,Sold,75,62,24,16353,4020702,258311
8403,56,2,26,2,4711,86,Active,84,53,12,18070,3750675,291451
8404,725,4,34,2,3721,152,Sold,72,63,20,18444,6484248,253958
8405,388,1,7,5,4418,29,Sold,97,31,5,15068,5132313,363646
8406,609,6,19,4,4045,150,Sold,41,82,35,15436,6031953,122450
8407,943,8,26,5,3810,57,Sold,42,83,42,15251,7350135,119809
8408,81,7,32,4,4821,29,Sold,32,97,59,15108,3849234,154137
8409,350,5,33,4,4828,30,Sold,44,89,45,18026,4982448,172524
8410,1091,6,5,4,3877,38,Sold,40,95,58,17994,7976597,133090
8411,625,7,36,1,3211,60,Active,32,87,48,16460,6090009,114678
8412,960,1,18,1,3040,91,Sold,95,24,6,16068,7416291,325037
8413,908,7,39,1,3069,58,Sold,34,96,44,16893,7207470,105672
8414,320,1,18,3,3427,132,Sold,92,20,8,15331,4847884,388699
8415,636,8,28,1,4635,79,Active,44,80,48,16608,6137713,159323
8416,223,5,5,1,3970,122,Sold,41,91,55,17530,4436993,131375
8417,927,6,20,3,4947,149,Sold,44,89,40,18280,7283528,158165
8418,672,7,12,1,3844,141,Active,37,92,44,15636,6283078,135701
8419,335,1,1,2,3917,146,Sold,88,21,8,15311,4917641,466906
8420,495,6,5,4,4676,63,Sold,43,99,39,16806,5562106,161911
8421,933,1,19,3,3020,147,Sold,98,34,10,17734,7312331,313408
8422,617,3,18,1,3187,81,Active,64,78,19,15952,6062556,204192
8423,609,1,24,4,3642,12,Sold,89,23,11,18203,6030153,466914
8424,823,7,1,1,3889,92,Sold,35,83,47,18158,6870837,125685
8425,910,7,33,2,3944,183,Sold,37,94,36,15727,7216471,128409
8426,1060,3,24,3,4437,68,Sold,61,85,27,16684,7855085,224250
8427,743,2,5,4,3403,51,Sold,84,63,16,16477,6548154,191149
8428,798,5,12,2,4526,109,Sold,31,80,50,15278,6769576,138668
8429,1092,8,34,4,4853,78,Active,39,90,41,17512,7977047,146085
8430,464,3,6,1,3966,125,Active,50,72,19,15507,5429342,251045
8431,631,5,2,1,4763,173,Active,42,86,59,18390,6119261,144224
8432,1083,3,12,5,4803,65,Sold,63,74,20,17595,7947344,292806
8433,804,8,15,3,4965,83,Active,41,87,38,15328,6788028,172454
8434,665,5,34,5,4679,62,Active,36,80,43,17833,6253375,165721
8435,508,7,38,5,3750,161,Sold,42,80,43,16805,5619711,130298
8436,1020,5,30,2,3348,93,Sold,31,98,40,16273,7661566,117963
8437,580,7,35,4,3247,16,Active,43,99,48,18124,5918541,115100
8438,891,8,30,1,4344,101,Sold,44,83,41,17574,7145814,151345
8439,35,5,4,1,4197,160,Sold,43,93,44,17171,3659315,136260
8440,581,4,29,5,4351,22,Active,68,53,16,16552,5921242,274539
8441,893,4,11,2,4652,10,Sold,68,50,22,18235,7154365,380087
8442,749,4,35,5,4688,40,Sold,74,69,15,15614,6567056,359909
8443,297,4,10,4,3478,32,Sold,75,60,19,15091,4753375,219784
8444,98,8,26,2,4691,87,Sold,32,86,43,16650,3912691,157148
8445,941,3,37,4,4998,79,Sold,60,85,20,15179,7342034,284990
8446,573,7,31,3,4287,74,Sold,35,97,43,18487,5884338,142440
8447,892,3,20,2,3182,114,Active,60,84,24,17338,7151665,173895
8448,525,8,36,1,4165,189,Active,40,99,49,18144,5684518,133230
8449,545,8,20,1,3903,38,Sold,30,97,49,16321,5764176,131328
8450,999,3,10,5,4007,184,Sold,51,70,22,16802,7573807,246447
8451,902,6,26,1,3782,105,Active,42,97,55,18233,7184968,136137
8452,683,7,15,5,3184,14,Active,40,80,48,18310,6328082,101557
8453,929,3,36,4,4176,171,Sold,62,89,22,17767,7295229,225691
8454,1058,7,35,2,4725,110,Sold,44,91,50,16570,7847884,154375
8455,158,7,27,5,4164,17,Active,40,86,44,17774,4160216,132190
8456,425,6,11,2,3981,25,Sold,32,92,49,16574,5274977,139598
8457,53,5,34,2,4363,140,Sold,33,87,39,16175,3736273,134852
8458,841,3,4,4,4436,175,Sold,61,79,26,17113,6948244,227365
8459,494,6,40,3,4078,50,Sold,41,96,56,15896,5560306,130202
8460,363,2,23,5,4916,7,Sold,76,52,19,17400,5028802,375394
8461,815,5,23,1,4330,98,Sold,34,80,44,15556,6837533,139218
8462,147,3,26,2,3079,44,Sold,56,88,19,16847,4118361,167655
8463,748,5,14,1,3240,83,Sold,44,84,59,18425,6563906,107944
8464,697,4,12,3,3820,80,Active,77,55,20,16903,6380738,270916
8465,324,8,33,3,3659,14,Sold,39,81,38,18424,4867686,114615
8466,838,8,6,4,3623,183,Active,35,85,49,17364,6937893,112139
8467,263,6,21,1,3218,134,Sold,44,88,54,16490,4605310,107964
8468,491,1,6,1,3364,128,Sold,90,19,6,18413,5545454,353018
8469,35,6,39,3,4020,43,Sold,31,93,43,17359,3658865,142324
8470,99,8,26,3,3042,133,Sold,32,80,48,17767,3915391,108660
8471,136,4,5,5,3574,82,Active,70,65,17,16076,4071557,299028
8472,748,7,34,3,4965,166,Sold,37,80,55,16008,6563456,173904
8473,387,1,21,2,3034,33,Active,94,34,10,18263,5127362,382769
8474,701,4,6,5,4229,15,Sold,77,61,15,15508,6391089,317655
8475,869,8,39,1,3954,63,Sold,31,96,58,15893,7052655,122566
8476,689,7,30,1,4918,116,Sold,38,80,52,16456,6350135,173241
8477,207,8,13,2,3470,136,Sold,36,85,53,15351,4374437,108882
8478,863,8,14,4,4168,167,Sold,37,96,39,17140,7029252,127874
8479,988,8,28,2,3059,120,Sold,43,81,43,17552,7534203,99063
8480,197,2,30,3,3914,64,Active,83,56,14,18189,4324932,284479
8481,459,3,9,4,4596,175,Active,64,81,24,18038,5411791,269554
8482,161,6,24,5,4221,170,Sold,41,95,53,18114,4176417,139740
8483,520,2,19,4,3328,96,Sold,83,62,18,16649,5666966,226922
8484,558,7,4,4,4301,109,Sold,39,96,42,15555,5817731,149804
8485,778,1,18,1,4202,65,Sold,99,23,5,17296,6677767,441252
8486,829,4,14,2,3052,148,Sold,71,57,19,16392,6904140,185739
8487,1025,5,40,1,3914,75,Active,42,80,50,16115,7684068,120997
8488,157,1,4,3,3888,196,Active,96,21,9,15249,4156165,470283
8489,913,5,28,4,3214,86,Sold,44,98,53,18053,7234473,98323
8490,340,2,30,3,3769,115,Sold,73,52,16,17213,4939693,239336
8491,567,8,11,1,3556,130,Active,44,96,51,15464,5857335,111900
8492,892,5,23,3,3755,189,Sold,44,84,36,17448,7150315,117141
8493,234,5,24,1,4974,37,Sold,37,88,40,17824,4481098,177840
8494,318,6,35,1,3259,71,Active,34,98,46,17135,4842484,114880
8495,868,8,22,4,4183,54,Sold,43,87,49,15218,7049054,134550
8496,1046,3,4,4,4487,125,Active,60,73,18,15293,7784878,277490
8497,652,5,26,5,3519,167,Active,38,90,54,17452,6212421,110708
8498,425,5,1,5,4159,94,Sold,33,94,38,16565,5276777,127814
8499,249,4,10,3,3859,18,Sold,78,60,20,17828,4544104,262607
8500,218,3,21,3,3381,181,Active,53,76,21,16273,4414941,201151
8501,594,6,37,2,4344,81,Sold,43,97,52,15158,5976597,143665
8502,762,1,11,1,3290,86,Sold,89,29,5,16072,6618811,386460
8503,77,1,37,1,3868,164,Sold,97,20,11,15307,3829882,461095
8504,397,4,1,5,4026,149,Sold,78,66,24,15995,5171917,333111
8505,297,6,12,1,4395,148,Active,32,84,41,16803,4751125,141994
8506,1048,2,9,5,4120,159,Sold,76,56,12,17432,7794329,321243
8507,944,3,32,1,3581,180,Sold,55,73,19,17854,7351485,205062
8508,876,6,22,1,4246,139,Sold,35,87,57,16201,7083258,128620
8509,366,1,27,5,3700,74,Sold,99,24,11,15388,5041854,366143
8510,655,5,7,5,3191,141,Active,37,92,41,17312,6223672,102086
8511,851,2,38,3,3026,93,Sold,77,56,12,16136,6994149,160805
8512,406,8,21,5,3660,76,Sold,39,98,37,16219,5209270,129776
8513,573,7,39,1,3056,148,Sold,36,95,42,18313,5886138,93043
8514,297,4,6,1,3918,82,Sold,79,60,15,16765,4754275,250153
8515,1047,3,2,4,4016,33,Sold,61,72,24,16874,7785778,211479
8516,854,5,21,5,4151,73,Active,41,87,40,17858,7001800,135397
8517,928,3,8,2,3438,131,Sold,54,70,22,17032,7290279,229856
8518,126,2,28,4,4920,169,Sold,80,53,14,15031,4035553,351522
8519,15,2,24,5,3951,90,Sold,78,53,17,17845,3564806,277278
8520,14,3,3,1,4200,38,Active,55,83,24,17711,3559855,225241
8521,606,5,4,2,3371,121,Active,32,97,45,16508,6022502,107326
8522,416,7,38,2,3011,156,Active,40,89,41,16699,5240774,104976
8523,792,5,29,2,4374,149,Sold,36,82,36,15638,6742124,155662
8524,970,1,36,5,3494,66,Sold,90,34,10,15874,7464446,427683
8525,220,7,23,3,3798,96,Active,37,97,52,18055,4425742,131479
8526,870,8,25,2,4700,117,Sold,36,90,57,17010,7057155,165214
8527,145,7,33,2,3755,171,Sold,34,92,38,17184,4107560,120798
8528,380,2,14,3,4958,161,Sold,79,49,13,15183,5092709,293849
8529,870,4,25,5,3785,181,Active,70,64,24,17552,7057605,279125
8530,966,6,5,4,4938,80,Sold,31,86,52,16810,7442394,170312
8531,544,4,20,4,3784,177,Sold,66,65,19,16004,5762826,208024
8532,54,2,37,2,4440,146,Active,77,48,13,16070,3739873,327484
8533,478,7,34,2,3770,19,Active,30,85,52,18048,5495949,114314
8534,876,2,22,1,3762,109,Active,80,63,19,18323,7085508,266037
8535,1009,8,19,5,4009,166,Sold,38,85,53,15303,7623762,122667
8536,271,4,3,4,3706,97,Sold,79,66,19,17115,4642664,293326
8537,950,6,31,5,4322,131,Sold,30,80,42,17398,7375337,140258
8538,662,1,12,5,4943,81,Sold,94,25,9,15201,6247524,426779
8539,83,8,22,1,4352,30,Active,32,89,40,17063,3855535,132910
8540,762,8,4,4,3916,33,Sold,41,80,53,16338,6616561,124216
8541,657,3,23,3,3662,57,Sold,58,73,19,15656,6229072,190998
8542,756,3,22,3,4500,17,Sold,60,85,20,16343,6595859,313906
8543,1021,1,3,3,4505,135,Sold,92,30,9,16839,7666516,559476
8544,289,1,37,4,3174,174,Sold,94,24,10,17388,4709720,325637
8545,168,7,29,4,4306,108,Active,39,80,38,17895,4204320,136207
8546,838,2,19,5,4613,180,Sold,75,58,12,15064,6940144,321386
8547,799,3,18,2,4019,190,Sold,59,73,18,18159,6774527,221784
8548,346,2,23,5,4154,167,Active,73,60,13,17394,4967596,259120
8549,285,6,10,5,3536,29,Active,32,83,53,16655,4694419,111596
8550,973,2,30,3,3201,65,Active,81,58,13,18211,7472997,181066
8551,968,7,4,2,4133,68,Sold,41,80,42,16007,7450945,130727
8552,339,6,19,1,3704,7,Sold,35,86,49,17185,4938343,115202
8553,858,3,12,4,3735,94,Sold,52,83,21,16935,7016201,181981
8554,369,5,39,5,4753,144,Sold,41,90,49,15463,5052655,145499
8555,690,7,27,1,3798,149,Sold,41,96,49,16601,6353285,123815
8556,716,6,27,1,3506,75,Sold,42,84,48,16412,6445994,120130
8557,1084,1,36,2,3847,93,Sold,89,33,5,17926,7950045,448224
8558,331,7,30,2,3609,118,Sold,43,88,44,17322,4900540,119588
8559,644,6,11,5,3432,47,Sold,35,89,54,15254,6170567,106776
8560,1050,3,29,5,3642,141,Sold,57,82,25,16768,7806480,225652
8561,543,4,31,5,3088,151,Sold,76,56,24,15210,5754725,256474
8562,855,6,31,3,3743,114,Sold,42,90,41,17577,7007650,121700
8563,353,7,8,4,3258,158,Active,36,93,43,18493,4996399,111274
8564,827,5,26,5,3673,76,Sold,39,84,44,15443,6891539,129503
8565,82,1,6,3,4797,112,Active,94,18,7,15785,3851035,489654
8566,847,3,15,1,3574,132,Sold,54,85,24,17565,6967146,181948
8567,809,5,30,5,4426,41,Active,31,93,51,15661,6810081,148209
8568,4,1,28,3,4956,33,Sold,94,30,8,16925,3519351,507048
8569,103,6,15,1,4946,137,Sold,32,92,53,17424,3937893,173001
8570,505,7,40,3,4541,100,Sold,32,94,48,17807,5607110,153813
8571,918,3,39,5,4892,152,Active,62,72,23,15121,7251575,335192
8572,157,5,19,4,4780,136,Sold,31,84,43,15979,4154815,157262
8573,339,4,22,2,4842,137,Sold,78,60,22,15992,4937443,327975
8574,871,2,3,4,3803,158,Sold,72,55,16,16359,7061656,203629
8575,564,6,20,3,3285,129,Active,41,81,42,18361,5844284,117669
8576,268,4,13,5,4718,191,Sold,74,62,22,18360,4626012,305738
8577,361,3,23,2,4383,128,Sold,55,80,23,17082,5021152,249263
8578,853,2,1,2,4319,11,Sold,74,57,19,15877,6999549,299440
8579,378,6,11,2,3967,123,Active,39,91,53,17285,5086408,131815
8580,441,5,23,1,3295,163,Sold,33,82,45,17660,5341584,115951
8581,303,2,11,3,3469,134,Active,83,46,12,16910,4776777,206551
8582,586,1,36,3,4547,183,Sold,90,28,9,15052,5940594,407752
8583,733,1,29,4,3143,191,Sold,95,24,6,18153,6512151,289871
8584,79,2,32,5,3843,84,Sold,73,57,16,16976,3842484,211044
8585,300,8,19,5,4403,197,Sold,39,83,44,15241,4761476,142463
8586,395,5,37,2,4351,162,Sold,33,99,44,17698,5166066,143061
8587,1094,6,28,5,3097,191,Sold,37,98,54,18385,7991899,108166
8588,1089,4,18,2,3418,154,Sold,75,65,22,17979,7967596,231986
8589,659,3,16,2,4117,174,Sold,56,87,19,17942,6235373,252883
8590,205,1,11,4,3131,112,Sold,92,19,6,16043,4364536,383234
8591,964,3,11,5,4787,53,Sold,59,87,23,16397,7432043,277585
8592,46,5,6,5,4160,184,Sold,39,86,58,15305,3707020,149344
8593,427,3,36,4,4842,106,Sold,57,78,24,16615,5285778,245540
8594,446,1,3,3,4030,86,Sold,98,18,5,15933,5366786,342359
8595,521,6,25,3,3624,120,Active,43,89,41,15011,5668766,122346
8596,765,5,11,5,4650,42,Active,33,97,35,18228,6627362,141927
8597,755,5,6,4,4288,107,Sold,42,86,40,15348,6590909,142070
8598,1075,7,28,1,4820,35,Sold,30,84,55,15989,7914491,144754
8599,640,4,35,4,4016,62,Active,70,54,17,17127,6154365,310792
8600,157,6,3,3,3009,86,Sold,36,85,50,16898,4156615,106615
8601,716,4,38,4,4295,63,Active,76,56,22,17704,6448244,300289
8602,87,3,33,4,4046,16,Sold,53,71,20,15267,3872637,201174
8603,925,8,25,4,3434,43,Sold,40,86,55,17067,7274077,107628
8604,604,3,33,2,4880,102,Sold,54,88,19,16752,6011701,285835
8605,797,8,28,5,3204,89,Sold,42,99,35,15800,6765076,99093
8606,921,5,40,5,3829,155,Sold,43,85,57,17204,7263276,125277
8607,649,2,3,5,3948,179,Active,73,46,19,15880,6194869,243130
8608,911,5,31,1,4797,161,Sold,34,84,51,16717,7220522,145445
8609,481,5,2,1,4952,183,Active,42,85,45,17162,5509000,178084
8610,862,3,9,5,4180,62,Active,51,73,22,17038,7026102,209000
8611,995,8,29,2,3570,194,Sold,34,90,48,16678,7557605,121858
8612,674,1,39,2,3436,8,Sold,95,22,11,17943,6289378,357121
8613,146,4,35,3,3714,194,Sold,68,64,15,18443,4112961,228938
8614,919,8,21,5,4360,151,Sold,41,83,40,15471,7260126,140279
8615,880,6,16,4,3205,106,Sold,32,84,51,16036,7100810,108617
8616,572,1,30,3,3526,70,Sold,95,25,7,15673,5879837,372936
8617,611,6,10,1,3484,171,Active,34,93,44,17737,6037803,115488
8618,538,7,2,4,3479,101,Active,38,85,43,17677,5741674,122718
8619,259,1,2,5,4933,47,Sold,94,33,5,15234,4584158,411795
8620,10,1,40,3,3147,153,Sold,94,20,11,18098,3543204,389819
8621,668,4,7,1,4838,37,Sold,68,68,16,16921,6264176,287556
8622,935,6,26,1,3183,18,Active,42,90,41,15072,7319531,100150
8623,364,8,16,4,4950,53,Active,36,90,38,15418,5034653,176250
8624,149,2,15,1,3345,125,Sold,78,54,18,17347,4123312,246438
8625,621,1,17,4,4385,198,Sold,97,25,9,17937,6076057,503464
8626,734,7,19,4,3199,119,Sold,44,88,47,15562,6515751,103609
8627,605,1,9,1,4167,186,Sold,99,34,7,16019,6018001,462547
8628,628,1,35,4,4409,101,Active,95,27,6,16709,6103060,337718
8629,545,6,4,5,4319,88,Active,39,95,57,17178,5766876,136619
8630,63,7,7,3,4867,33,Active,32,89,59,18444,3779027,155063
8631,760,7,8,3,4889,68,Active,31,99,42,17606,6606660,152390
8632,289,4,31,3,3144,78,Sold,78,51,23,17719,4712871,170540
8633,246,5,32,4,4206,184,Sold,41,97,35,17982,4532853,143955
8634,446,4,35,2,3181,55,Active,79,55,21,16866,5364536,236843
8635,947,7,11,2,4655,89,Active,31,95,48,16256,7363186,158605
8636,239,6,20,3,4365,37,Sold,41,99,51,16607,4497299,134075
8637,378,6,14,2,4197,159,Sold,31,99,41,17501,5087758,145518
8638,962,3,20,1,3443,64,Sold,64,75,26,16827,7426642,225068
8639,535,5,23,3,3448,11,Active,34,93,58,18335,5727722,114605
8640,39,4,30,1,3187,112,Sold,73,67,18,17136,3671917,239141
8641,35,7,28,4,4230,23,Sold,31,81,40,17206,3657065,144040
8642,782,8,30,5,3039,38,Sold,31,81,46,17293,6693519,100804
8643,513,5,40,4,4377,23,Active,33,83,49,15779,5635463,138585
8644,814,4,16,3,4262,48,Sold,69,66,20,15632,6830333,299891
8645,478,8,3,2,3134,143,Sold,30,91,43,17467,5495049,100489
8646,1049,7,7,2,4677,130,Sold,43,95,54,17630,7800630,156296
8647,476,3,4,1,4652,70,Sold,52,70,20,16953,5484248,297743
8648,583,4,4,2,3963,62,Active,67,66,16,15912,5928892,317815
8649,275,8,3,1,3258,156,Sold,30,84,52,18438,4662466,101676
8650,517,8,17,1,3901,47,Active,40,96,48,17282,5652565,128671
8651,325,2,21,3,4211,168,Sold,74,45,12,15738,4873087,243504
8652,1029,8,35,4,3302,198,Sold,31,92,35,17579,7702070,113008
8653,785,7,4,5,3461,199,Sold,33,97,35,17243,6717371,120865
8654,680,2,18,2,4543,19,Sold,79,61,17,17104,6314581,316255
8655,343,3,21,1,3105,118,Sold,57,72,24,18065,4954095,174118
8656,371,6,27,5,3990,153,Active,40,81,51,16853,5059405,132652
8657,732,7,11,1,4555,187,Sold,43,85,45,18080,6509450,162522
8658,562,4,20,3,4619,116,Sold,76,69,23,17132,5837533,248156
8659,479,4,20,2,4574,50,Sold,78,67,18,17820,5497749,378517
8660,287,4,32,4,4889,134,Sold,79,50,15,17504,4702520,325786
8661,615,4,14,5,4558,9,Sold,66,55,19,17395,6059405,308148
8662,778,2,35,4,4580,58,Sold,79,47,13,15938,6683618,261981
8663,102,1,8,5,3158,62,Active,92,24,10,16676,3927092,279846
8664,394,4,1,1,3724,27,Active,67,59,15,16225,5160666,262166
8665,482,3,13,5,3469,139,Sold,56,76,22,15215,5511251,168532
8666,7,5,32,5,4178,92,Active,33,80,57,17823,3533303,125599
8667,1094,8,6,4,3632,52,Active,35,86,36,18078,7989648,129263
8668,834,3,7,1,3779,171,Sold,60,75,25,16240,6926192,264288
8669,742,1,38,5,4742,79,Active,93,34,11,15587,6545004,588731
8670,558,8,4,5,4650,116,Sold,44,88,48,16571,5818631,144792
8671,388,5,30,3,4004,74,Sold,34,97,56,16183,5131863,135728
8672,828,6,14,4,3838,32,Sold,33,80,45,17150,6895139,126401
8673,404,6,16,1,3514,187,Active,34,86,42,15064,5199819,115604
8674,114,2,13,3,4532,150,Sold,80,64,18,18487,3983348,235824
8675,404,1,24,5,3932,91,Active,91,27,7,16544,5201170,478279
8676,314,5,18,5,3742,67,Sold,35,88,53,15042,4821782,122970
8677,690,8,33,1,3111,119,Active,39,90,40,16868,6355985,94674
8678,420,8,32,5,4983,162,Sold,43,85,47,16857,5256975,174265
8679,487,7,39,3,4842,61,Sold,33,93,43,15540,5530603,164744
8680,60,5,19,5,3333,22,Active,39,87,38,18462,3761926,113902
8681,486,6,2,2,4278,79,Sold,35,93,39,17863,5525652,141422
8682,336,3,38,5,3877,56,Sold,59,73,21,17238,4922592,193267
8683,789,2,30,5,3472,31,Active,82,49,19,18309,6729972,269940
8684,246,8,16,3,3718,118,Active,38,80,59,18014,4533303,128383
8685,23,2,32,2,3336,85,Sold,83,48,15,18205,3604860,172674
8686,629,4,14,5,4290,91,Sold,70,57,17,16402,6107110,286336
8687,331,5,11,3,4144,197,Sold,37,84,41,18375,4897839,135741
8688,154,5,3,2,3979,182,Sold,35,87,51,17667,4144464,139798
8689,428,3,33,3,3480,132,Active,50,81,21,15828,5288478,173722
8690,266,4,7,1,4659,83,Sold,79,52,21,15238,4618361,284597
8691,172,2,7,1,3680,33,Sold,77,63,13,16126,4220972,276642
8692,45,2,24,1,4344,130,Active,78,48,19,17806,3698919,236720
8693,661,2,8,1,3824,183,Sold,80,60,15,18117,6243474,232603
8694,292,7,36,1,3403,144,Sold,42,83,36,15048,4727722,115614
8695,533,5,35,4,3304,157,Sold,42,96,59,15513,5720522,99728
8696,533,3,17,4,4561,71,Sold,55,81,21,16833,5719621,299421
8697,252,3,23,4,4053,142,Active,50,87,19,17756,4555805,280325
8698,733,8,18,2,3690,150,Sold,32,99,54,17381,6513501,121534
8699,145,2,39,1,4000,97,Sold,79,50,18,16382,4106660,301246
8700,502,1,22,1,3361,123,Active,98,31,5,15681,5593609,440140
8701,431,3,38,1,3493,124,Sold,59,76,19,16746,5299279,206417
8702,289,6,20,1,4696,149,Sold,41,94,51,15555,4708820,145022
8703,893,6,36,3,4650,12,Sold,35,86,50,17644,7154815,151692
8704,117,8,20,2,3357,193,Sold,37,89,54,18101,3998199,109626
8705,726,1,38,3,3603,35,Sold,88,18,5,17540,6485148,316343
8706,758,5,23,1,4399,61,Sold,30,81,53,17631,6603510,150375
8707,888,1,11,3,4314,191,Active,99,20,5,17699,7130513,387257
8708,587,5,4,5,3190,185,Sold,33,88,53,16665,5947344,112913
8709,731,4,28,3,4867,189,Sold,68,56,20,16982,6508100,332002
8710,153,1,37,4,4046,114,Sold,95,22,5,15017,4138163,382924
8711,519,7,2,3,3357,77,Sold,43,81,41,18269,5662916,106873
8712,96,7,37,1,3874,150,Sold,30,96,56,18369,3903240,125370
8713,842,4,17,5,3262,142,Sold,76,66,17,15045,6953195,222769
8714,23,7,10,4,3469,198,Sold,33,87,53,17541,3603960,110432
8715,153,2,10,5,3234,140,Sold,82,51,15,16063,4136363,168445
8716,566,5,2,4,3178,113,Active,39,90,58,15000,5853285,114306
8717,300,7,38,5,4775,14,Sold,39,92,46,15604,4764176,171317
8718,581,3,8,1,3244,54,Active,51,89,25,17028,5919891,186761
8719,232,8,26,4,3158,124,Active,31,97,59,16014,4472097,94936
8720,97,6,13,1,4568,88,Sold,42,88,36,16560,3903690,149757
8721,564,7,21,2,3517,153,Active,39,99,46,16558,5843384,105855
8722,743,1,27,3,3029,166,Active,97,28,6,18044,6546354,250642
8723,128,3,25,2,3545,104,Sold,63,80,23,15520,4042754,178033
8724,107,6,37,5,4051,9,Active,32,97,59,17546,3955895,140918
8725,122,8,4,5,4825,30,Sold,40,83,44,16138,4019801,169676
8726,3,5,14,2,3001,52,Sold,42,84,59,15928,3511251,105293
8727,935,2,6,3,3840,64,Sold,73,48,12,16840,7320432,292530
8728,783,8,9,3,4943,37,Active,42,90,40,17906,6703870,153095
8729,31,5,31,1,3808,78,Sold,38,88,50,15078,3639513,136463
8730,1022,2,21,5,4659,159,Sold,82,51,19,18199,7667866,257499
8731,633,2,22,5,4320,47,Sold,79,51,12,17540,6123312,228711
8732,892,4,10,1,3706,144,Active,73,55,19,16398,7149864,201388
8733,244,1,28,3,3121,160,Sold,89,32,7,15728,4522952,393745
8734,345,8,6,5,3854,155,Sold,39,91,55,15648,4963096,137935
8735,475,4,27,5,4758,178,Sold,77,51,24,15661,5480198,329580
8736,175,8,7,3,4966,22,Sold,35,98,36,17061,4229522,174038
8737,561,5,20,1,3353,156,Active,36,81,39,18483,5833033,102696
8738,381,3,9,3,3916,7,Sold,53,81,19,15186,5098559,252203
8739,891,3,30,3,3626,114,Sold,57,85,23,16301,7147164,178968
8740,647,6,22,3,3799,69,Sold,38,92,41,16499,6183618,115201
8741,812,1,5,2,4946,26,Sold,97,34,10,16500,6821332,605996
8742,86,1,39,5,3975,164,Active,98,32,9,17069,3868136,468245
8743,841,5,2,4,4411,197,Active,41,94,46,18195,6948694,143393
8744,473,1,28,3,3532,17,Sold,97,21,11,16388,5476147,383337
8745,442,6,39,4,4301,7,Sold,42,97,55,15564,5349234,137202
8746,329,7,36,2,3327,118,Sold,39,86,47,17773,4889288,103709
8747,694,8,34,2,4477,138,Sold,44,87,47,16183,6370837,141312
8748,246,7,34,3,3757,182,Sold,39,95,44,17304,4531503,127821
8749,206,4,4,1,3552,167,Sold,67,60,15,16003,4370387,298032
8750,991,3,4,3,4946,146,Sold,64,85,22,17271,7545454,282072
8751,630,7,30,5,4942,65,Sold,35,82,55,15948,6113411,152955
8752,180,5,12,1,3255,74,Active,32,83,56,15041,4254725,114387
8753,713,1,6,2,3909,108,Sold,93,24,7,18076,6436543,532738
8754,201,7,40,4,4715,34,Sold,39,91,44,17275,4342484,154039
8755,1052,5,8,4,3839,47,Active,40,89,39,15587,7814131,117205
8756,1084,1,33,3,4390,128,Sold,91,22,9,17883,7949144,519963
8757,165,4,8,1,3631,130,Sold,73,56,20,15271,4189018,218662
8758,936,3,3,2,3312,62,Active,63,83,21,17405,7323582,215232
8759,123,8,24,1,4579,85,Active,41,85,35,16527,4023852,155686
8760,820,2,15,3,3321,90,Sold,78,58,13,15557,6855535,201710
8761,566,6,38,1,4294,66,Sold,41,97,43,15318,5852835,144485
8762,938,6,25,3,4506,17,Active,40,86,51,18436,7328982,161423
8763,181,7,1,1,3440,164,Active,41,82,55,17561,4256975,120792
8764,514,5,25,1,3414,144,Sold,43,84,41,15885,5638613,114389
8765,253,6,8,5,3298,12,Sold,32,84,40,18370,4559855,101895
8766,322,6,18,1,4503,96,Sold,32,99,49,18279,4856885,152129
8767,343,6,32,4,3166,122,Sold,36,90,56,15010,4948694,106606
8768,983,3,2,1,3630,11,Active,50,74,27,17347,7513051,178701
8769,164,7,5,4,3895,16,Active,40,84,50,15994,4184068,126058
8770,494,5,4,5,4335,147,Sold,34,93,40,18347,5558955,154664
8771,754,1,18,2,4957,95,Active,88,31,10,18107,6587308,636826
8772,1033,7,9,3,4783,85,Active,32,80,54,15933,7716921,164401
8773,866,2,35,5,3001,120,Active,83,49,16,17403,7040504,208835
8774,1040,5,35,3,4996,197,Sold,42,80,59,18327,7753825,174540
8775,715,5,23,2,4552,62,Sold,41,80,47,18307,6443744,157945
8776,495,3,37,4,3429,182,Sold,50,85,23,17027,5566606,217678
8777,487,8,22,2,3217,25,Sold,35,85,51,15479,5531953,107789
8778,992,3,19,1,4824,65,Active,56,72,25,17219,7549954,318785
8779,19,3,8,2,4712,35,Sold,61,82,25,15091,3585958,284620
8780,1019,5,38,3,4090,65,Active,34,91,48,16493,7658415,138586
8781,1023,1,1,5,3575,107,Active,98,27,10,17810,7673717,314439
8782,653,7,2,1,3449,40,Sold,40,84,53,18348,6214671,119770
8783,123,4,1,4,4295,92,Sold,76,62,19,18376,4025202,229682
8784,500,5,4,2,3090,33,Sold,37,82,44,15616,5587758,109794
8785,127,2,5,3,4215,76,Sold,79,47,12,17371,4040504,321239
8786,1050,3,15,4,4513,134,Sold,56,89,19,15924,7806030,309902
8787,184,2,13,3,4584,80,Sold,72,46,18,18373,4269126,256280
8788,594,8,3,4,4951,188,Sold,33,91,43,15601,5977047,155451
8789,500,2,26,4,3457,96,Active,79,58,17,17608,5586858,258997
8790,4,6,32,1,3348,198,Active,36,93,57,15816,3517551,103955
8791,372,5,11,1,3300,118,Active,40,87,58,15224,5065706,104122
8792,161,2,34,1,3961,114,Sold,84,50,16,15779,4172817,296335
8793,830,4,30,1,4795,108,Sold,66,58,23,18464,6910441,336036
8794,957,6,10,3,4012,59,Sold,34,97,35,17525,7405490,131152
8795,757,6,27,3,3078,190,Sold,40,85,59,16885,6601260,107090
8796,6,3,36,5,4553,39,Sold,52,83,22,16815,3530153,260956
8797,972,8,25,5,3443,16,Sold,34,91,40,17478,7470297,119837
8798,48,5,15,3,4333,19,Active,32,94,59,16173,3714671,153224
8799,506,6,25,5,3947,63,Sold,31,91,45,17849,5613411,127930
8800,987,8,28,4,4577,85,Sold,36,88,57,18389,7529252,152405
8801,660,1,29,3,3107,149,Active,95,33,8,15753,6240324,341964
8802,345,2,22,2,3898,65,Active,81,50,17,15274,4960846,239582
8803,586,1,13,2,3648,33,Active,93,22,8,16825,5941044,484299
8804,944,6,12,1,3849,182,Sold,30,98,53,15153,7351035,127348
8805,162,8,37,3,4207,24,Active,35,83,38,17978,4177767,142811
8806,1020,3,2,3,4931,53,Sold,64,75,21,17541,7660666,333288
8807,967,2,5,5,4320,101,Sold,72,46,15,18168,7450045,274011
8808,799,2,40,3,4576,168,Active,72,55,16,15162,6774977,342486
8809,552,2,24,3,4651,117,Sold,79,48,14,17943,5794779,258529
8810,93,1,28,3,3514,198,Active,92,29,5,18465,3894689,457971
8811,1045,6,16,2,3433,97,Sold,32,86,54,16329,7774977,122613
8812,887,8,39,5,3022,26,Active,37,99,51,15613,7125562,103927
8813,372,2,1,2,4051,97,Active,77,52,15,15342,5067056,210953
8814,684,8,33,5,4794,134,Sold,31,94,50,16049,6332133,147703
8815,12,7,15,2,3828,185,Active,36,90,35,15001,3552655,126615
8816,286,6,5,4,4646,37,Sold,38,98,43,16197,4698919,144128
8817,806,5,32,4,3005,116,Active,38,87,46,18133,6797929,96689
8818,131,1,33,2,3885,45,Sold,92,33,8,17905,4050405,319939
8819,648,4,15,4,4824,189,Sold,66,68,15,17050,6189468,275023
8820,1081,4,15,3,3415,13,Active,75,50,24,16223,7938793,188120
8821,953,4,8,3,3042,86,Sold,73,53,24,16317,7384788,184182
8822,686,7,3,4,3551,182,Active,40,97,35,16309,6339783,120464
8823,854,4,20,5,3814,112,Sold,66,52,16,15218,7000900,284681
8824,786,6,21,2,3605,66,Sold,44,89,46,15686,6718721,119080
8825,883,6,12,2,3606,128,Active,34,96,40,18364,7113861,128020
8826,646,8,3,5,3979,8,Sold,32,82,54,15676,6179117,135907
8827,250,8,9,5,3361,91,Sold,38,96,38,18012,4545904,108049
8828,948,5,30,4,3248,183,Sold,44,88,44,17344,7369036,107697
8829,292,3,15,1,3801,16,Sold,55,84,21,17661,4723672,240783
8830,361,4,9,4,3492,73,Sold,69,68,21,15202,5019801,261942
8831,834,5,28,5,4375,118,Sold,37,81,36,15400,6924842,142844
8832,541,3,38,3,3243,175,Active,50,71,21,16340,5750675,177685
8833,356,2,1,3,4459,147,Active,75,53,17,17798,5006300,306249
8834,793,2,39,5,3565,155,Sold,83,48,18,17158,6746174,200339
8835,60,8,40,5,4211,19,Sold,37,93,41,17245,3763276,145018
8836,756,6,38,1,4864,47,Active,35,86,54,17826,6598559,161543
8837,382,4,15,1,3346,159,Active,77,58,15,16544,5101260,193946
8838,644,7,32,5,4539,13,Sold,39,84,58,18350,6168316,148298
8839,821,4,20,3,4297,96,Sold,71,56,19,15225,6860036,238572
8840,426,6,22,2,4937,71,Active,30,81,51,17911,5283978,173753
8841,825,1,5,2,3204,42,Sold,88,19,6,16054,6879837,426244
8842,252,7,23,4,4213,14,Sold,36,91,40,15286,4557155,137816
8843,104,6,18,1,3576,96,Sold,33,82,42,16202,3938793,122957
8844,55,8,6,3,4724,58,Sold,36,95,42,16655,3744374,151489
8845,805,3,19,2,4761,153,Sold,50,77,27,17804,6794779,276138
8846,575,4,34,2,4435,8,Sold,66,64,18,15813,5894689,239543
8847,730,2,38,5,3141,198,Sold,81,57,17,16839,6503600,171358
8848,446,6,40,4,4749,180,Sold,40,98,58,16950,5364086,155577
8849,826,6,16,5,4852,194,Sold,42,94,37,16195,6884338,154953
8850,65,2,36,4,4053,179,Sold,82,62,16,15134,3784428,267879
8851,174,2,27,3,4126,180,Sold,74,55,15,15576,4226822,308460
8852,183,8,36,4,4829,136,Sold,33,81,47,15798,4263726,158324
8853,1047,1,29,1,3033,50,Active,99,26,6,16709,7789828,403616
8854,552,1,27,5,4998,191,Sold,98,34,9,18228,5791629,499313
8855,832,4,29,2,3492,195,Sold,77,58,20,18210,6916291,230104
8856,1037,6,2,3,3326,73,Sold,39,91,54,16916,7743924,105441
8857,34,3,11,5,4262,32,Sold,63,87,27,15838,3653465,234158
8858,403,1,35,5,3388,43,Active,89,31,6,16312,5196669,380718
8859,563,4,7,4,4603,96,Active,70,58,23,17040,5839783,374489
8860,672,2,5,5,3776,155,Sold,73,59,18,15172,6283978,269025
8861,855,6,37,1,3689,124,Active,42,85,37,15061,7007200,119516
8862,989,2,21,4,3636,175,Sold,72,64,13,16939,7541854,261697
8863,151,5,14,3,4884,175,Sold,37,91,40,17818,4132313,151160
8864,29,5,21,4,4295,26,Active,32,84,38,17045,3632763,144157
8865,425,4,38,2,3092,112,Sold,74,69,15,15604,5276327,194926
8866,633,1,19,4,3956,58,Sold,97,19,5,15815,6124212,415133
8867,102,1,3,4,3874,190,Sold,97,32,7,18186,3930243,386557
8868,744,6,1,3,4026,188,Sold,39,91,53,17783,6549054,133317
8869,218,1,40,3,4904,64,Active,88,18,10,15540,4418991,589424
8870,491,3,8,1,3305,92,Sold,61,83,26,17375,5544554,218585
8871,577,5,10,3,3464,13,Active,43,80,48,17380,5905940,120540
8872,911,5,13,2,3684,14,Sold,36,88,42,15081,7219621,126649
8873,32,7,28,1,3553,82,Sold,44,93,42,15113,3643114,114620
8874,837,6,27,4,3718,113,Active,32,98,53,16073,6935643,112566
8875,509,6,13,5,4174,126,Active,43,98,42,18361,5624662,139554
8876,378,6,31,3,3149,192,Sold,36,86,57,15259,5087308,101278
8877,979,3,22,4,3729,190,Sold,60,76,18,16476,7498199,241759
8878,319,8,16,1,4431,61,Sold,30,82,44,18133,4846084,151381
8879,54,2,9,5,4163,87,Sold,74,62,13,17610,3738973,269857
8880,824,3,27,2,3652,75,Sold,58,74,22,15241,6874887,236615
8881,746,5,23,5,3411,156,Sold,36,94,48,18103,6556255,117011
8882,82,4,21,2,4985,162,Sold,74,65,18,15211,3852835,276194
8883,544,7,23,3,3193,166,Sold,39,80,51,15268,5760126,114016
8884,12,8,33,3,4389,38,Active,35,97,42,17857,3554905,151614
8885,251,8,22,2,4265,154,Sold,33,97,35,16606,4551305,140907
8886,396,7,2,1,4954,58,Sold,32,87,51,15402,5169216,175946
8887,787,7,1,3,3388,161,Sold,39,81,39,16898,6725472,107908
8888,478,7,27,5,4368,100,Sold,33,93,49,18329,5490999,150294
8889,659,8,27,3,3117,97,Active,38,89,50,18378,6234923,100473
8890,940,4,18,3,4208,167,Sold,77,53,17,16345,7337983,243793
8891,1087,2,18,5,4370,77,Sold,78,63,18,15303,7961296,248746
8892,1052,4,25,1,3032,57,Active,68,66,15,15218,7811431,164688
8893,612,4,14,4,3789,165,Active,75,55,22,16182,6041854,317162
8894,62,5,35,4,3010,158,Active,38,86,37,18478,3775877,105904
8895,186,7,13,2,3840,119,Sold,42,94,58,15579,4282628,117197
8896,346,8,33,2,3283,92,Active,32,80,57,16157,4966246,101386
8897,636,3,23,5,3742,71,Active,53,74,18,17082,6135463,226496
8898,266,5,31,5,4485,63,Active,39,97,41,16498,4621512,154948
8899,667,3,8,1,3313,114,Sold,50,73,24,18302,6261026,190288
8900,29,6,22,1,4142,168,Active,39,93,50,16711,3634113,134383
8901,78,4,23,2,3142,86,Active,66,61,22,18405,3838433,178129
8902,441,6,27,1,3969,107,Active,34,92,47,18327,5343834,131517
8903,521,2,39,4,3124,105,Active,78,56,12,15563,5671467,214053
8904,226,3,11,5,3477,143,Sold,59,73,19,16619,4445544,199741
8905,10,4,11,2,4438,147,Sold,68,69,24,17878,3545004,265692
8906,268,1,32,2,4571,78,Sold,99,18,10,16101,4628712,521711
8907,168,1,21,5,3567,175,Active,94,27,6,15467,4201170,336145
8908,263,3,9,3,4287,53,Sold,59,70,22,15340,4602610,247398
8909,50,6,1,3,4119,60,Sold,31,94,51,18499,3720072,127137
8910,679,3,20,4,4415,65,Sold,56,71,23,16214,6307380,223293
8911,243,2,14,2,3121,34,Sold,73,47,13,15779,4520702,217255
8912,304,1,6,3,3298,166,Sold,89,27,10,15844,4782178,405506
8913,590,8,25,3,3002,130,Active,34,89,39,15959,5959495,107261
8914,631,6,12,2,3115,167,Active,37,94,57,17532,6117911,101356
8915,198,7,24,1,3286,92,Sold,35,97,49,17510,4328532,113406
8916,131,7,19,4,4442,134,Active,35,82,59,17290,4049954,144480
8917,547,3,23,1,3646,26,Sold,54,81,20,16379,5770927,224290
8918,169,5,6,4,4195,77,Sold,34,88,54,16345,4209270,128627
8919,242,2,12,1,3243,21,Active,72,53,16,18463,4515751,217930
8920,732,4,23,1,3958,109,Active,70,63,15,15492,6511251,271796
8921,603,2,33,2,3755,79,Active,72,47,19,16927,6009450,262818
8922,947,2,15,2,4601,60,Active,77,60,18,15726,7361386,272355
8923,484,4,23,5,3770,12,Sold,75,69,18,17966,5519351,315453
8924,584,2,22,1,4947,195,Sold,78,45,16,15311,5934293,293543
8925,877,2,6,1,3061,73,Sold,78,51,15,15527,7088208,168168
8926,709,2,23,2,3246,114,Sold,79,61,16,16297,6421692,238463
8927,681,5,24,5,3230,134,Sold,34,97,46,17691,6318631,111370
8928,535,7,33,4,4936,73,Sold,33,83,58,17556,5730423,165672
8929,477,1,10,4,3589,25,Sold,99,20,10,18075,5487848,493057
8930,910,8,8,5,4958,147,Sold,34,97,40,16270,7218721,156911
8931,119,5,24,4,3257,106,Active,35,80,38,17719,4004950,105866
8932,242,8,1,3,4441,81,Active,38,83,38,17484,4513951,157558
8933,202,1,13,5,3403,172,Active,98,33,7,16536,4350135,363993
8934,896,2,6,2,3129,118,Sold,81,46,13,17658,7162466,196838
8935,578,4,32,2,3008,103,Sold,67,56,15,17254,5908640,183903
8936,870,3,14,3,3689,139,Sold,56,74,26,17683,7054455,204306
8937,473,2,30,5,3286,23,Sold,76,54,17,17822,5470747,198066
8938,1039,3,36,4,3773,118,Sold,57,89,19,16463,7749324,183893
8939,539,8,20,1,4166,64,Sold,35,82,42,17629,5745274,149309
8940,594,7,35,4,3976,27,Active,31,87,57,17468,5975247,122238
8941,181,5,23,5,3966,44,Sold,39,92,41,15435,4258775,128832
8942,52,1,3,4,4976,57,Sold,96,28,7,17965,3734473,428098
8943,630,5,39,3,3108,108,Sold,41,88,37,17795,6109810,101880
8944,203,8,28,4,3152,183,Active,37,93,38,15494,4354635,109028
8945,422,1,35,1,3324,29,Sold,89,33,5,16175,5261476,291905
8946,697,8,25,2,4283,68,Sold,34,92,46,15854,6378937,135026
8947,618,6,14,1,3011,107,Sold,31,93,53,15494,6068406,97755
8948,13,8,11,3,4092,94,Active,41,81,38,15997,3557155,144652
8949,983,2,1,3,4795,23,Sold,74,56,18,18181,7514851,254020
8950,890,5,34,5,4061,177,Sold,30,85,54,15247,7141764,123763
8951,93,4,29,5,4266,197,Active,67,67,19,16745,3896489,248750
8952,377,2,37,3,3473,83,Sold,82,52,16,17809,5085058,188867
8953,232,1,32,1,3746,53,Active,98,24,11,18129,4470747,337899
8954,882,3,5,4,3217,38,Sold,62,82,27,15359,7111161,174068
8955,798,7,28,3,3667,117,Sold,37,81,47,17028,6770027,123145
8956,791,1,29,1,4643,45,Sold,97,25,5,17012,6736723,391904
8957,640,4,21,5,4133,67,Sold,71,61,21,17408,6151215,245480
8958,105,6,22,4,3912,35,Sold,44,98,53,17238,3943294,130168
8959,119,7,7,4,4956,118,Sold,44,95,53,15782,4007650,167087
8960,896,1,24,1,4138,183,Sold,88,28,5,18021,7163816,327088
8961,341,5,28,5,3264,11,Active,42,98,53,16158,4945544,109501
8962,117,3,30,5,3721,164,Sold,55,71,18,15592,3995949,213115
8963,882,1,35,5,4590,180,Sold,88,18,6,17252,7111611,370757
8964,233,1,4,1,3206,115,Sold,90,24,10,15273,4477047,419802
8965,643,7,19,1,4994,176,Sold,32,92,42,17606,6165166,179394
8966,79,1,10,4,4655,77,Sold,88,25,8,18250,3842034,619848
8967,983,3,19,5,4434,177,Sold,55,82,24,15556,7512601,280030
8968,57,1,11,2,3743,134,Active,91,26,9,16096,3752925,288922
8969,810,3,32,5,3002,156,Sold,64,78,22,15642,6812331,146651
8970,167,2,23,3,3284,67,Sold,82,59,12,15198,4195319,177955
8971,1020,4,25,1,4764,184,Active,69,54,21,15394,7662466,269018
8972,823,6,11,4,3049,169,Sold,40,85,54,16102,6868136,106117
8973,455,4,32,1,4521,58,Active,76,67,21,18234,5395589,345728
8974,144,7,19,2,3054,159,Active,35,91,59,18355,4101260,105650
8975,921,7,1,5,3011,107,Sold,44,96,52,16631,7265076,103235
8976,412,2,7,2,3998,172,Sold,76,54,15,16568,5227722,218336
8977,467,1,3,1,4189,181,Sold,93,20,11,16229,5442844,538339
8978,696,5,31,5,4317,78,Active,39,95,59,17666,6373087,154799
8979,379,4,1,5,4947,199,Sold,70,63,21,15131,5091809,352575
8980,788,6,16,1,3185,28,Sold,31,84,56,17938,6725922,111061
8981,698,7,5,1,4311,71,Active,34,83,52,15012,6382988,131830
8982,269,8,40,2,3146,78,Sold,39,97,50,16636,4633213,110110
8983,1006,8,37,2,3230,121,Active,42,81,40,15331,7604860,108321
8984,110,7,21,1,4330,167,Sold,43,83,59,17327,3970297,148034
8985,393,2,19,2,4286,80,Active,74,47,17,17593,5156615,333418
8986,639,7,11,2,3898,34,Sold,43,90,44,17507,6147614,136508
8987,709,7,31,5,3370,42,Sold,30,82,36,16757,6422142,118118
8988,651,8,2,2,4052,104,Active,31,81,37,18385,6206120,122905
8989,275,5,33,3,4189,141,Sold,39,90,53,15259,4659315,149162
8990,902,4,26,3,4028,65,Active,78,58,19,18010,7185418,335617
8991,469,1,1,4,4162,78,Active,94,18,11,15798,5456345,464677
8992,675,2,17,5,4330,92,Sold,82,62,15,15028,6290729,232417
8993,971,4,26,4,4509,111,Sold,75,69,24,16665,7465346,347461
8994,377,8,6,1,4112,95,Sold,30,93,43,16762,5083258,124709
8995,160,4,11,5,3479,153,Sold,78,66,20,17317,4171017,234385
8996,421,7,38,1,4084,106,Sold,34,99,55,15666,5258775,143267
8997,113,1,25,4,4050,91,Sold,91,20,5,15883,3981548,526298
8998,739,3,24,1,3623,15,Sold,51,73,23,15750,6533303,196581
8999,865,7,21,5,3628,81,Sold,33,85,58,16339,7036453,114500
9000,116,7,12,1,4162,87,Sold,31,90,53,18489,3993249,139285
9001,834,2,28,4,4460,91,Active,80,57,12,17086,6923942,326649
9002,377,6,26,3,4693,193,Active,35,89,38,17804,5084608,151687
9003,668,7,16,3,3545,105,Sold,35,86,54,15736,6265076,116404
9004,394,6,13,5,4027,163,Sold,38,96,36,17665,5161116,135194
9005,621,8,24,3,3545,67,Sold,43,97,42,18454,6076957,106875
9006,726,8,23,4,3394,121,Sold,38,98,35,17878,6484698,108540
9007,476,2,11,5,4430,150,Sold,73,60,14,16187,5482898,253426
9008,948,2,12,2,3090,192,Sold,82,57,16,16640,7367686,210105
9009,775,2,14,5,3041,19,Active,76,64,12,16050,6664716,213492
9010,335,4,8,1,3985,127,Active,66,63,18,16222,4919441,241110
9011,855,7,33,3,4979,8,Sold,38,80,40,16189,7004950,178935
9012,257,1,19,1,4064,167,Sold,95,34,10,16506,4575607,474045
9013,351,3,25,2,4393,124,Sold,57,81,19,17395,4988748,225554
9014,584,6,21,3,4184,144,Sold,41,94,42,16468,5932493,149126
9015,585,3,38,2,3560,56,Sold,56,71,21,17905,5937893,175938
9016,762,2,4,2,4759,123,Sold,75,56,18,18237,6618361,324415
9017,984,4,36,2,3014,153,Sold,66,64,20,16310,7518901,173236
9018,50,2,40,1,3774,174,Sold,80,57,15,18395,3721422,274937
9019,576,8,19,4,4626,23,Sold,38,98,38,16919,5900090,143027
9020,394,2,8,1,4062,121,Sold,73,48,12,15920,5162016,268269
9021,822,1,9,5,4444,10,Active,89,22,6,16606,6863636,424369
9022,713,7,12,2,3788,22,Sold,42,99,54,15552,6435193,122815
9023,650,4,8,5,4852,146,Sold,78,62,21,16748,6203870,331149
9024,393,8,32,2,3372,178,Active,36,92,59,15410,5157065,104485
9025,295,7,1,1,4088,172,Sold,34,85,48,15540,4741224,131879
9026,581,2,23,4,3234,186,Sold,72,64,19,17830,5922142,193555
9027,986,5,31,4,3358,152,Sold,33,88,35,17399,7527452,105085
9028,268,1,2,5,3077,147,Active,91,20,5,17294,4627812,374786
9029,1050,6,39,5,4730,56,Sold,32,87,36,18032,7801980,155608
9030,376,1,27,5,3635,116,Sold,88,22,8,15899,5078757,365699
9031,72,1,25,1,4681,61,Sold,95,20,9,15070,3808280,539392
9032,1080,4,24,3,4501,199,Sold,72,61,18,18010,7931593,285532
9033,369,5,12,4,4356,64,Active,32,99,56,16284,5051755,152687
9034,934,3,39,4,3062,15,Sold,64,77,26,15250,7316831,186601
9035,574,3,9,1,3908,193,Sold,51,72,19,15211,5887488,189760
9036,611,3,14,2,4676,68,Sold,55,79,20,18075,6037353,312566
9037,314,6,28,4,3410,93,Active,39,81,44,17526,4820432,113328
9038,304,3,11,5,4869,152,Sold,61,74,25,17090,4777227,321946
9039,815,5,18,1,4361,182,Sold,36,96,46,17078,6833483,143390
9040,257,5,38,1,3306,40,Active,43,91,57,15759,4578757,118646
9041,480,6,38,4,4476,17,Active,39,87,38,15098,5501350,151378
9042,102,2,22,5,4417,98,Active,73,52,12,16421,3927542,240488
9043,329,5,18,1,4814,28,Sold,35,91,38,15516,4890639,163724
9044,727,6,13,5,3740,176,Sold,35,85,35,18062,6493249,129636
9045,973,3,30,2,4157,143,Active,60,86,27,15288,7477497,287199
9046,517,6,33,3,4325,33,Active,33,88,51,16835,5653465,133625
9047,518,1,8,1,3683,71,Sold,91,20,7,15089,5656165,500621
9048,1056,7,4,4,3618,64,Sold,30,91,44,16119,7839783,118453
9049,206,2,30,1,3667,86,Active,79,59,13,15857,4368136,197158
9050,331,5,2,1,4056,78,Sold,39,99,51,18398,4900090,127853
9051,397,6,15,1,3727,175,Sold,33,87,43,16237,5173267,121672
9052,617,1,37,5,4125,106,Sold,91,30,8,15699,6063906,538560
9053,211,7,9,1,4153,34,Sold,33,88,41,17227,4390639,133095
9054,135,4,15,1,4526,60,Active,67,66,18,15636,4065706,243207
9055,974,7,27,2,4667,112,Sold,42,93,44,15889,7477947,142138
9056,794,1,20,4,4844,170,Sold,95,24,8,16147,6753375,654194
9057,533,6,27,1,4148,196,Sold,32,94,45,17323,5719171,148980
9058,1026,6,22,2,4948,119,Sold,31,90,40,16293,7688118,149054
9059,241,7,27,3,3722,171,Sold,43,84,56,18387,4511251,112122
9060,681,7,32,1,4748,64,Sold,42,88,45,17965,6317731,152933
9061,380,8,28,2,3805,13,Active,38,87,51,15270,5093159,135032
9062,787,1,23,4,3003,79,Sold,97,31,9,15549,6724572,228513
9063,584,6,11,1,4828,174,Active,38,82,59,17196,5931593,147920
9064,522,3,22,5,4038,7,Sold,56,85,24,16261,5672367,202313
9065,826,4,29,2,4089,103,Active,79,66,24,17814,6887038,290924
9066,1,5,17,1,3946,54,Sold,43,92,56,15389,3502250,140564
9067,824,5,13,3,4571,164,Active,36,92,46,16683,6873537,163715
9068,649,2,18,5,4857,184,Sold,84,56,15,17663,6198019,342234
9069,529,7,10,1,3782,159,Active,34,89,48,15073,5702520,127053
9070,111,8,21,4,4686,39,Sold,37,91,59,17148,3974347,165135
9071,235,6,12,2,3722,199,Sold,31,88,51,15455,4486498,119878
9072,724,7,27,1,3352,132,Sold,37,82,51,15089,6478397,105085
9073,445,1,28,5,3014,132,Sold,88,20,11,16263,5361836,232477
9074,494,2,36,1,4160,10,Sold,74,63,17,16171,5555805,292714
9075,519,3,1,1,3591,53,Active,62,82,26,15279,5659315,231306
9076,197,1,32,4,3573,34,Sold,88,32,6,17939,4325382,471359
9077,412,5,26,3,4382,93,Active,34,81,37,17154,5229522,156394
9078,529,6,29,3,3929,48,Sold,39,97,57,15845,5703870,128368
9079,840,7,12,5,3642,79,Active,31,95,45,15550,6945094,112436
9080,64,6,18,3,4120,139,Sold,33,86,41,17334,3782178,143211
9081,1034,5,12,3,4683,166,Active,40,88,57,18110,7726372,152553
9082,476,6,13,4,3015,111,Sold,37,95,49,17014,5481098,92784
9083,916,8,21,3,4855,42,Sold,35,97,58,17251,7244824,149485
9084,253,4,32,4,4236,40,Active,72,66,24,15953,4561206,303874
9085,332,7,21,4,3375,80,Sold,34,84,37,16898,4905940,101810
9086,1037,8,4,5,3741,143,Sold,42,94,58,16182,7741224,126985
9087,199,4,32,5,3367,27,Sold,69,68,24,17957,4332583,215397
9088,380,1,36,3,3941,141,Active,99,27,7,17924,5094509,416800
9089,6,7,5,2,3887,131,Sold,43,88,35,17064,3527902,134039
9090,454,1,15,3,4621,164,Active,94,31,9,16905,5389738,489375
9091,550,4,33,1,4103,14,Sold,74,51,15,15463,5785778,230041
9092,443,8,31,3,3859,178,Active,30,91,38,15740,5350135,118657
9093,1045,3,8,5,4707,183,Active,59,71,23,15522,7775877,284920
9094,962,3,25,1,3163,54,Sold,52,79,25,17897,7426192,154375
9095,228,8,30,3,4505,58,Sold,37,85,47,15979,4454545,155459
9096,493,6,25,5,4674,76,Sold,32,82,36,17171,5554905,164543
9097,1055,3,37,1,3127,146,Sold,60,82,25,16319,7833033,217959
9098,1037,7,3,3,4637,91,Sold,35,91,37,17634,7742574,166487
9099,243,6,15,3,4945,92,Active,31,90,36,18147,4519801,175706
9100,58,6,15,4,4104,131,Sold,39,92,35,16710,3756525,142319
9101,369,6,15,2,4171,9,Active,39,87,40,15402,5052205,147361
9102,829,1,17,5,4592,123,Active,88,20,6,16305,6904590,578638
9103,322,1,18,3,3270,157,Active,96,34,10,15528,4855085,250376
9104,412,6,21,4,3051,79,Active,40,88,49,18495,5229972,107029
9105,964,5,33,4,3526,57,Sold,35,83,40,18000,7433393,107085
9106,512,8,5,1,3732,185,Sold,37,88,44,15446,5630513,114931
9107,316,2,4,4,3761,76,Sold,77,50,17,17776,4829432,248021
9108,817,5,23,4,4407,53,Active,42,87,41,16705,6842934,138274
9109,803,4,26,5,3092,181,Sold,68,61,21,15223,6784878,180565
9110,477,7,16,5,3307,22,Active,30,80,47,16493,5484698,103780
9111,1096,2,25,5,4493,28,Sold,82,58,19,15523,7998199,235430
9112,508,8,13,4,4052,101,Active,33,83,55,15364,5618361,133416
9113,533,1,31,2,3929,127,Active,91,21,7,15671,5720072,424813
9114,395,2,9,1,3901,151,Sold,74,53,12,15863,5163366,225053
9115,140,5,6,1,3044,197,Sold,44,87,57,17899,4090909,94723
9116,832,8,16,4,4262,39,Sold,33,90,36,18320,6917191,132028
9117,1,3,27,3,3249,135,Active,51,73,21,16350,3502700,174666
9118,523,1,11,2,3263,139,Active,94,26,8,16952,5679117,446607
9119,75,8,36,2,4049,140,Sold,36,94,57,18401,3821782,133366
9120,317,1,37,5,3024,186,Sold,94,20,5,18014,4836633,329556
9121,153,2,34,5,4906,42,Sold,77,60,16,15585,4137713,301166
9122,499,4,40,5,3486,85,Active,79,57,22,17823,5585508,251036
9123,864,6,14,3,4497,89,Sold,37,94,44,18323,7033753,154067
9124,610,4,11,1,3390,173,Sold,75,52,22,16188,6034653,195725
9125,574,5,14,4,4782,152,Active,44,94,57,17075,5888838,161985
9126,353,5,22,3,4671,38,Sold,44,80,40,17342,4995049,161486
9127,1038,6,12,2,4291,109,Active,37,82,52,18281,7747974,130052
9128,87,3,37,1,3064,76,Sold,52,78,20,15359,3871737,215411
9129,602,7,9,3,4920,143,Sold,39,81,37,15954,6006750,159447
9130,390,5,10,4,4347,59,Active,37,99,37,17583,5138163,138252
9131,368,6,6,1,3205,151,Active,36,92,55,18163,5046354,100637
9132,354,4,2,5,4784,67,Active,77,65,24,15196,5000000,365588
9133,144,3,28,4,4908,47,Sold,50,84,19,16387,4103060,273906
9134,720,1,31,5,3688,166,Sold,93,29,9,17019,6460396,320238
9135,934,7,28,4,4323,51,Sold,33,84,56,16442,7314581,136157
9136,951,4,19,5,4223,52,Sold,74,55,18,18471,7379837,232379
9137,17,2,34,1,4293,114,Sold,81,60,13,16086,3578307,265807
9138,902,6,38,3,4874,39,Sold,35,88,52,17720,7187218,156728
9139,166,8,39,2,4214,113,Sold,44,80,57,15236,4191269,127634
9140,782,2,34,2,3826,15,Active,76,45,12,17202,6695769,224765
9141,982,8,1,2,4448,84,Sold,41,83,38,17961,7507200,159630
9142,14,5,31,3,3838,64,Sold,39,84,39,16786,3561656,134153
9143,783,5,33,5,4649,121,Sold,35,82,56,16739,6700720,140465
9144,952,1,36,1,3077,137,Active,94,25,5,16402,7382988,398579
9145,196,8,23,4,3563,199,Sold,39,98,46,17953,4320882,116653
9146,479,7,40,2,3692,47,Sold,37,85,41,15886,5500900,125063
9147,995,8,29,5,3172,47,Sold,32,83,59,17179,7562556,109846
9148,14,1,24,4,3710,20,Sold,94,30,6,17433,3562106,411161
9149,737,5,16,3,4063,37,Active,31,92,54,17396,6530153,137459
9150,466,8,37,2,4708,59,Sold,41,86,45,15117,5439693,157228
9151,359,4,5,5,4572,77,Active,73,62,15,16885,5014401,280515
9152,953,2,27,4,4007,169,Active,74,56,15,16348,7389288,289454
9153,556,8,25,5,3714,69,Sold,44,86,56,15790,5810531,114376
9154,51,5,26,5,4817,22,Sold,41,88,54,16788,3728622,146023
9155,1044,6,6,1,3307,67,Active,33,91,50,15611,7769126,116850
9156,972,1,17,5,4079,17,Active,93,27,8,15445,7471197,466067
9157,452,3,23,4,4202,143,Sold,60,82,26,17384,5385238,242788
9158,683,2,3,3,3959,188,Sold,84,49,18,17249,6327182,275179
9159,915,2,23,3,4244,157,Sold,79,45,14,17298,7238523,217902
9160,1024,2,22,5,4625,9,Sold,81,46,18,18024,7681818,285470
9161,667,8,2,4,3211,88,Sold,30,92,48,15311,6263276,96638
9162,848,5,11,1,4832,75,Active,42,86,41,16250,6973897,166404
9163,107,4,15,3,4792,174,Active,68,56,20,18271,3952295,306861
9164,931,3,22,1,4071,69,Sold,54,71,22,17587,7301980,196307
9165,208,6,34,2,3046,9,Sold,34,83,53,15970,4380288,94664
9166,742,6,11,5,4528,17,Active,38,86,43,17192,6542754,154930
9167,103,4,23,1,4124,172,Sold,67,63,24,15343,3932493,271374
9168,994,8,35,2,4612,88,Sold,43,96,48,16808,7554005,140482
9169,172,5,19,3,3799,191,Active,38,91,46,17280,4221872,121165
9170,639,6,37,4,3653,69,Sold,35,84,49,16757,6149414,110372
9171,1018,6,19,1,3884,67,Active,32,91,35,17106,7651665,134837
9172,68,3,8,3,3644,180,Active,54,77,20,15156,3792079,245833
9173,662,8,15,1,4306,29,Sold,35,89,42,17025,6244374,133607
9174,397,2,35,2,3102,177,Sold,83,59,19,17823,5176417,208159
9175,1073,3,38,4,3642,55,Active,54,88,27,18175,7908640,226410
9176,610,4,28,5,4642,181,Sold,72,57,23,17327,6036003,347296
9177,729,7,17,3,4611,163,Active,41,95,38,15810,6498649,159559
9178,378,7,5,3,3772,11,Active,40,84,55,15248,5089108,117558
9179,483,7,24,1,3034,150,Sold,41,99,52,15734,5514851,93101
9180,679,1,38,3,4284,106,Active,97,32,11,17643,6306930,586158
9181,1020,3,36,1,4127,69,Active,56,71,25,16147,7662016,238111
9182,28,4,22,2,3185,81,Active,79,52,22,16512,3628712,261219
9183,632,2,4,4,3014,139,Sold,84,63,18,16413,6121062,167037
9184,259,6,16,5,3113,169,Sold,38,90,51,16293,4582808,97549
9185,142,5,2,4,4821,7,Sold,36,98,59,15727,4094959,163403
9186,289,4,31,5,3197,32,Sold,73,59,16,17319,4711971,180957
9187,1056,8,9,1,3133,44,Sold,33,93,51,16517,7834833,111203
9188,187,2,8,1,3986,97,Sold,74,47,18,15945,4288928,236676
9189,842,8,13,1,4471,140,Sold,39,81,59,15444,6951395,160276
9190,509,3,7,1,4883,113,Active,63,77,24,16780,5623762,263182
9191,383,2,20,1,3995,151,Sold,75,59,14,15460,5106660,224570
9192,426,3,15,3,3009,71,Sold,59,86,19,15009,5281278,168620
9193,162,5,13,1,3934,45,Active,41,85,40,18062,4178667,134621
9194,724,5,15,3,3078,114,Sold,41,81,36,18256,6477047,105237
9195,408,2,8,4,4919,171,Active,84,51,16,16417,5213771,359301
9196,267,8,3,1,4774,55,Sold,41,86,38,17894,4625562,148691
9197,219,5,23,1,4293,84,Active,39,87,49,15074,4425292,153775
9198,642,6,12,1,3445,161,Active,30,89,39,16981,6159315,112314
9199,391,6,34,4,4240,81,Sold,35,99,39,16100,5146264,129820
9200,98,4,22,1,4908,127,Active,69,57,22,16061,3909540,314752
9201,839,6,32,2,4656,171,Sold,34,99,40,15382,6943744,148415
9202,694,6,31,2,3232,178,Active,43,92,39,17831,6369486,116087
9203,264,4,4,4,4883,7,Active,74,69,20,15539,4609360,390432
9204,74,8,30,2,4356,52,Active,43,97,54,15912,3815931,151667
9205,955,3,33,3,4299,155,Sold,59,85,24,17364,7396939,271724
9206,10,2,27,4,4663,89,Sold,73,52,13,18271,3544104,294879
9207,55,2,30,4,3319,59,Sold,80,55,17,17753,3743924,187304
9208,959,1,37,2,3489,162,Sold,94,34,8,16499,7413591,329309
9209,857,7,2,5,4056,50,Sold,35,95,35,15485,7012151,128348
9210,689,8,13,3,3378,158,Active,38,86,35,17290,6351035,111467
9211,685,4,16,4,3627,43,Sold,78,57,16,16084,6337983,301228
9212,1049,1,13,2,5000,69,Sold,94,28,8,18347,7798829,526688
9213,821,8,35,2,3131,92,Sold,34,81,37,16508,6860486,103893
9214,1056,8,36,2,4656,73,Active,33,93,57,16340,7836183,152987
9215,347,7,13,5,3132,187,Active,33,89,40,17617,4970747,98652
9216,560,8,16,2,3107,47,Sold,35,92,44,16405,5832133,97274
9217,431,6,22,1,4422,112,Sold,35,95,52,18164,5302430,134172
9218,526,3,36,3,4278,8,Active,50,72,26,18002,5690819,231299
9219,317,5,20,5,3013,156,Active,35,98,40,16327,4834833,90854
9220,760,8,8,4,4886,76,Sold,32,83,50,18001,6609360,151486
9221,186,4,21,1,4106,83,Sold,74,52,19,16092,4283078,291516
9222,578,4,34,3,4754,83,Sold,68,63,15,17317,5906840,299236
9223,905,6,11,3,3259,95,Active,35,91,55,16695,7199369,113113
9224,549,5,9,3,4459,58,Active,31,92,58,15026,5780828,143437
9225,838,1,22,1,4308,89,Active,93,29,6,15315,6939243,574181
9226,46,7,15,2,4862,181,Sold,36,85,40,17700,3702970,151714
9227,95,6,14,2,4503,182,Active,40,85,59,18123,3900090,136117
9228,827,3,25,3,4132,56,Active,61,75,23,15343,6894239,286516
9229,897,6,38,3,3910,26,Sold,35,99,38,17527,7168316,128084
9230,276,2,20,3,3505,15,Active,74,46,15,17755,4662916,196682
9231,906,2,28,3,3848,114,Sold,84,57,12,18334,7200270,275426
9232,908,6,25,1,4910,147,Sold,37,95,43,15865,7209270,160095
9233,764,3,3,1,3667,62,Sold,56,81,18,16304,6626012,233362
9234,700,8,1,2,4945,68,Active,36,90,53,16284,6389288,156361
9235,489,7,14,5,4427,48,Sold,37,87,38,17216,5536003,155839
9236,901,4,23,4,4416,49,Sold,79,65,20,16730,7182268,287002
9237,822,3,32,2,4703,169,Sold,55,73,26,15434,6863186,276597
9238,601,5,9,5,4631,91,Active,35,84,49,18261,6003150,155907
9239,755,6,16,5,4667,43,Sold,42,95,39,16787,6593609,158482
9240,697,5,22,2,4063,31,Sold,36,80,36,16927,6379837,131146
9241,599,7,19,3,4285,72,Sold,35,83,46,16502,5993699,139494
9242,335,5,13,1,3903,117,Active,32,81,54,15778,4918541,133490
9243,989,4,14,5,4228,35,Sold,72,69,22,16634,7540054,338697
9244,343,8,25,1,4376,56,Sold,32,84,48,15114,4953195,134028
9245,574,4,24,5,3300,93,Sold,68,58,23,15578,5889738,250231
9246,104,2,5,5,4888,177,Active,74,61,18,17747,3939243,336754
9247,45,2,17,5,4802,155,Sold,72,63,12,16439,3699819,286324
9248,476,5,15,2,4665,172,Active,36,99,54,16485,5483798,157528
9249,76,7,6,1,4646,48,Sold,31,99,45,17165,3825382,166243
9250,265,7,14,3,3725,119,Active,31,93,54,16559,4616111,113158
9251,791,3,28,1,4698,112,Sold,63,77,26,15462,6738973,251693
9252,274,5,12,5,3168,130,Sold,33,86,50,17358,4657065,95312
9253,246,4,23,4,3895,48,Sold,68,69,21,15191,4532403,250634
9254,753,2,18,1,3841,121,Active,76,45,17,16991,6586408,239757
9255,37,7,30,3,4901,70,Sold,32,94,45,17508,3665616,150814
9256,92,8,18,3,3490,16,Sold,35,98,57,16664,3893789,121717
9257,298,4,36,1,3543,167,Active,77,62,16,15948,4758325,281814
9258,294,7,38,3,3077,141,Sold,33,84,59,17114,4736723,108803
9259,1039,6,17,2,4721,160,Active,44,98,52,17451,7752025,162327
9260,928,3,7,2,3259,80,Active,54,84,20,15850,7294329,200035
9261,976,6,7,3,3391,172,Sold,38,93,55,15678,7486048,108688
9262,960,8,22,3,4771,18,Active,41,97,52,15184,7415841,158073
9263,1051,2,38,2,3467,136,Sold,82,56,13,15943,7808730,254834
9264,277,5,34,4,3562,33,Active,33,85,36,17663,4664716,127434
9265,419,6,31,1,4504,29,Sold,43,92,43,15973,5251575,158072
9266,1018,2,4,2,3193,163,Active,74,55,18,15420,7651215,213541
9267,1044,6,10,2,4318,61,Sold,42,85,57,18470,7771377,131561
9268,796,4,30,5,4735,14,Sold,79,58,24,18405,6761026,324589
9269,706,6,8,1,3069,151,Sold,38,96,55,15509,6413141,93604
9270,339,2,35,2,3243,189,Sold,81,53,17,18157,4938793,252653
9271,338,3,2,1,4364,88,Sold,55,84,19,17345,4932043,243379
9272,824,2,29,3,4741,74,Active,77,57,16,16189,6877137,347202
9273,434,5,27,2,4923,161,Sold,31,82,38,17439,5311431,150929
9274,322,7,34,5,3523,171,Active,38,92,39,15387,4859135,108452
9275,828,1,4,1,4463,96,Active,93,20,11,16229,6898739,345983
9276,449,4,8,2,4187,123,Sold,66,59,22,15112,5374437,281059
9277,157,8,26,2,3817,158,Active,32,93,37,18389,4153915,124411
9278,636,8,18,4,3281,47,Sold,35,86,53,16315,6139063,100983
9279,248,3,17,1,4210,20,Sold,58,83,19,16957,4539603,263943
9280,309,3,29,5,3571,37,Sold,61,88,25,15386,4800180,200422
9281,992,5,22,4,3429,17,Sold,32,90,53,15085,7550405,117334
9282,622,4,36,5,4262,129,Sold,72,68,19,16633,6081908,318090
9283,167,1,32,2,4891,119,Sold,92,28,7,15281,4197119,560570
9284,981,7,8,4,4205,160,Active,44,98,38,17164,7502700,137588
9285,465,4,11,3,4570,59,Sold,74,65,19,16898,5433393,257504
9286,325,7,4,5,4933,121,Active,41,82,46,15663,4872637,153022
9287,91,5,9,4,3532,32,Sold,35,92,48,18294,3887938,112374
9288,749,2,19,1,4286,67,Active,79,48,17,15717,6568406,229095
9289,258,6,28,5,4255,46,Sold,37,94,41,16534,4579657,136943
9290,499,6,13,3,3283,190,Sold,30,93,44,17803,5586408,115791
9291,328,1,2,2,4546,110,Sold,95,29,10,16752,4887938,462374
9292,1051,7,33,1,4587,90,Active,44,93,42,17375,7808280,142399
9293,147,5,4,5,4850,72,Sold,42,94,56,15153,4118811,151737
9294,619,7,14,2,4939,50,Sold,41,97,56,16488,6071557,167926
9295,334,7,29,3,3175,95,Sold,31,95,47,16718,4914041,106616
9296,139,2,37,3,4798,198,Active,74,53,18,17419,4081008,259123
9297,530,3,6,1,4017,109,Sold,56,86,26,15207,5706120,234876
9298,533,2,7,4,3435,186,Active,73,64,12,17383,5722322,203132
9299,437,6,27,3,4117,91,Sold,34,89,51,16261,5324932,140003
9300,900,6,31,1,4696,37,Sold,37,87,38,16985,7177317,168727
9301,885,8,24,4,4397,51,Active,39,94,41,15528,7121062,155452
9302,764,8,2,1,4846,170,Active,39,88,38,15216,6623762,167439
9303,549,7,20,5,4465,107,Sold,32,85,38,15655,5781278,151828
9304,969,6,17,2,4073,184,Sold,36,97,38,16079,7455445,142017
9305,85,6,16,3,4691,16,Sold,30,95,39,15951,3861386,166287
9306,740,5,25,4,4409,18,Sold,31,87,50,17023,6537803,158177
9307,922,3,36,3,4984,129,Sold,51,70,22,18302,7266876,283793
9308,709,8,8,5,4143,106,Active,38,99,40,17765,6420342,145900
9309,781,3,16,2,3254,156,Sold,57,80,20,16462,6691719,218700
9310,372,5,23,2,3737,103,Sold,39,97,37,18459,5063906,134188
9311,343,8,6,5,3541,27,Sold,40,83,41,15273,4953645,107236
9312,567,1,8,3,4698,34,Active,88,23,6,16287,5860036,568258
9313,558,1,16,2,3450,130,Sold,91,21,9,18197,5818181,284504
9314,467,4,2,1,4934,146,Sold,69,54,22,18179,5445994,290637
9315,626,5,36,3,3935,182,Sold,44,83,49,15650,6092709,136914
9316,1047,6,40,4,3390,69,Active,33,95,36,15158,7789378,107639
9317,701,7,9,3,4251,28,Sold,41,86,41,17179,6391989,145809
9318,717,6,17,5,3209,137,Sold,32,81,58,17597,6450945,103895
9319,193,2,35,4,3583,127,Sold,81,55,13,15916,4307380,209466
9320,907,3,14,3,4024,42,Sold,61,82,27,17860,7202970,282272
9321,910,8,6,1,4872,178,Sold,42,82,38,16307,7219171,160016
9322,808,3,37,3,4468,21,Sold,57,82,24,16988,6803780,257600
9323,915,4,31,2,3817,8,Sold,74,54,19,17039,7242574,298438
9324,705,4,3,2,4264,14,Sold,71,64,16,16381,6409540,316926
9325,788,2,4,2,3114,116,Sold,73,51,18,17639,6726822,191753
9326,568,7,18,2,3275,120,Sold,32,85,40,17104,5864086,109582
9327,343,2,15,1,3325,154,Sold,81,57,14,16376,4954545,187531
9328,529,2,31,4,3884,33,Sold,75,47,19,16954,5698469,275349
9329,709,8,35,1,3577,119,Sold,30,82,43,15723,6422592,112389
9330,933,3,2,4,4860,135,Active,50,78,22,15991,7314131,289454
9331,372,4,25,5,3977,123,Sold,76,64,15,17406,5063006,332133
9332,822,5,11,1,4541,150,Sold,44,94,40,17000,6865436,150225
9333,506,4,22,5,3098,178,Sold,69,55,17,16682,5610711,212490
9334,1095,8,9,4,4500,24,Active,42,85,52,15746,7997299,155601
9335,455,6,7,2,4551,181,Sold,38,80,54,15035,5392439,141181
9336,78,1,33,3,3911,67,Active,94,30,8,15100,3835283,449247
9337,820,5,21,1,3842,116,Sold,37,93,40,16103,6852835,131289
9338,515,3,22,3,4514,179,Sold,62,70,26,15876,5644014,256872
9339,938,2,40,5,3549,18,Active,80,57,14,16374,7328532,226449
9340,616,6,25,2,3476,27,Sold,42,90,42,17875,6060306,121257
9341,155,2,3,4,4495,108,Active,79,53,19,15279,4147164,257610
9342,664,3,24,3,4612,111,Sold,56,86,27,16540,6251125,299920
9343,656,3,6,4,3754,118,Sold,50,78,23,16992,6226822,231499
9344,461,5,24,2,3775,185,Active,31,82,35,17236,5419891,121208
9345,303,6,8,2,3337,147,Sold,32,89,43,17841,4774077,108780
9346,980,5,3,3,4254,181,Active,44,83,58,17330,7498649,128539
9347,903,7,9,4,3267,119,Sold,37,98,40,16886,7190819,114162
9348,330,3,6,3,4148,15,Sold,57,75,27,17156,4895589,235527
9349,351,1,6,5,4140,165,Sold,88,19,9,16966,4984698,321564
9350,53,2,23,5,3739,189,Sold,78,63,12,18113,3737623,258621
9351,175,3,22,1,3001,80,Sold,59,71,22,16118,4231773,168988
9352,438,7,26,5,4387,104,Active,42,99,56,17319,5332133,139673
9353,718,4,5,1,3010,68,Active,78,69,17,16208,6454095,207160
9354,865,8,40,3,3905,133,Sold,36,81,45,16969,7035553,118657
9355,919,4,5,1,3381,114,Sold,79,65,24,18189,7256975,214707
9356,521,4,21,2,4025,60,Sold,72,60,18,16215,5669666,289864
9357,946,2,17,3,4552,133,Sold,75,60,16,18105,7359135,321686
9358,238,1,25,5,3011,84,Sold,96,24,9,18277,4496399,248227
9359,775,2,8,1,4137,17,Sold,73,47,17,16444,6665616,257480
9360,560,4,28,4,4399,79,Sold,73,69,18,17807,5832583,351872
9361,169,8,13,4,4146,184,Active,43,82,57,17812,4207470,135450
9362,413,2,22,2,3615,81,Sold,77,58,16,18223,5233123,214607
9363,1080,5,24,1,3312,118,Sold,38,86,58,15039,7936543,100195
9364,575,1,31,2,3676,195,Active,92,32,9,18475,5894239,352832
9365,1042,3,33,4,4995,89,Sold,55,87,19,17656,7761476,339101
9366,185,7,3,3,3597,163,Active,37,91,49,15600,4273627,110967
9367,226,5,15,2,3730,16,Sold,43,89,35,18265,4448694,118166
9368,407,3,4,5,4070,141,Sold,54,85,24,17485,5210171,274963
9369,180,7,6,4,4610,138,Active,44,83,53,15871,4251125,153504
9370,321,5,24,1,3719,23,Sold,38,82,43,15299,4852385,117446
9371,61,4,8,4,4324,116,Sold,78,51,21,18456,3767326,268840
9372,880,3,12,3,4316,97,Active,64,82,26,16834,7097209,285326
9373,243,3,18,2,4963,107,Sold,57,80,26,17775,4518901,261252
9374,704,1,2,3,3475,110,Active,90,33,8,16228,6401440,268331
9375,309,3,11,1,4752,148,Active,50,75,22,17792,4800630,326573
9376,492,5,17,4,3742,25,Sold,42,86,35,16731,5549504,125754
9377,373,8,17,4,3816,92,Active,31,92,57,15862,5069306,118952
9378,478,7,9,3,3571,131,Sold,40,84,42,15523,5490549,109165
9379,234,1,30,3,4130,45,Sold,89,22,8,16238,4479297,310958
9380,32,1,5,3,4637,9,Sold,97,24,10,17018,3643564,636463
9381,508,3,19,4,4125,77,Active,53,70,20,16725,5617461,227396
9382,647,1,9,1,4766,10,Sold,99,32,7,15593,6182718,553261
9383,171,5,12,3,4048,107,Active,40,92,36,15938,4218271,124970
9384,290,5,34,3,4423,58,Sold,37,91,52,16811,4713321,149630
9385,571,5,14,3,3335,102,Sold,31,90,46,17713,5876687,101624
9386,371,2,14,5,3512,145,Sold,75,63,14,17410,5060756,191804
9387,755,8,3,1,3609,160,Active,43,84,54,16006,6590459,126452
9388,984,1,35,5,3410,47,Active,98,18,7,18108,7519351,403105
9389,506,6,26,5,4346,39,Sold,30,97,38,18466,5610261,133874
9390,966,7,35,4,4151,139,Active,37,87,41,16759,7444194,140760
9391,931,4,14,3,3059,10,Sold,77,56,24,18134,7305580,226903
9392,591,7,8,3,3957,173,Active,39,81,52,15500,5963096,120475
9393,121,6,20,4,3415,28,Sold,37,91,57,16749,4015301,114662
9394,1010,8,40,3,3941,123,Active,44,85,35,16253,7630063,127389
9395,458,8,28,4,4324,63,Active,34,99,44,16174,5401890,147128
9396,527,8,38,2,4765,131,Sold,38,86,39,15787,5691719,149726
9397,899,6,18,4,3448,71,Active,39,98,46,18084,7173717,112970
9398,429,2,12,5,3142,50,Active,80,64,17,17289,5294329,209005
9399,216,6,8,2,4464,176,Sold,31,81,39,17449,4409990,154053
9400,986,4,18,1,4986,182,Sold,66,65,22,16351,7526102,292985
9401,813,7,22,2,3880,195,Active,34,86,58,16220,6827182,122437
9402,107,2,24,3,4179,162,Active,82,64,13,15396,3956795,226243
9403,559,6,3,3,4489,141,Active,40,87,53,16861,5822682,157618
9404,802,1,1,5,3514,32,Active,93,19,11,16077,6781278,443845
9405,1078,1,25,1,4522,199,Active,89,34,11,18208,7925742,478541
9406,849,1,30,1,4081,44,Active,90,32,10,15254,6979297,397489
9407,436,4,13,2,3080,24,Active,70,68,23,18246,5319531,230692
9408,839,7,37,4,3442,149,Active,42,93,59,16722,6943294,121069
9409,84,3,21,3,3792,110,Sold,53,87,20,17637,3858235,189588
9410,953,7,23,4,3692,44,Sold,32,87,36,15160,7386588,132838
9411,916,2,36,4,4371,49,Sold,79,52,17,17877,7244374,279118
9412,89,7,15,4,3515,183,Active,35,88,53,16086,3880738,112093
9413,683,2,15,4,3483,59,Active,78,46,13,15289,6328532,246872
9414,219,8,14,1,4266,141,Sold,38,84,58,17541,4420342,146554
9415,681,4,12,3,4523,30,Sold,72,59,19,16219,6323132,355870
9416,1079,6,31,1,3588,53,Sold,40,84,35,17214,7929342,127697
9417,851,3,32,1,4475,137,Active,62,74,18,15600,6990099,232886
9418,883,5,4,2,3061,93,Sold,42,80,38,16450,7112961,101876
9419,47,7,19,1,4808,133,Sold,38,90,57,15478,3708820,159501
9420,499,6,11,1,4394,131,Active,36,91,42,17883,5584158,133042
9421,260,4,30,3,3776,196,Sold,79,64,17,16798,4588658,275752
9422,1059,2,21,3,4769,170,Sold,84,46,12,18276,7852835,363154
9423,21,5,18,1,3278,117,Active,39,81,55,15409,3598559,115746
9424,622,7,36,3,3872,150,Sold,41,81,43,17807,6083258,135582
9425,17,3,34,4,3948,15,Active,64,84,19,18472,3579207,217311
9426,750,4,10,3,4873,187,Sold,66,67,18,17048,6575157,298403
9427,791,1,4,1,3607,195,Sold,95,25,11,18424,6736273,365750
9428,530,4,8,4,3096,58,Sold,78,62,21,15131,5705220,234339
9429,416,2,26,3,4769,186,Sold,82,54,17,16034,5243024,292662
9430,848,2,40,3,3400,138,Active,74,52,19,16024,6975697,216047
9431,1075,3,19,1,4320,134,Sold,60,78,19,16961,7914941,263499
9432,681,1,27,5,3694,196,Sold,94,33,10,16458,6323582,477939
9433,1059,3,34,1,4719,133,Sold,60,84,23,17919,7852385,306486
9434,799,8,30,1,3151,67,Sold,31,84,46,17304,6773627,98122
9435,684,6,25,5,3319,19,Sold,41,92,57,18433,6333033,110503
9436,482,2,28,3,3263,178,Sold,77,56,13,15607,5509900,185688
9437,205,1,14,3,4028,52,Sold,93,25,9,15411,4366336,551896
9438,204,3,11,4,4246,57,Sold,52,85,20,17369,4355535,278375
9439,612,3,39,4,4978,63,Sold,54,74,27,18406,6043204,238992
9440,1060,4,36,5,3936,93,Sold,71,55,19,15410,7856435,294641
9441,390,8,16,3,3294,102,Active,31,87,43,18374,5139963,113412
9442,93,2,2,3,3107,179,Sold,77,60,13,16377,3894239,162761
9443,302,5,38,5,3379,73,Sold,32,96,49,17286,4770027,118927
9444,946,4,10,3,3756,178,Active,78,54,17,15669,7358235,277630
9445,23,3,15,2,4244,147,Sold,54,85,27,16256,3606210,274930
9446,323,8,17,3,3214,151,Active,42,87,58,16850,4862286,104956
9447,337,3,40,3,4490,86,Active,64,76,19,16097,4923942,279055
9448,239,8,15,2,4820,38,Sold,37,95,41,17391,4503150,162077
9449,175,3,7,3,4482,179,Sold,52,89,18,15711,4229972,284482
9450,694,1,35,4,3875,167,Sold,92,27,7,16923,6371287,387858
9451,598,1,15,5,3108,71,Active,92,30,9,16603,5988298,323224
9452,301,2,6,4,3966,162,Sold,75,50,12,17088,4769126,218698
9453,1007,5,18,5,3350,37,Sold,34,86,48,17121,7610261,112064
9454,492,3,19,4,3824,21,Sold,62,81,19,16234,5552205,231949
9455,556,1,9,4,4315,114,Sold,93,22,11,15816,5809180,501630
9456,106,7,37,4,4993,152,Active,40,82,35,17572,3947794,169033
9457,627,7,5,3,4816,51,Active,40,85,36,16256,6097209,170130
9458,78,6,12,3,4058,166,Active,44,83,57,17786,3833033,129272
9459,15,1,33,5,3006,161,Sold,95,29,10,18257,3563906,232221
9460,510,5,40,2,3315,28,Active,38,84,47,15059,5626462,108686
9461,587,5,18,1,3147,99,Sold,32,81,50,17081,5948244,98822
9462,292,2,7,2,4806,62,Sold,80,52,13,15356,4721872,339946
9463,110,2,6,5,4295,104,Sold,72,45,12,16230,3968046,225295
9464,248,5,8,2,3981,19,Sold,38,90,53,17842,4538703,122010
9465,505,1,38,2,4928,50,Sold,88,22,5,16670,5608910,503863
9466,213,4,12,1,4048,148,Active,71,58,20,17819,4396939,334181
9467,244,5,39,1,3195,97,Active,35,98,43,16949,4522052,108975
9468,630,3,35,5,3338,175,Sold,54,83,21,15417,6109360,206860
9469,912,8,22,2,3848,127,Sold,36,88,35,15797,7225472,128554
9470,136,5,23,4,4422,69,Sold,35,81,45,15233,4070207,148756
9471,467,6,22,4,4694,125,Sold,33,93,55,15711,5442394,163079
9472,571,6,24,2,4741,120,Active,34,88,55,18306,5877587,157724
9473,548,5,23,4,3190,56,Sold,44,85,49,15060,5777227,99152
9474,118,2,34,1,4799,88,Sold,73,46,13,16080,4004500,253815
9475,671,7,11,5,3854,154,Active,35,89,53,15665,6275877,126866
9476,1005,5,15,5,4385,152,Active,41,90,56,16044,7601710,132769
9477,606,8,38,5,4578,62,Active,36,98,52,17553,6021602,158207
9478,246,2,40,1,3435,114,Active,73,54,17,17871,4531953,244490
9479,820,7,32,3,3825,41,Active,38,94,46,15872,6853285,129560
9480,4,4,20,5,3989,147,Active,66,51,21,18371,3515751,303844
9481,681,8,11,1,4025,157,Sold,41,92,43,15831,6322232,140537
9482,1045,2,15,2,4746,107,Active,75,56,14,15150,7774527,335303
9483,1036,3,39,1,3506,166,Sold,63,76,27,16336,7735373,174862
9484,69,3,26,4,4665,39,Sold,56,79,20,16136,3795229,296843
9485,359,7,23,5,3796,42,Sold,33,94,38,17121,5013051,127318
9486,261,7,37,3,3202,40,Active,39,95,43,17930,4599009,97783
9487,399,4,19,4,4689,121,Sold,76,63,21,16933,5183618,391070
9488,530,5,28,3,4753,38,Active,40,91,40,17621,5709720,156412
9489,478,5,7,2,4258,13,Sold,38,95,58,15545,5496399,134008
9490,1077,8,13,5,3503,14,Sold,42,98,58,18155,7919891,123677
9491,336,2,24,3,4802,16,Active,80,52,14,18484,4921242,312516
9492,158,4,35,4,3224,36,Active,72,54,24,15660,4161116,254420
9493,913,6,14,5,4723,164,Active,34,97,49,17843,7233123,167487
9494,976,7,31,4,4233,103,Sold,33,85,44,15659,7486948,145852
9495,321,2,39,2,3635,33,Active,82,47,18,16368,4854185,212669
9496,508,2,12,1,4008,54,Active,78,59,14,17115,5617011,270808
9497,787,4,37,2,4546,49,Sold,75,52,17,17902,6723672,314815
9498,383,7,20,3,3194,55,Sold,43,98,54,17325,5112961,99583
9499,785,6,34,1,4306,45,Active,32,93,36,16714,6713321,138765
9500,194,3,29,4,4773,176,Sold,61,86,19,17419,4316381,316393
9501,605,4,9,5,4091,140,Sold,70,66,15,17560,6016651,232733
9502,693,2,34,5,3090,88,Sold,76,52,16,18364,6365436,215893
9503,461,7,7,5,3667,27,Active,35,86,52,17071,5417191,113230
9504,611,4,25,5,4245,120,Sold,69,66,18,16877,6038253,289528
9505,774,6,28,1,4581,94,Sold,37,84,52,16738,6659315,151091
9506,362,2,13,3,4693,89,Sold,74,54,15,18084,5025202,244306
9507,709,6,27,3,4439,177,Sold,37,91,49,15858,6420792,136135
9508,346,5,29,1,4551,72,Sold,39,86,37,16085,4966696,156918
9509,705,5,37,5,4391,75,Sold,35,97,57,17438,6406390,151841
9510,351,2,8,1,3568,155,Sold,79,61,18,16781,4987398,189997
9511,837,6,1,2,3394,120,Sold,36,83,46,17861,6936093,106992
9512,802,8,21,3,4615,192,Sold,32,91,47,15465,6783978,163334
9513,591,2,33,4,3718,180,Sold,83,61,16,16143,5964896,267131
9514,910,7,36,5,4915,148,Sold,37,87,47,15785,7217821,156100
9515,184,4,9,3,3031,117,Sold,74,66,17,17463,4270477,222524
9516,168,4,30,3,4903,151,Active,65,57,15,17628,4202970,364369
9517,519,7,3,5,3731,169,Sold,39,93,55,16223,5661566,119295
9518,229,5,26,2,3934,20,Active,39,93,59,17364,4459945,133245
9519,529,5,24,5,3566,33,Active,42,87,53,15790,5700720,109740
9520,773,7,5,1,3644,92,Active,41,96,55,16501,6655715,127066
9521,359,2,14,5,4456,161,Active,75,52,19,17291,5013951,334453
9522,1037,2,14,1,4009,130,Sold,78,52,19,16752,7743474,243082
9523,459,8,28,5,3060,148,Sold,31,80,53,15593,5408640,106776
9524,559,5,11,1,4532,7,Active,36,84,46,17198,5823582,160823
9525,236,3,12,5,3811,44,Active,63,84,19,18489,4489648,199013
9526,98,4,32,3,4149,113,Sold,65,66,22,18412,3913141,235597
9527,581,7,18,3,3871,30,Sold,44,96,45,15894,5923042,122827
9528,345,1,2,5,3100,159,Active,96,23,8,16830,4962646,246682
9529,699,4,13,2,4392,154,Active,71,54,21,17973,6383438,242447
9530,767,5,4,5,4162,191,Sold,36,83,43,17517,6638163,127690
9531,892,2,11,4,3109,28,Sold,83,57,16,15374,7153015,242710
9532,952,5,10,1,4961,176,Sold,34,96,55,17515,7383438,172256
9533,386,7,15,3,4851,190,Sold,37,85,53,17319,5125112,148120
9534,1000,8,38,4,3211,23,Sold,33,94,42,15435,7579657,113175
9535,1078,4,15,1,3721,62,Active,69,56,19,18359,7925292,219472
9536,382,3,19,4,3558,185,Sold,64,78,21,18247,5100360,237401
9537,263,2,17,4,4453,139,Sold,76,60,12,18219,4603060,303020
9538,65,5,18,2,4311,8,Sold,40,88,59,15572,3783978,136831
9539,164,6,9,5,3678,193,Sold,41,84,36,17885,4182268,125876
9540,778,8,29,1,3581,38,Sold,42,83,50,16364,6682268,110818
9541,1030,2,6,2,4842,17,Sold,77,46,17,16027,7707470,316041
9542,830,5,5,5,3007,187,Sold,31,85,42,15933,6909540,107031
9543,654,1,6,4,4010,40,Sold,95,18,8,15906,6218721,325422
9544,948,4,36,1,3721,48,Sold,79,65,22,15447,7368136,252356
9545,243,3,8,4,4326,181,Sold,59,77,20,17189,4519351,301533
9546,522,8,1,3,4159,198,Active,32,92,47,17942,5675067,146380
9547,296,3,31,2,4314,60,Sold,60,83,20,15065,4749774,293766
9548,140,2,30,4,4000,117,Sold,78,49,17,15296,4087308,249693
9549,844,6,24,2,4512,153,Sold,36,88,48,15319,6957695,148219
9550,654,4,35,3,3997,106,Active,73,54,17,16519,6218271,292213
9551,564,8,15,4,4738,120,Sold,39,97,45,17450,5842934,169819
9552,305,2,24,3,4206,20,Sold,75,57,17,15569,4783078,248938
9553,981,2,2,1,3239,53,Sold,78,54,13,16399,7502250,232344
9554,798,8,34,5,3097,162,Sold,38,86,39,15185,6767776,98869
9555,520,6,28,2,4690,162,Sold,42,82,50,16662,5665616,156224
9556,876,5,18,2,3401,82,Sold,33,95,35,16517,7082358,114267
9557,163,4,3,3,4545,181,Sold,78,61,23,15566,4180918,300795
9558,543,7,17,1,3302,118,Sold,30,87,40,15681,5754275,108748
9559,537,6,9,4,3966,70,Sold,31,86,43,16537,5737173,134519
9560,279,7,21,5,3789,141,Sold,44,83,57,16490,4673267,125477
9561,237,2,24,5,3053,155,Active,77,49,17,18105,4492799,157487
9562,397,2,2,5,3242,33,Sold,75,59,19,16763,5178667,206624
9563,517,1,35,2,3248,192,Sold,99,19,6,16810,5651215,384514
9564,572,8,40,3,3053,132,Active,42,88,52,16637,5881188,105359
9565,180,7,36,1,4579,182,Sold,32,84,56,17117,4252025,158012
9566,912,3,19,5,4353,45,Active,53,75,19,15554,7227722,233126
9567,492,1,19,4,4809,177,Sold,96,25,6,16504,5548604,470849
9568,1007,7,27,2,4914,93,Sold,41,94,48,15046,7609360,172943
9569,63,7,2,5,3287,80,Active,44,85,40,18363,3777227,102594
9570,671,2,31,4,4698,194,Active,81,59,15,15157,6275427,356011
9571,58,5,30,4,4795,182,Sold,39,85,58,17843,3755625,168468
9572,53,7,38,5,4327,157,Sold,36,87,38,18035,3736723,142367
9573,370,4,36,2,4680,65,Active,66,62,21,17483,5055805,389271
9574,769,3,29,5,3478,157,Active,50,88,26,16945,6643114,179877
9575,629,4,39,1,4792,59,Sold,66,62,24,17896,6103510,294583
9576,296,4,31,5,3267,174,Active,74,69,18,15355,4748874,203786
9577,114,3,11,3,3964,88,Active,54,71,20,16971,3986498,257489
9578,496,1,33,3,4814,185,Sold,92,22,5,15074,5570657,427965
9579,672,7,4,4,4550,42,Active,33,80,46,18176,6279477,141232
9580,377,7,5,4,4739,77,Sold,36,95,52,15185,5083708,155904
9581,700,1,32,3,4018,190,Sold,96,18,5,17794,6388388,339863
9582,607,6,7,1,4709,117,Active,40,96,47,15336,6024302,148258
9583,241,2,5,5,3178,8,Sold,82,46,17,16544,4511701,218616
9584,950,4,34,4,3235,11,Sold,68,59,20,17796,7373537,230696
9585,321,5,33,2,3441,52,Sold,34,83,49,16621,4850585,123497
9586,644,2,37,2,3387,86,Sold,77,52,16,17656,6168766,176651
9587,901,2,24,2,3312,127,Sold,77,55,13,16533,7183618,187809
9588,183,2,13,5,4895,142,Sold,75,50,14,17709,4264176,351271
9589,37,4,7,3,4648,90,Sold,76,63,15,15802,3666966,387813
9590,934,4,20,5,4885,25,Active,75,59,18,16672,7315031,381257
9591,928,7,34,2,3470,13,Sold,32,91,49,16510,7288928,118861
9592,212,6,23,2,3315,120,Sold,36,87,42,16000,4394239,106239
9593,632,1,1,3,3778,27,Sold,92,22,5,17527,6122862,373191
9594,738,3,8,5,3941,33,Sold,59,75,27,16725,6532403,242753
9595,606,3,2,3,3724,190,Sold,62,89,18,16555,6023402,202526
9596,997,8,24,4,4297,153,Sold,30,94,54,15500,7567056,134462
9597,36,2,9,5,4475,68,Sold,84,63,17,17023,3663366,252492
9598,208,8,22,1,4828,36,Active,36,91,36,16081,4378037,155365
9599,40,2,21,2,4117,194,Sold,73,49,15,18085,3675517,221999
9600,214,2,30,4,3642,44,Sold,73,51,14,16598,4400540,219809
9601,557,3,10,2,3903,46,Sold,56,70,18,15233,5814131,244809
9602,78,3,24,1,3853,77,Sold,62,79,27,18243,3836633,194709
9603,721,4,1,1,3160,154,Sold,79,56,20,15185,6464446,226100
9604,89,5,2,5,4301,36,Active,33,80,37,15166,3878037,134243
9605,450,1,19,4,4953,179,Sold,91,25,8,15393,5378487,615398
9606,5,4,18,4,4053,173,Sold,77,60,21,17551,3523852,310435
9607,677,5,19,4,4078,77,Sold,36,85,38,15684,6299279,133424
9608,720,6,36,5,4960,69,Sold,32,92,41,18340,6458145,152272
9609,752,3,11,1,4211,168,Sold,59,81,18,18154,6581008,218393
9610,332,6,22,4,3757,121,Active,39,97,49,16041,4905040,130879
9611,345,3,14,2,3500,122,Sold,55,76,24,17826,4963546,223384
9612,8,2,31,5,4238,59,Sold,72,49,12,17172,3535553,263624
9613,329,4,9,3,3055,26,Sold,69,59,18,16335,4891539,163959
9614,464,2,20,1,3083,197,Sold,73,48,18,17438,5429792,188644
9615,642,6,9,3,4594,62,Sold,34,94,43,16834,6157965,138785
9616,664,7,16,5,4977,119,Sold,43,86,48,18309,6252025,168083
9617,684,3,33,2,3138,71,Sold,59,79,26,17312,6333483,220704
9618,942,5,9,3,3401,71,Sold,44,84,53,18315,7347884,111179
9619,704,4,33,3,3379,97,Sold,73,55,21,15261,6400090,202671
9620,1042,7,29,3,4238,70,Sold,42,97,59,18217,7761026,147448
9621,760,4,27,4,3091,23,Sold,76,68,22,16121,6608010,211707
9622,232,4,33,1,4638,75,Sold,65,57,23,15627,4475247,369788
9623,297,4,29,4,4211,50,Sold,67,65,24,16508,4754725,277835
9624,728,2,22,1,3421,183,Active,84,45,17,16965,6496399,174832
9625,608,5,27,5,4175,9,Sold,33,87,48,16710,6028352,131037
9626,120,6,9,5,4716,109,Sold,30,89,42,15328,4009450,166314
9627,208,7,5,3,3790,87,Active,42,91,59,16922,4377137,120893
9628,784,5,3,3,4506,129,Active,37,97,53,16023,6708370,160891
9629,186,2,35,5,3747,135,Active,83,62,18,15357,4279477,217344
9630,714,5,22,4,3293,18,Active,39,90,59,15456,6440594,108438
9631,1012,1,27,2,4868,89,Sold,90,32,5,18327,7633663,616581
9632,692,4,38,1,4666,141,Sold,76,64,18,15914,6360486,359854
9633,922,3,27,1,3517,177,Sold,56,75,23,17650,7267326,173644
9634,790,8,23,3,3469,142,Sold,38,84,49,17389,6734923,113700
9635,596,6,36,4,3874,147,Active,39,84,53,15273,5982448,125990
9636,113,7,10,1,3294,155,Sold,35,90,55,15385,3981098,104202
9637,564,5,24,1,4418,196,Sold,40,95,51,15594,5840684,133247
9638,844,8,5,5,3688,56,Sold,31,87,44,16754,6958595,118518
9639,1027,6,10,5,4104,83,Active,34,85,39,17816,7690819,134225
9640,362,3,40,2,3549,76,Active,54,72,22,16265,5026552,177291
9641,639,3,7,1,4670,87,Active,53,82,26,18224,6149864,295458
9642,960,3,21,2,4053,165,Active,56,83,23,17848,7417641,255981
9643,746,8,5,2,4341,116,Active,41,82,36,15902,6555805,144859
9644,789,7,28,5,3064,127,Sold,33,83,49,16831,6731773,100855
9645,582,3,32,1,4060,31,Sold,53,76,23,15602,5928442,204052
9646,792,3,21,5,4141,27,Sold,58,74,25,17970,6743024,274101
9647,508,1,35,1,3720,24,Sold,93,31,8,18386,5620162,390981
9648,272,6,19,1,3744,97,Sold,41,85,39,15347,4647164,119209
9649,149,4,31,3,4540,138,Sold,66,55,15,17429,4126012,251269
9650,62,7,34,2,4976,96,Active,38,99,59,16050,3775427,157112
9651,714,1,30,3,4375,34,Sold,91,32,5,15378,6439693,556970
9652,1053,1,40,5,4040,148,Sold,91,21,6,18095,7819081,329512
9653,538,3,6,2,4956,100,Sold,51,85,21,16468,5740324,293871
9654,458,3,35,5,3861,66,Sold,53,74,25,17005,5405940,204170
9655,642,6,34,4,4047,71,Sold,32,89,50,15119,6158865,145093
9656,751,6,20,2,3069,48,Sold,38,81,51,17808,6576507,109625
9657,776,8,13,1,4607,178,Sold,31,99,52,16019,6668316,161346
9658,595,5,6,5,3544,49,Sold,38,83,40,15978,5978847,114407
9659,32,7,34,1,4125,73,Sold,40,87,54,17585,3647614,147205
9660,139,8,28,5,4576,63,Active,39,91,46,15573,4083708,144959
9661,537,7,19,4,4824,169,Sold,39,94,39,18079,5737623,146215
9662,397,3,34,4,4881,151,Sold,63,79,23,17673,5172817,240270
9663,342,3,40,5,3653,140,Active,58,77,24,15398,4947344,224955
9664,835,6,22,4,3581,51,Active,44,90,59,18376,6927542,114563
9665,971,6,11,2,4997,117,Sold,40,83,55,16633,7468496,174445
9666,290,1,7,5,3551,104,Sold,88,21,6,16908,4714221,409137
9667,968,6,39,4,4980,73,Active,42,90,47,17208,7453645,170774
9668,1014,3,5,4,4233,59,Sold,51,82,23,15154,7639963,292233
9669,439,4,15,5,4650,128,Active,65,57,17,17376,5334833,269302
9670,412,6,34,4,4581,91,Sold,35,85,39,15840,5227272,142671
9671,704,8,34,4,3842,186,Sold,37,85,51,17670,6405940,133002
9672,1087,7,13,1,4961,52,Active,34,89,37,17478,7961746,163505
9673,848,3,40,3,4853,60,Sold,50,84,22,16301,6971647,300327
9674,955,4,5,4,3999,64,Sold,75,64,19,17366,7398739,320968
9675,566,3,23,5,4030,177,Sold,53,77,20,16021,5853735,282783
9676,519,4,6,5,3758,155,Sold,78,53,17,17046,5662016,253550
9677,983,4,5,4,3374,179,Active,76,62,21,16144,7514401,204166
9678,673,4,29,5,3999,176,Active,66,64,17,18150,6287128,281736
9679,984,7,18,1,3032,115,Sold,41,82,51,16642,7521602,93398
9680,999,6,31,3,4287,26,Active,42,93,39,18391,7572907,138119
9681,656,3,18,4,3945,53,Sold,58,72,25,17532,6225922,236410
9682,462,8,12,3,4223,70,Active,34,98,51,16764,5423942,135280
9683,593,7,34,5,3118,161,Active,36,80,43,16076,5971647,101029
9684,879,8,9,2,3151,62,Sold,39,95,57,16129,7095409,105458
9685,110,3,9,1,3181,33,Active,50,70,26,17306,3966696,164414
9686,169,6,38,1,3112,107,Sold,34,97,52,15476,4205670,104781
9687,1090,1,32,4,4670,35,Sold,90,22,5,16901,7969396,431788
9688,418,4,5,4,4841,178,Active,71,61,19,17922,5249774,255999
9689,638,8,16,5,3454,77,Sold,39,91,54,15962,6144464,107668
9690,774,2,6,3,4601,45,Sold,77,56,16,16762,6661116,299100
9691,817,3,3,3,3150,116,Sold,59,81,25,15708,6843384,169233
9692,654,7,23,5,3131,197,Active,36,87,36,16176,6216471,107982
9693,199,3,25,5,4617,67,Active,64,88,24,18266,4334833,306569
9694,443,2,16,2,3060,54,Sold,81,46,13,18169,5350585,213994
9695,639,5,24,4,3444,147,Sold,35,84,52,17274,6148064,121077
9696,884,3,28,1,4275,188,Active,57,85,18,15181,7117011,290208
9697,1035,3,27,3,3091,190,Sold,57,71,21,16267,7729522,211899
9698,67,3,10,4,4155,134,Sold,52,75,25,17841,3788478,200876
9699,297,2,13,5,4934,118,Sold,72,63,18,15181,4755175,252362
9700,1032,8,5,5,4773,51,Active,38,87,56,16239,7714221,167924
9701,690,4,34,3,3166,33,Sold,75,67,16,17642,6354185,218894
9702,690,8,26,5,4868,113,Active,41,94,53,15668,6352835,157343
9703,650,5,19,1,4125,69,Sold,40,97,44,15144,6199369,140778
9704,106,8,8,3,4899,172,Sold,40,96,35,16337,3948244,147783
9705,612,4,3,1,4762,22,Active,67,60,18,15350,6040504,313423
9706,305,8,40,4,4980,177,Sold,31,92,45,15057,4784428,167926
9707,1069,3,37,1,4376,180,Active,52,72,27,16714,7885688,235128
9708,615,1,4,3,3536,183,Sold,94,21,8,15681,6056705,379837
9709,588,4,1,1,3384,189,Sold,75,60,22,16177,5953195,261208
9710,322,6,16,5,4637,47,Sold,32,89,38,15936,4858685,147132
9711,937,1,14,1,3213,197,Sold,98,20,6,15127,7327182,384524
9712,107,2,10,3,4429,19,Sold,73,53,19,18425,3957695,292495
9713,102,4,8,5,4948,103,Sold,74,63,24,16862,3928442,277313
9714,103,7,19,1,3845,27,Sold,38,98,41,15274,3933843,121294
9715,968,1,2,3,3011,162,Active,98,24,5,16308,7452745,331052
9716,418,3,17,4,4307,42,Sold,53,86,23,16404,5249324,273553
9717,102,2,10,3,3959,35,Sold,77,54,13,17740,3931143,304267
9718,913,3,30,1,4480,60,Active,50,89,23,16270,7234023,257231
9719,302,8,25,5,3493,50,Sold,30,83,52,17341,4770927,108996
9720,19,3,22,2,3306,127,Active,54,85,21,15044,3585058,202666
9721,1015,2,21,4,4376,147,Sold,74,49,17,18071,7642214,326121
9722,1006,7,14,1,4918,189,Sold,31,99,44,17545,7607560,170428
9723,56,8,25,4,4336,114,Sold,35,93,44,15242,3748874,154318
9724,462,5,7,1,3538,143,Active,39,86,44,18127,5425742,106324
9725,501,1,2,4,3003,169,Sold,90,18,9,15326,5591359,290856
9726,796,5,36,2,3790,61,Active,39,91,58,18291,6762826,118635
9727,1073,7,39,3,4263,179,Active,34,89,41,17203,7905940,147952
9728,669,8,16,4,4724,104,Active,35,83,44,15745,6270477,150176
9729,113,8,30,3,4331,13,Sold,44,81,50,15115,3979747,139675
9730,741,2,30,2,3112,9,Sold,73,55,14,16952,6541854,218267
9731,533,5,36,5,3824,119,Sold,37,94,49,15464,5716921,136173
9732,238,6,5,1,3006,176,Active,41,80,56,18246,4493249,107861
9733,413,6,24,3,4300,38,Sold,39,89,56,15909,5234023,132500
9734,286,2,9,5,3564,114,Active,79,49,18,15274,4698469,226468
9735,678,1,11,5,3766,119,Sold,95,19,11,18382,6304230,503495
9736,473,8,21,4,3552,120,Active,37,94,48,17264,5469396,122942
9737,190,5,36,2,3991,147,Sold,41,88,43,18099,4297929,141768
9738,668,6,31,2,3300,70,Sold,37,90,42,17675,6265526,100723
9739,423,3,24,5,3186,178,Sold,57,83,20,16954,5267776,164500
9740,828,4,21,4,4468,71,Sold,65,59,17,16468,6894689,243108
9741,73,2,23,4,4228,55,Sold,72,60,14,16506,3813231,307716
9742,1002,3,6,3,4362,93,Sold,57,74,26,17143,7590459,268266
9743,197,5,35,3,4169,31,Sold,32,80,40,17037,4325832,143247
9744,182,4,3,5,3225,52,Active,70,65,23,16582,4261476,191436
9745,652,5,25,3,4525,71,Sold,37,94,41,15065,6212871,145017
9746,59,2,3,5,4978,33,Sold,73,62,15,17519,3757875,338383
9747,760,2,17,4,3527,61,Active,79,47,14,16944,6609810,245399
9748,870,3,15,1,3629,161,Active,63,82,27,17425,7055355,188871
9749,153,6,21,4,4826,139,Active,39,92,57,18251,4139963,149432
9750,216,3,7,5,3123,48,Sold,58,73,27,16262,4409090,159778
9751,514,8,24,2,4064,182,Active,34,96,57,17351,5641314,143337
9752,151,5,10,3,4066,121,Active,35,90,44,17402,4132763,136569
9753,978,5,17,3,4498,72,Sold,42,95,42,18215,7492799,160956
9754,454,8,31,5,3578,196,Sold,42,99,44,18443,5391089,127642
9755,181,1,27,2,4485,80,Active,94,30,8,17132,4256075,480613
9756,436,6,26,1,3598,168,Active,38,81,59,17738,5320432,115409
9757,567,6,22,4,4112,13,Active,31,93,42,17182,5856435,137530
9758,176,8,21,5,4939,129,Sold,36,93,36,17690,4237623,167383
9759,122,8,5,2,3003,180,Sold,37,94,47,15333,4018901,100594
9760,524,2,22,2,4171,149,Active,73,61,18,17224,5683618,292554
9761,461,6,6,5,3102,115,Active,44,83,52,17733,5416741,104525
9762,499,6,35,5,3653,149,Sold,32,80,41,18308,5585958,111183
9763,144,1,27,2,4523,47,Sold,92,33,7,17581,4101710,595702
9764,639,4,8,1,4059,67,Sold,69,66,20,17118,6150315,244124
9765,1087,6,2,2,3845,108,Active,44,98,58,16838,7960396,130768
9766,665,3,37,2,3575,178,Sold,63,83,20,17774,6255625,186323
9767,889,1,19,4,4619,48,Sold,90,29,11,15009,7135463,575989
9768,910,7,7,5,3549,199,Sold,40,93,46,18477,7217371,120971
9769,338,8,23,4,4387,73,Sold,34,96,39,17555,4933843,156335
9770,397,6,3,4,4629,134,Active,44,83,39,18016,5175967,160636
9771,198,8,37,3,3328,52,Active,31,92,41,15375,4328082,110410
9772,175,1,32,5,4752,179,Sold,92,34,7,17456,4232673,375491
9773,69,3,33,5,3320,192,Active,58,78,23,17100,3795679,224007
9774,775,7,32,5,4648,102,Active,38,89,56,17741,6667416,158553
9775,836,7,24,2,3704,82,Active,32,91,52,17863,6932043,131425
9776,214,5,32,3,3379,42,Sold,43,80,59,17495,4399189,111629
9777,127,3,36,4,4265,154,Sold,50,81,26,16892,4036453,245214
9778,615,6,11,2,3367,61,Sold,42,82,46,18077,6058955,113542
9779,824,6,14,2,3744,45,Sold,43,97,56,16465,6875787,114918
9780,681,6,31,2,3725,30,Sold,38,81,51,16805,6319081,131977
9781,723,6,15,1,3918,81,Active,40,89,43,17887,6473447,121137
9782,552,7,9,5,4159,178,Active,30,81,44,17867,5792079,136715
9783,1061,1,26,1,3494,153,Sold,96,18,11,16600,7857785,470616
9784,426,3,2,1,4688,139,Sold,51,89,19,16901,5277227,292321
9785,43,1,7,4,4831,130,Sold,98,19,5,15848,3694869,371588
9786,370,8,37,2,3978,142,Active,32,89,48,17786,5057605,131139
9787,934,5,37,1,3606,125,Sold,38,80,47,15582,7317731,117743
9788,1008,5,11,1,4225,99,Active,35,88,53,15013,7617911,136248
9789,995,5,34,3,3396,183,Active,30,80,57,18433,7558955,102872
9790,1048,4,4,5,3758,171,Sold,69,67,18,17631,7793879,265204
9791,685,8,5,1,3396,78,Sold,34,85,43,15391,6337083,113766
9792,979,3,39,5,4578,151,Active,56,73,19,15543,7495499,220037
9793,744,6,23,3,4454,110,Sold,37,90,42,15998,6550855,140132
9794,362,6,8,2,4270,144,Sold,31,93,52,16850,5027452,134189
9795,811,5,29,2,3628,197,Sold,41,97,48,17176,6817731,119869
9796,18,4,24,4,4108,147,Active,67,60,16,15567,3582358,297049
9797,525,7,12,1,3552,179,Active,35,92,51,17138,5684968,110631
9798,338,8,31,1,4159,56,Active,35,95,42,16344,4933393,149042
9799,461,6,1,5,3414,162,Active,36,80,51,16106,5418091,118671
9800,409,6,32,1,3155,41,Sold,35,96,51,15158,5217821,100764
9801,736,7,8,5,4871,142,Active,34,83,49,16706,6523852,169345
9802,435,7,4,1,3291,9,Sold,34,96,41,18389,5319081,110018
9803,880,8,34,3,4238,198,Sold,32,89,35,16196,7099009,144287
9804,310,4,8,4,4562,49,Sold,69,51,19,17044,4810081,288667
9805,774,1,15,4,3767,39,Sold,88,20,11,18082,6659765,399829
9806,841,5,4,4,3810,47,Active,41,82,50,16379,6949144,130866
9807,900,5,8,3,3885,125,Sold,30,96,50,15353,7180468,130963
9808,1,2,11,3,4778,76,Sold,75,48,18,16073,3504500,253052
9809,899,3,10,1,3963,43,Active,51,88,22,16335,7175067,255801
9810,368,7,40,4,4606,20,Sold,37,93,50,15457,5047704,152882
9811,220,4,21,5,4224,144,Sold,68,53,23,18480,4426192,269246
9812,120,2,17,3,4751,118,Active,80,62,14,17090,4013051,334326
9813,956,6,35,3,4899,101,Sold,44,93,44,15486,7403690,150331
9814,707,4,37,5,4256,179,Sold,78,54,19,17326,6414941,350965
9815,384,4,2,4,4577,93,Active,73,56,15,15095,5118361,347607
9816,391,3,5,2,4720,50,Sold,51,84,23,16703,5144464,271283
9817,449,4,4,3,3093,53,Sold,69,56,17,16535,5373087,184975
9818,566,8,17,5,3687,48,Sold,40,92,59,15660,5855985,111871
9819,857,3,21,2,4906,57,Sold,62,83,18,16426,7010801,286432
9820,153,7,26,3,3565,82,Sold,44,94,47,16615,4141314,126479
9821,35,7,28,1,3976,91,Active,33,97,58,15385,3660666,135049
9822,652,8,38,4,3187,46,Sold,31,89,49,16223,6211971,105426
9823,191,7,14,5,4167,39,Sold,40,81,54,15520,4300180,128794
9824,551,3,18,1,4492,35,Active,56,75,18,15724,5790729,228826
9825,426,2,3,3,3118,74,Sold,76,54,18,18429,5278127,214602
9826,871,8,33,2,4761,107,Active,36,87,50,15366,7058955,156999
9827,122,5,23,5,4330,69,Active,37,90,43,15415,4020252,144250
9828,954,7,28,4,4401,34,Active,44,91,38,15950,7394239,138183
9829,528,1,17,2,4775,174,Active,91,27,6,18419,5696669,624260
9830,230,6,38,5,4662,100,Sold,30,81,56,16959,4463096,143972
9831,1014,8,16,3,3297,156,Sold,35,90,51,17338,7640864,117142
9832,9,1,27,2,3583,120,Sold,99,20,5,17564,3540504,334760
9833,542,8,10,4,3962,146,Active,34,94,40,16563,5752475,121879
9834,1033,3,14,3,3743,98,Sold,63,70,25,15684,7721422,207751
9835,797,5,25,4,3740,73,Active,34,96,45,17886,6763726,116568
9836,97,7,37,5,3238,152,Active,31,81,42,16215,3907740,116147
9837,926,3,33,1,3716,32,Sold,55,75,27,17580,7278577,204850
9838,249,7,9,4,4849,105,Sold,43,99,43,18424,4543654,171053
9839,321,7,8,3,3516,184,Sold,38,97,55,15853,4851485,126456
9840,317,8,4,5,3977,71,Sold,33,82,41,16111,4835283,136785
9841,666,8,22,4,3655,118,Active,38,93,52,16971,6258775,118992
9842,645,2,2,3,4539,65,Sold,84,57,13,15337,6173717,325978
9843,192,7,30,3,3059,93,Active,33,91,37,18214,4305130,107671
9844,808,1,28,3,4188,171,Sold,95,22,5,18336,6806930,574028
9845,109,4,40,3,4474,133,Sold,75,50,21,18267,3965346,362271
9846,965,3,9,5,4365,38,Sold,57,74,19,17033,7439243,283718
9847,752,2,24,2,4183,187,Active,74,63,12,18192,6580558,272325
9848,578,4,14,2,4071,81,Sold,78,68,24,18433,5909990,268926
9849,766,8,35,1,4361,67,Active,33,98,45,16653,6632313,136185
9850,43,6,7,2,3922,37,Sold,31,93,43,18417,3693519,119456
9851,285,8,2,3,4825,75,Sold,36,85,47,18225,4693519,161338
9852,960,5,22,3,3482,22,Sold,38,81,44,17131,7418091,118409
9853,295,4,36,2,3936,66,Active,70,63,22,16925,4745724,324094
9854,212,4,2,3,3772,38,Sold,78,52,15,16736,4391539,224896
9855,184,1,9,2,3070,129,Sold,91,24,9,17310,4269576,414880
9856,704,1,32,3,3990,139,Sold,89,24,9,15358,6402790,307021
9857,39,3,40,3,4629,73,Sold,63,82,27,17619,3672817,321719
9858,424,4,18,2,4962,164,Sold,75,65,17,18168,5269576,338743
9859,179,8,35,1,4952,161,Sold,44,95,36,17414,4249774,155463
9860,500,3,11,1,3919,83,Active,52,71,27,17993,5590009,267545
9861,578,1,9,2,4885,144,Sold,92,27,8,15551,5909090,503302
9862,341,7,3,4,3116,196,Sold,39,82,50,15609,4944194,111191
9863,724,3,9,2,4394,40,Sold,61,79,20,17112,6476147,243744
9864,630,7,5,4,3086,57,Sold,38,84,51,16040,6111611,101171
9865,53,7,34,2,3061,112,Sold,42,82,58,17065,3735373,107857
9866,307,7,18,2,4679,138,Active,30,83,35,18169,4793429,158300
9867,971,3,6,5,3653,50,Sold,60,80,22,17694,7467596,179389
9868,333,4,33,4,3990,128,Sold,69,68,24,17677,4907290,294927
9869,892,7,9,3,3134,56,Sold,33,87,51,16490,7150765,102407
9870,20,3,22,5,4141,98,Active,57,89,19,15201,3592709,268257
9871,88,7,18,5,3540,176,Active,37,94,53,17404,3874437,106441
9872,1056,6,5,2,3257,188,Sold,44,98,37,16203,7838883,112393
9873,110,8,18,2,3394,125,Active,31,98,42,17353,3971197,118675
9874,608,4,16,3,4636,164,Active,74,57,23,18307,6027902,311588
9875,785,8,1,3,4496,136,Sold,30,87,49,16873,6712871,138531
9876,785,8,27,5,3556,95,Sold,31,95,36,17379,6716471,118450
9877,710,4,2,1,3750,135,Sold,71,52,16,17092,6424842,240568
9878,417,1,26,1,3975,32,Sold,93,25,7,18196,5245724,425315
9879,156,7,20,4,3174,20,Active,36,90,42,15316,4151665,103130
9880,564,3,14,1,4761,123,Sold,57,87,21,17261,5845634,250208
9881,387,7,16,2,3062,23,Sold,36,90,44,18202,5130063,101089
9882,311,2,18,2,3692,104,Sold,73,60,12,17958,4811431,268457
9883,336,7,12,2,3826,99,Active,42,98,59,18089,4921692,133007
9884,877,8,15,4,4190,189,Active,34,84,37,16439,7088658,145611
9885,255,3,9,5,3076,154,Active,54,88,23,16749,4568856,168791
9886,840,3,20,2,3421,148,Sold,53,88,26,15835,6945994,169014
9887,92,2,6,5,3282,191,Sold,77,61,14,15301,3890639,167058
9888,670,2,17,3,3360,58,Sold,81,47,18,17426,6273627,183851
9889,895,8,18,1,4901,10,Active,32,85,52,16176,7161566,153166
9890,708,7,19,1,4054,120,Active,41,80,37,18260,6418091,125512
9891,706,4,36,2,4019,186,Sold,77,51,20,16484,6414041,275436
9892,636,6,12,2,3814,152,Sold,41,93,57,15815,6138613,125923
9893,78,8,5,3,3728,129,Sold,40,94,59,16098,3831683,114397
9894,525,5,35,3,3673,112,Active,37,93,54,18431,5685418,132081
9895,882,3,38,4,3826,181,Active,60,85,27,15899,7108910,251549
9896,585,7,20,3,3665,71,Sold,31,81,38,17897,5939693,113725
9897,494,1,25,3,4311,119,Sold,93,21,6,16019,5559855,368159
9898,837,8,35,3,4887,107,Sold,33,91,50,17975,6934293,159736
9899,923,1,20,3,3079,172,Active,96,22,11,17300,7269576,421361
9900,1033,7,24,2,3430,172,Sold,42,89,37,17711,7719171,105088
9901,246,5,33,3,3914,30,Active,37,82,43,16621,4533753,139401
9902,165,5,5,4,3685,48,Sold,31,84,37,17168,4187218,122725
9903,613,3,23,1,3567,164,Active,53,85,25,17517,6048604,197081
9904,367,6,8,4,3586,10,Sold,39,96,36,18180,5045004,121106
9905,8,6,6,1,3539,19,Sold,40,83,52,17489,3537353,123759
9906,830,6,35,5,3006,74,Sold,43,91,52,18443,6909990,91292
9907,492,2,19,1,3680,25,Sold,73,63,19,18410,5548154,272963
9908,374,4,36,1,4082,189,Sold,75,64,18,16176,5072457,229392
9909,552,2,12,2,4384,55,Sold,79,62,17,16964,5793879,280390
9910,332,7,4,3,3166,187,Active,42,86,59,15093,4904590,110937
9911,146,7,34,4,3300,149,Active,32,94,45,17632,4113411,104676
9912,1053,8,34,4,4480,20,Sold,33,80,47,17859,7819531,154900
9913,161,6,33,3,4530,47,Active,35,84,40,16599,4174617,154727
9914,717,7,25,1,3348,102,Sold,32,95,57,16148,6449594,101531
9915,699,4,39,2,3595,96,Sold,78,52,24,15255,6383888,274034
9916,650,6,36,4,3133,59,Sold,36,90,53,18112,6204320,102330
9917,348,5,3,3,3826,117,Sold,38,86,36,15980,4972997,116356
9918,931,2,32,2,4627,41,Sold,76,63,12,16471,7304680,240028
9919,635,2,26,4,4111,39,Active,76,49,14,17272,6132763,264771
9920,234,5,37,3,3985,147,Sold,41,88,37,16508,4482898,124730
9921,469,3,26,3,3713,60,Sold,53,77,24,15837,5456795,201643
9922,152,8,15,4,3843,53,Sold,37,87,37,15209,4135463,126558
9923,57,7,25,2,4228,125,Sold,30,86,37,15531,3752475,128007
9924,25,7,37,3,4063,147,Sold,40,86,40,16573,3614761,140547
9925,122,6,5,1,3852,190,Sold,42,86,35,16533,4021602,122239
9926,514,5,32,3,4409,94,Active,33,89,47,18385,5639513,142181
9927,461,3,13,5,3901,123,Sold,56,81,20,16898,5417641,223999
9928,1008,2,19,2,3801,131,Sold,72,60,18,17985,7615661,236185
9929,847,8,13,2,4475,32,Sold,32,84,55,15975,6971197,153430
9930,383,5,7,5,4297,142,Sold,44,81,37,16327,5106210,148229
9931,953,3,33,5,3070,186,Sold,62,86,20,16393,7385688,149354
9932,408,2,13,4,4029,135,Sold,78,58,13,17472,5214671,242140
9933,401,4,38,2,4224,46,Sold,70,51,24,15833,5191719,333926
9934,888,8,5,2,3616,70,Sold,39,95,46,15829,7130963,122647
9935,282,5,22,2,3157,109,Sold,39,80,48,17151,4683168,108948
9936,68,5,7,5,3642,82,Active,35,99,46,18082,3792979,126516
9937,796,2,9,2,3334,29,Sold,81,51,13,15191,6760126,215494
9938,310,3,7,3,3493,15,Sold,51,78,19,15477,4810531,207344
9939,635,5,15,3,4812,141,Sold,39,83,40,18096,6135013,162713
9940,1008,7,9,2,3800,109,Sold,42,92,36,15395,7614761,122679
9941,1017,2,20,1,3116,163,Sold,72,64,14,17907,7649414,199780
9942,797,8,11,4,3058,199,Sold,34,92,49,18307,6764626,108351
9943,149,2,26,1,3869,111,Sold,72,62,16,16047,4127362,256617
9944,988,8,31,3,4950,75,Active,42,90,49,17647,7537353,162360
9945,205,1,26,2,3771,21,Sold,90,22,8,16970,4363636,492917
9946,767,1,29,1,4134,12,Sold,92,21,7,16607,6637713,532780
9947,867,4,25,1,4889,40,Active,70,67,22,15099,7043654,336583
9948,50,6,37,1,3808,193,Sold,32,88,59,16852,3723672,116708
9949,154,4,40,5,4027,92,Sold,74,52,21,16572,4145364,233278
9950,52,5,39,3,4011,70,Sold,32,98,49,17709,3730423,121108
9951,1037,8,10,1,3169,135,Sold,36,97,57,15490,7741674,113178
9952,1046,2,2,2,3430,196,Active,83,53,13,15438,7780378,238160
9953,91,5,22,4,4304,28,Sold,40,97,50,15649,3885688,150080
9954,471,6,27,3,4090,119,Sold,37,88,59,18092,5464446,122798
9955,1088,7,1,4,4794,161,Sold,42,95,36,16718,7962646,161980
9956,1032,5,23,2,3830,196,Sold,32,91,44,17988,7715571,131744
9957,62,5,13,1,4038,63,Sold,41,85,47,17404,3774077,139997
9958,408,3,35,5,3909,38,Sold,55,89,24,17822,5216021,269339
9959,408,1,32,3,4341,35,Sold,88,22,5,15865,5214221,416031
9960,862,6,14,4,4821,71,Sold,43,99,50,16547,7027902,152363
9961,1080,8,15,3,4801,192,Sold,44,95,44,16012,7930243,149446
9962,292,8,5,5,4755,23,Sold,43,95,42,16996,4724122,168974
9963,387,8,12,3,4161,148,Sold,33,96,44,15964,5130963,134683
9964,386,8,30,1,4203,56,Sold,32,88,36,18348,5126012,143272
9965,950,4,22,2,3448,69,Active,70,61,23,17431,7372637,281269
9966,522,1,28,1,3227,92,Sold,94,27,7,18115,5674167,393089
9967,207,1,22,2,4787,111,Sold,92,25,8,18124,4373537,597310
9968,686,8,28,1,3495,98,Sold,35,81,52,16900,6340684,108030
9969,1095,5,8,4,4999,91,Sold,37,94,35,15362,7993249,175815
9970,927,6,29,1,4181,144,Sold,40,95,37,15762,7288028,142330
9971,658,7,36,1,3119,147,Sold,33,82,56,15393,6234473,99746
9972,573,4,24,3,3804,80,Sold,79,66,21,15913,5882538,272431
9973,995,6,35,2,3783,187,Sold,44,96,38,15962,7561656,130967
9974,1080,6,32,4,3162,122,Sold,42,92,53,16002,7936093,95853
9975,446,1,27,2,4309,32,Active,89,28,8,16660,5363186,433022
9976,244,2,23,5,3905,61,Active,76,54,17,16880,4525652,209725
9977,1059,2,7,5,3095,189,Sold,82,46,12,15348,7850585,234320
9978,4,4,34,1,3597,142,Sold,71,60,17,15125,3517101,272865
9979,26,5,18,3,4920,193,Sold,33,91,50,17371,3619711,156476
9980,647,6,30,4,3240,131,Active,34,94,55,17059,6181818,101645
9981,994,8,6,5,3796,16,Active,38,90,41,16506,7554905,123772
9982,807,4,33,1,4835,136,Active,77,63,18,18210,6802880,363631
9983,536,7,6,4,4329,49,Sold,33,89,58,15569,5732673,141792
9984,719,6,38,1,4734,144,Sold,34,92,49,17972,6455445,154849
9985,928,7,6,1,3753,115,Sold,35,81,38,17860,7292529,121207
9986,781,7,26,2,4040,63,Sold,41,90,47,16319,6689468,135348
9987,706,5,15,1,3840,34,Sold,36,84,37,18376,6410891,136996
9988,110,8,21,3,3238,128,Sold,41,91,43,17515,3969396,116542
9989,310,3,30,2,3676,37,Active,50,88,25,15030,4806030,236723
9990,794,2,19,3,4302,177,Sold,74,53,19,16530,6752475,255258
9991,558,3,11,2,4981,76,Sold,53,81,19,17747,5817281,332444
9992,274,3,9,4,4550,130,Sold,51,71,24,17615,4656615,290195
9993,917,6,16,1,4118,45,Active,43,99,57,15653,7250225,127617
9994,657,2,1,3,3374,66,Active,79,59,12,17138,6229522,186743
9995,192,7,7,4,3059,104,Sold,31,82,49,17095,4303780,100237
9996,394,5,16,2,4542,91,Sold,31,98,35,15301,5159765,137677
9997,426,4,40,1,4099,92,Sold,71,59,16,17934,5283078,268480
9998,1035,1,35,1,4722,191,Sold,94,29,6,18435,7734473,624803
9999,815,3,29,1,3374,121,Sold,58,71,21,16585,6835733,212859
10000,196,7,36,4,3557,178,Sold,35,86,51,18018,4321332,120781
